Document Number,System Notes : Field,System Notes : New Value,System Notes : Set by,System Notes : Date
PO1,Approval Status,Pending Approval,Employee E012,7/2/2026 10:04 am
PO1,Approval Status,Approved,Employee E036,7/2/2026 12:04 pm
PO2,Approval Status,Pending Approval,Employee E018,7/6/2026 11:27 am
PO2,Approval Status,Approved,Employee E024,7/6/2026 1:27 pm
PO3,Approval Status,Pending Approval,Employee E035,8/5/2026 7:32 am
PO3,Approval Status,Approved,Employee E021,8/5/2026 9:32 am
PO4,Approval Status,Pending Approval,Employee E005,9/2/2026 10:44 am
PO4,Approval Status,Approved,Employee E036,9/2/2026 12:44 pm
PO5,Approval Status,Pending Approval,Employee E007,7/2/2026 10:35 am
PO5,Approval Status,Approved,Employee E023,7/2/2026 12:35 pm
PO6,Approval Status,Pending Approval,Employee E031,8/17/2026 1:34 pm
PO6,Approval Status,Approved,Employee E022,8/17/2026 3:34 pm
PO7,Approval Status,Pending Approval,Employee E017,9/14/2026 7:31 am
PO7,Approval Status,Approved,Employee E039,9/14/2026 9:31 am
PO8,Approval Status,Pending Approval,Employee E035,7/2/2026 11:48 am
PO8,Approval Status,Approved,Employee E020,7/2/2026 1:48 pm
PO9,Approval Status,Pending Approval,Employee E031,9/28/2026 1:03 pm
PO9,Approval Status,Approved,Employee E021,9/28/2026 3:03 pm
PO10,Approval Status,Pending Approval,Employee E037,8/3/2026 2:29 pm
PO10,Approval Status,Approved,Employee E019,8/3/2026 4:29 pm
PO11,Approval Status,Pending Approval,Employee E005,7/26/2026 7:36 am
PO11,Approval Status,Approved,Employee E006,7/26/2026 9:36 am
PO12,Approval Status,Pending Approval,Employee E002,8/13/2026 2:02 pm
PO12,Approval Status,Approved,Employee E020,8/13/2026 4:02 pm
PO13,Approval Status,Pending Approval,Employee E003,9/14/2026 7:55 am
PO13,Approval Status,Approved,Employee E006,9/14/2026 9:55 am
PO14,Approval Status,Pending Approval,Employee E003,8/27/2026 10:20 am
PO14,Approval Status,Approved,Employee E022,8/27/2026 12:20 pm
PO15,Approval Status,Pending Approval,Employee E027,9/20/2026 9:25 am
PO15,Approval Status,Approved,Employee E022,9/20/2026 11:25 am
PO16,Approval Status,Pending Approval,Employee E025,8/9/2026 8:14 am
PO16,Approval Status,Approved,Employee E015,8/9/2026 10:14 am
PO17,Approval Status,Pending Approval,Employee E026,9/9/2026 7:14 am
PO17,Approval Status,Approved,Employee E022,9/9/2026 9:14 am
PO18,Approval Status,Pending Approval,Employee E011,8/23/2026 2:10 pm
PO18,Approval Status,Approved,Employee E013,8/23/2026 4:10 pm
PO19,Approval Status,Pending Approval,Employee E027,7/27/2026 10:44 am
PO19,Approval Status,Approved,Employee E008,7/27/2026 12:44 pm
PO20,Approval Status,Pending Approval,Employee E017,9/7/2026 8:54 am
PO20,Approval Status,Approved,Employee E021,9/7/2026 10:54 am
PO21,Approval Status,Pending Approval,Employee E005,9/20/2026 11:56 am
PO21,Approval Status,Approved,Employee E021,9/20/2026 1:56 pm
PO22,Approval Status,Pending Approval,Employee E028,8/13/2026 11:57 am
PO22,Approval Status,Approved,Employee E015,8/13/2026 1:57 pm
PO23,Approval Status,Pending Approval,Employee E037,9/8/2026 11:47 am
PO23,Approval Status,Approved,Employee E021,9/8/2026 1:47 pm
PO24,Approval Status,Pending Approval,Employee E002,7/29/2026 6:28 am
PO24,Approval Status,Approved,Employee E006,7/29/2026 8:28 am
PO25,Approval Status,Pending Approval,Employee E033,7/23/2026 9:54 am
PO25,Approval Status,Approved,Employee E013,7/23/2026 11:54 am
PO26,Approval Status,Pending Approval,Employee E014,9/30/2026 6:33 am
PO26,Approval Status,Approved,Employee E019,9/30/2026 8:33 am
PO27,Approval Status,Pending Approval,Employee E038,8/13/2026 6:44 am
PO27,Approval Status,Approved,Employee E024,8/13/2026 8:44 am
PO28,Approval Status,Pending Approval,Employee E014,7/30/2026 2:53 pm
PO28,Approval Status,Approved,Employee E019,7/30/2026 4:53 pm
PO29,Approval Status,Pending Approval,Employee E038,8/10/2026 11:39 am
PO29,Approval Status,Approved,Employee E036,8/10/2026 1:39 pm
PO30,Approval Status,Pending Approval,Employee E018,9/30/2026 9:44 am
PO30,Approval Status,Approved,Employee E008,9/30/2026 11:44 am
PO31,Approval Status,Pending Approval,Employee E014,7/1/2026 2:48 pm
PO31,Approval Status,Approved,Employee E022,7/1/2026 4:48 pm
PO32,Approval Status,Pending Approval,Employee E009,9/9/2026 1:25 pm
PO32,Approval Status,Approved,Employee E039,9/9/2026 3:25 pm
PO33,Approval Status,Pending Approval,Employee E026,8/13/2026 9:29 am
PO33,Approval Status,Approved,Employee E020,8/13/2026 11:29 am
PO34,Approval Status,Pending Approval,Employee E025,7/21/2026 9:08 am
PO34,Approval Status,Approved,Employee E022,7/21/2026 11:08 am
PO35,Approval Status,Pending Approval,Employee E031,8/23/2026 6:17 am
PO35,Approval Status,Approved,Employee E023,8/23/2026 8:17 am
PO36,Approval Status,Pending Approval,Employee E011,7/12/2026 8:10 am
PO36,Approval Status,Approved,Employee E034,7/12/2026 10:10 am
PO37,Approval Status,Pending Approval,Employee E017,8/31/2026 11:42 am
PO37,Approval Status,Approved,Employee E022,8/31/2026 1:42 pm
PO38,Approval Status,Pending Approval,Employee E037,9/8/2026 9:33 am
PO38,Approval Status,Approved,Employee E024,9/8/2026 11:33 am
PO39,Approval Status,Pending Approval,Employee E030,7/5/2026 9:05 am
PO39,Approval Status,Approved,Employee E008,7/5/2026 11:05 am
PO40,Approval Status,Pending Approval,Employee E017,8/31/2026 10:59 am
PO40,Approval Status,Approved,Employee E019,8/31/2026 12:59 pm
PO41,Approval Status,Pending Approval,Employee E025,7/16/2026 1:45 pm
PO41,Approval Status,Approved,Employee E036,7/16/2026 3:45 pm
PO42,Approval Status,Pending Approval,Employee E033,8/23/2026 6:11 am
PO42,Approval Status,Approved,Employee E021,8/23/2026 8:11 am
PO43,Approval Status,Pending Approval,Employee E012,8/12/2026 1:42 pm
PO43,Approval Status,Approved,Employee E022,8/12/2026 3:42 pm
PO44,Approval Status,Pending Approval,Employee E032,8/24/2026 9:00 am
PO44,Approval Status,Approved,Employee E021,8/24/2026 11:00 am
PO45,Approval Status,Pending Approval,Employee E004,7/28/2026 2:11 pm
PO45,Approval Status,Approved,Employee E022,7/28/2026 4:11 pm
PO46,Approval Status,Pending Approval,Employee E016,7/15/2026 8:06 am
PO46,Approval Status,Approved,Employee E015,7/15/2026 10:06 am
PO47,Approval Status,Pending Approval,Employee E032,9/27/2026 7:29 am
PO47,Approval Status,Approved,Employee E015,9/27/2026 9:29 am
PO48,Approval Status,Pending Approval,Employee E032,9/2/2026 11:22 am
PO48,Approval Status,Approved,Employee E013,9/2/2026 1:22 pm
PO49,Approval Status,Pending Approval,Employee E002,8/23/2026 7:08 am
PO49,Approval Status,Approved,Employee E006,8/23/2026 9:08 am
PO50,Approval Status,Pending Approval,Employee E032,8/27/2026 12:57 pm
PO50,Approval Status,Approved,Employee E021,8/27/2026 2:57 pm
PO51,Approval Status,Pending Approval,Employee E011,8/24/2026 7:36 am
PO51,Approval Status,Approved,Employee E023,8/24/2026 9:36 am
PO52,Approval Status,Pending Approval,Employee E029,8/30/2026 1:18 pm
PO52,Approval Status,Approved,Employee E036,8/30/2026 3:18 pm
PO53,Approval Status,Pending Approval,Employee E025,8/2/2026 2:19 pm
PO53,Approval Status,Approved,Employee E008,8/2/2026 4:19 pm
PO54,Approval Status,Pending Approval,Employee E012,7/5/2026 1:56 pm
PO54,Approval Status,Approved,Employee E015,7/5/2026 3:56 pm
PO55,Approval Status,Pending Approval,Employee E018,8/31/2026 2:58 pm
PO55,Approval Status,Approved,Employee E015,8/31/2026 4:58 pm
PO56,Approval Status,Pending Approval,Employee E002,8/30/2026 1:26 pm
PO56,Approval Status,Approved,Employee E023,8/30/2026 3:26 pm
PO57,Approval Status,Pending Approval,Employee E033,9/1/2026 7:25 am
PO57,Approval Status,Approved,Employee E040,9/1/2026 9:25 am
PO58,Approval Status,Pending Approval,Employee E025,9/23/2026 6:28 am
PO58,Approval Status,Approved,Employee E039,9/23/2026 8:28 am
PO59,Approval Status,Pending Approval,Employee E032,9/9/2026 10:44 am
PO59,Approval Status,Approved,Employee E036,9/9/2026 12:44 pm
PO60,Approval Status,Pending Approval,Employee E037,7/30/2026 7:58 am
PO60,Approval Status,Approved,Employee E020,7/30/2026 9:58 am
PO61,Approval Status,Pending Approval,Employee E005,8/26/2026 7:25 am
PO61,Approval Status,Approved,Employee E039,8/26/2026 9:25 am
PO62,Approval Status,Pending Approval,Employee E037,7/13/2026 12:11 pm
PO62,Approval Status,Approved,Employee E036,7/13/2026 2:11 pm
PO63,Approval Status,Pending Approval,Employee E026,8/6/2026 1:23 pm
PO63,Approval Status,Approved,Employee E023,8/6/2026 3:23 pm
PO64,Approval Status,Pending Approval,Employee E025,8/17/2026 2:34 pm
PO64,Approval Status,Approved,Employee E019,8/17/2026 4:34 pm
PO65,Approval Status,Pending Approval,Employee E005,7/26/2026 9:03 am
PO65,Approval Status,Approved,Employee E006,7/26/2026 11:03 am
PO66,Approval Status,Pending Approval,Employee E037,9/2/2026 8:56 am
PO66,Approval Status,Approved,Employee E021,9/2/2026 10:56 am
PO67,Approval Status,Pending Approval,Employee E003,7/26/2026 7:33 am
PO67,Approval Status,Approved,Employee E021,7/26/2026 9:33 am
PO68,Approval Status,Pending Approval,Employee E038,8/20/2026 6:02 am
PO68,Approval Status,Approved,Employee E040,8/20/2026 8:02 am
PO69,Approval Status,Pending Approval,Employee E004,8/24/2026 6:41 am
PO69,Approval Status,Approved,Employee E013,8/24/2026 8:41 am
PO70,Approval Status,Pending Approval,Employee E001,8/12/2026 6:05 am
PO70,Approval Status,Approved,Employee E022,8/12/2026 8:05 am
PO71,Approval Status,Pending Approval,Employee E005,9/28/2026 7:12 am
PO71,Approval Status,Approved,Employee E019,9/28/2026 9:12 am
PO72,Approval Status,Pending Approval,Employee E002,7/23/2026 8:50 am
PO72,Approval Status,Approved,Employee E015,7/23/2026 10:50 am
PO73,Approval Status,Pending Approval,Employee E029,7/27/2026 2:21 pm
PO73,Approval Status,Approved,Employee E013,7/27/2026 4:21 pm
PO74,Approval Status,Pending Approval,Employee E012,8/6/2026 7:56 am
PO74,Approval Status,Approved,Employee E013,8/6/2026 9:56 am
PO75,Approval Status,Pending Approval,Employee E004,7/20/2026 2:52 pm
PO75,Approval Status,Approved,Employee E006,7/20/2026 4:52 pm
PO76,Approval Status,Pending Approval,Employee E004,8/20/2026 11:12 am
PO76,Approval Status,Approved,Employee E024,8/20/2026 1:12 pm
PO77,Approval Status,Pending Approval,Employee E018,7/15/2026 1:44 pm
PO77,Approval Status,Approved,Employee E023,7/15/2026 3:44 pm
PO78,Approval Status,Pending Approval,Employee E018,7/14/2026 7:04 am
PO78,Approval Status,Approved,Employee E040,7/14/2026 9:04 am
PO79,Approval Status,Pending Approval,Employee E011,9/9/2026 11:22 am
PO79,Approval Status,Approved,Employee E019,9/9/2026 1:22 pm
PO80,Approval Status,Pending Approval,Employee E001,8/5/2026 2:14 pm
PO80,Approval Status,Approved,Employee E024,8/5/2026 4:14 pm
PO81,Approval Status,Pending Approval,Employee E029,7/14/2026 1:01 pm
PO81,Approval Status,Approved,Employee E006,7/14/2026 3:01 pm
PO82,Approval Status,Pending Approval,Employee E012,7/5/2026 6:49 am
PO82,Approval Status,Approved,Employee E040,7/5/2026 8:49 am
PO83,Approval Status,Pending Approval,Employee E003,7/5/2026 7:53 am
PO83,Approval Status,Approved,Employee E024,7/5/2026 9:53 am
PO84,Approval Status,Pending Approval,Employee E005,8/5/2026 9:19 am
PO84,Approval Status,Approved,Employee E006,8/5/2026 11:19 am
PO85,Approval Status,Pending Approval,Employee E010,8/12/2026 12:21 pm
PO85,Approval Status,Approved,Employee E015,8/12/2026 2:21 pm
PO86,Approval Status,Pending Approval,Employee E001,7/13/2026 1:20 pm
PO86,Approval Status,Approved,Employee E023,7/13/2026 3:20 pm
PO87,Approval Status,Pending Approval,Employee E004,9/21/2026 9:31 am
PO87,Approval Status,Approved,Employee E020,9/21/2026 11:31 am
PO88,Approval Status,Pending Approval,Employee E029,8/10/2026 10:36 am
PO88,Approval Status,Approved,Employee E039,8/10/2026 12:36 pm
PO89,Approval Status,Pending Approval,Employee E009,7/12/2026 6:00 am
PO89,Approval Status,Approved,Employee E024,7/12/2026 8:00 am
PO90,Approval Status,Pending Approval,Employee E030,8/24/2026 9:25 am
PO90,Approval Status,Approved,Employee E020,8/24/2026 11:25 am
PO91,Approval Status,Pending Approval,Employee E035,9/16/2026 12:40 pm
PO91,Approval Status,Approved,Employee E039,9/16/2026 2:40 pm
PO92,Approval Status,Pending Approval,Employee E025,7/13/2026 10:27 am
PO92,Approval Status,Approved,Employee E024,7/13/2026 12:27 pm
PO93,Approval Status,Pending Approval,Employee E014,9/28/2026 1:20 pm
PO93,Approval Status,Approved,Employee E040,9/28/2026 3:20 pm
PO94,Approval Status,Pending Approval,Employee E011,8/17/2026 9:21 am
PO94,Approval Status,Approved,Employee E024,8/17/2026 11:21 am
PO95,Approval Status,Pending Approval,Employee E011,8/4/2026 6:23 am
PO95,Approval Status,Approved,Employee E039,8/4/2026 8:23 am
PO96,Approval Status,Pending Approval,Employee E035,9/28/2026 6:12 am
PO96,Approval Status,Approved,Employee E008,9/28/2026 8:12 am
PO97,Approval Status,Pending Approval,Employee E001,9/21/2026 11:55 am
PO97,Approval Status,Approved,Employee E023,9/21/2026 1:55 pm
PO98,Approval Status,Pending Approval,Employee E032,7/20/2026 2:21 pm
PO98,Approval Status,Approved,Employee E021,7/20/2026 4:21 pm
PO99,Approval Status,Pending Approval,Employee E037,9/21/2026 12:29 pm
PO99,Approval Status,Approved,Employee E008,9/21/2026 2:29 pm
PO100,Approval Status,Pending Approval,Employee E002,8/26/2026 9:41 am
PO100,Approval Status,Approved,Employee E015,8/26/2026 11:41 am
PO101,Approval Status,Pending Approval,Employee E018,8/30/2026 11:52 am
PO101,Approval Status,Approved,Employee E023,8/30/2026 1:52 pm
PO102,Approval Status,Pending Approval,Employee E002,8/20/2026 9:49 am
PO102,Approval Status,Approved,Employee E039,8/20/2026 11:49 am
PO103,Approval Status,Pending Approval,Employee E030,9/28/2026 7:15 am
PO103,Approval Status,Approved,Employee E021,9/28/2026 9:15 am
PO104,Approval Status,Pending Approval,Employee E007,8/3/2026 7:34 am
PO104,Approval Status,Approved,Employee E019,8/3/2026 9:34 am
PO105,Approval Status,Pending Approval,Employee E014,9/6/2026 11:37 am
PO105,Approval Status,Approved,Employee E015,9/6/2026 1:37 pm
PO106,Approval Status,Pending Approval,Employee E004,7/28/2026 11:06 am
PO106,Approval Status,Approved,Employee E006,7/28/2026 1:06 pm
PO107,Approval Status,Pending Approval,Employee E003,7/19/2026 8:05 am
PO107,Approval Status,Approved,Employee E021,7/19/2026 10:05 am
PO108,Approval Status,Pending Approval,Employee E038,9/28/2026 11:45 am
PO108,Approval Status,Approved,Employee E036,9/28/2026 1:45 pm
PO109,Approval Status,Pending Approval,Employee E014,8/16/2026 2:37 pm
PO109,Approval Status,Approved,Employee E019,8/16/2026 4:37 pm
PO110,Approval Status,Pending Approval,Employee E017,9/10/2026 12:43 pm
PO110,Approval Status,Approved,Employee E008,9/10/2026 2:43 pm
PO111,Approval Status,Pending Approval,Employee E033,9/14/2026 6:59 am
PO111,Approval Status,Approved,Employee E020,9/14/2026 8:59 am
PO112,Approval Status,Pending Approval,Employee E038,8/19/2026 12:14 pm
PO112,Approval Status,Approved,Employee E023,8/19/2026 2:14 pm
PO113,Approval Status,Pending Approval,Employee E016,9/21/2026 12:19 pm
PO113,Approval Status,Approved,Employee E024,9/21/2026 2:19 pm
PO114,Approval Status,Pending Approval,Employee E035,9/9/2026 8:01 am
PO114,Approval Status,Approved,Employee E008,9/9/2026 10:01 am
PO115,Approval Status,Pending Approval,Employee E014,7/2/2026 8:57 am
PO115,Approval Status,Approved,Employee E036,7/2/2026 10:57 am
PO116,Approval Status,Pending Approval,Employee E010,9/15/2026 8:57 am
PO116,Approval Status,Approved,Employee E006,9/15/2026 10:57 am
PO117,Approval Status,Pending Approval,Employee E012,8/6/2026 2:24 pm
PO117,Approval Status,Approved,Employee E019,8/6/2026 4:24 pm
PO118,Approval Status,Pending Approval,Employee E004,7/29/2026 10:23 am
PO118,Approval Status,Approved,Employee E023,7/29/2026 12:23 pm
PO119,Approval Status,Pending Approval,Employee E026,7/13/2026 10:00 am
PO119,Approval Status,Approved,Employee E034,7/13/2026 12:00 pm
PO120,Approval Status,Pending Approval,Employee E032,7/22/2026 10:26 am
PO120,Approval Status,Approved,Employee E006,7/22/2026 12:26 pm
PO121,Approval Status,Pending Approval,Employee E004,8/10/2026 11:30 am
PO121,Approval Status,Approved,Employee E034,8/10/2026 1:30 pm
PO122,Approval Status,Pending Approval,Employee E002,8/3/2026 12:30 pm
PO122,Approval Status,Approved,Employee E013,8/3/2026 2:30 pm
PO123,Approval Status,Pending Approval,Employee E027,8/24/2026 11:38 am
PO123,Approval Status,Approved,Employee E040,8/24/2026 1:38 pm
PO124,Approval Status,Pending Approval,Employee E026,9/15/2026 11:05 am
PO124,Approval Status,Approved,Employee E024,9/15/2026 1:05 pm
PO125,Approval Status,Pending Approval,Employee E028,8/12/2026 12:05 pm
PO125,Approval Status,Approved,Employee E019,8/12/2026 2:05 pm
PO126,Approval Status,Pending Approval,Employee E009,8/11/2026 7:53 am
PO126,Approval Status,Approved,Employee E023,8/11/2026 9:53 am
PO127,Approval Status,Pending Approval,Employee E001,8/19/2026 6:45 am
PO127,Approval Status,Approved,Employee E019,8/19/2026 8:45 am
PO128,Approval Status,Pending Approval,Employee E037,8/4/2026 7:23 am
PO128,Approval Status,Approved,Employee E040,8/4/2026 9:23 am
PO129,Approval Status,Pending Approval,Employee E002,9/2/2026 2:14 pm
PO129,Approval Status,Approved,Employee E021,9/2/2026 4:14 pm
PO130,Approval Status,Pending Approval,Employee E005,9/13/2026 8:58 am
PO130,Approval Status,Approved,Employee E022,9/13/2026 10:58 am
PO131,Approval Status,Pending Approval,Employee E031,8/20/2026 2:26 pm
PO131,Approval Status,Approved,Employee E034,8/20/2026 4:26 pm
PO132,Approval Status,Pending Approval,Employee E016,7/5/2026 11:20 am
PO132,Approval Status,Approved,Employee E022,7/5/2026 1:20 pm
PO133,Approval Status,Pending Approval,Employee E010,9/2/2026 8:36 am
PO133,Approval Status,Approved,Employee E024,9/2/2026 10:36 am
PO134,Approval Status,Pending Approval,Employee E037,7/6/2026 6:54 am
PO134,Approval Status,Approved,Employee E024,7/6/2026 8:54 am
PO135,Approval Status,Pending Approval,Employee E032,8/23/2026 2:12 pm
PO135,Approval Status,Approved,Employee E021,8/23/2026 4:12 pm
PO136,Approval Status,Pending Approval,Employee E011,7/27/2026 8:56 am
PO136,Approval Status,Approved,Employee E034,7/27/2026 10:56 am
PO137,Approval Status,Pending Approval,Employee E010,9/29/2026 8:34 am
PO137,Approval Status,Approved,Employee E020,9/29/2026 10:34 am
PO138,Approval Status,Pending Approval,Employee E029,8/31/2026 12:11 pm
PO138,Approval Status,Approved,Employee E013,8/31/2026 2:11 pm
PO139,Approval Status,Pending Approval,Employee E011,8/5/2026 11:06 am
PO139,Approval Status,Approved,Employee E021,8/5/2026 1:06 pm
PO140,Approval Status,Pending Approval,Employee E017,7/29/2026 7:32 am
PO140,Approval Status,Approved,Employee E013,7/29/2026 9:32 am
PO141,Approval Status,Pending Approval,Employee E001,8/24/2026 2:01 pm
PO141,Approval Status,Approved,Employee E036,8/24/2026 4:01 pm
PO142,Approval Status,Pending Approval,Employee E014,8/4/2026 11:00 am
PO142,Approval Status,Approved,Employee E021,8/4/2026 1:00 pm
PO143,Approval Status,Pending Approval,Employee E001,7/23/2026 10:41 am
PO143,Approval Status,Approved,Employee E008,7/23/2026 12:41 pm
PO144,Approval Status,Pending Approval,Employee E014,8/5/2026 12:21 pm
PO144,Approval Status,Approved,Employee E039,8/5/2026 2:21 pm
PO145,Approval Status,Pending Approval,Employee E027,7/21/2026 1:30 pm
PO145,Approval Status,Approved,Employee E015,7/21/2026 3:30 pm
PO146,Approval Status,Pending Approval,Employee E027,7/22/2026 2:03 pm
PO146,Approval Status,Approved,Employee E019,7/22/2026 4:03 pm
PO147,Approval Status,Pending Approval,Employee E037,7/6/2026 11:36 am
PO147,Approval Status,Approved,Employee E015,7/6/2026 1:36 pm
PO148,Approval Status,Pending Approval,Employee E012,9/8/2026 10:15 am
PO148,Approval Status,Approved,Employee E020,9/8/2026 12:15 pm
PO149,Approval Status,Pending Approval,Employee E004,8/9/2026 10:57 am
PO149,Approval Status,Approved,Employee E021,8/9/2026 12:57 pm
PO150,Approval Status,Pending Approval,Employee E011,8/19/2026 6:18 am
PO150,Approval Status,Approved,Employee E021,8/19/2026 8:18 am
PO151,Approval Status,Pending Approval,Employee E038,7/5/2026 7:39 am
PO151,Approval Status,Approved,Employee E019,7/5/2026 9:39 am
PO152,Approval Status,Pending Approval,Employee E026,9/29/2026 11:15 am
PO152,Approval Status,Approved,Employee E015,9/29/2026 1:15 pm
PO153,Approval Status,Pending Approval,Employee E037,7/16/2026 11:03 am
PO153,Approval Status,Approved,Employee E039,7/16/2026 1:03 pm
PO154,Approval Status,Pending Approval,Employee E016,8/3/2026 10:48 am
PO154,Approval Status,Approved,Employee E019,8/3/2026 12:48 pm
PO155,Approval Status,Pending Approval,Employee E001,7/29/2026 2:25 pm
PO155,Approval Status,Approved,Employee E039,7/29/2026 4:25 pm
PO156,Approval Status,Pending Approval,Employee E031,8/12/2026 1:00 pm
PO156,Approval Status,Approved,Employee E015,8/12/2026 3:00 pm
PO157,Approval Status,Pending Approval,Employee E009,7/13/2026 7:19 am
PO157,Approval Status,Approved,Employee E024,7/13/2026 9:19 am
PO158,Approval Status,Pending Approval,Employee E027,8/30/2026 8:58 am
PO158,Approval Status,Approved,Employee E015,8/30/2026 10:58 am
PO159,Approval Status,Pending Approval,Employee E017,9/20/2026 10:54 am
PO159,Approval Status,Approved,Employee E036,9/20/2026 12:54 pm
PO160,Approval Status,Pending Approval,Employee E007,8/9/2026 1:54 pm
PO160,Approval Status,Approved,Employee E006,8/9/2026 3:54 pm
PO161,Approval Status,Pending Approval,Employee E026,8/5/2026 12:41 pm
PO161,Approval Status,Approved,Employee E021,8/5/2026 2:41 pm
PO162,Approval Status,Pending Approval,Employee E004,9/10/2026 8:47 am
PO162,Approval Status,Approved,Employee E006,9/10/2026 10:47 am
PO163,Approval Status,Pending Approval,Employee E010,8/23/2026 11:56 am
PO163,Approval Status,Approved,Employee E039,8/23/2026 1:56 pm
PO164,Approval Status,Pending Approval,Employee E035,7/29/2026 9:03 am
PO164,Approval Status,Approved,Employee E006,7/29/2026 11:03 am
PO165,Approval Status,Pending Approval,Employee E031,9/1/2026 8:00 am
PO165,Approval Status,Approved,Employee E034,9/1/2026 10:00 am
PO166,Approval Status,Pending Approval,Employee E001,9/1/2026 9:49 am
PO166,Approval Status,Approved,Employee E040,9/1/2026 11:49 am
PO167,Approval Status,Pending Approval,Employee E018,9/6/2026 10:05 am
PO167,Approval Status,Approved,Employee E021,9/6/2026 12:05 pm
PO168,Approval Status,Pending Approval,Employee E014,7/26/2026 8:27 am
PO168,Approval Status,Approved,Employee E019,7/26/2026 10:27 am
PO169,Approval Status,Pending Approval,Employee E038,8/10/2026 1:30 pm
PO169,Approval Status,Approved,Employee E019,8/10/2026 3:30 pm
PO170,Approval Status,Pending Approval,Employee E005,7/20/2026 6:10 am
PO170,Approval Status,Approved,Employee E008,7/20/2026 8:10 am
PO171,Approval Status,Pending Approval,Employee E001,7/12/2026 2:08 pm
PO171,Approval Status,Approved,Employee E023,7/12/2026 4:08 pm
PO172,Approval Status,Pending Approval,Employee E030,9/8/2026 11:18 am
PO172,Approval Status,Approved,Employee E015,9/8/2026 1:18 pm
PO173,Approval Status,Pending Approval,Employee E011,7/23/2026 9:52 am
PO173,Approval Status,Approved,Employee E039,7/23/2026 11:52 am
PO174,Approval Status,Pending Approval,Employee E031,8/18/2026 2:16 pm
PO174,Approval Status,Approved,Employee E034,8/18/2026 4:16 pm
PO175,Approval Status,Pending Approval,Employee E003,9/10/2026 6:44 am
PO175,Approval Status,Approved,Employee E024,9/10/2026 8:44 am
PO176,Approval Status,Pending Approval,Employee E032,9/29/2026 10:09 am
PO176,Approval Status,Approved,Employee E040,9/29/2026 12:09 pm
PO177,Approval Status,Pending Approval,Employee E031,8/17/2026 12:11 pm
PO177,Approval Status,Approved,Employee E040,8/17/2026 2:11 pm
PO178,Approval Status,Pending Approval,Employee E002,8/24/2026 9:53 am
PO178,Approval Status,Approved,Employee E013,8/24/2026 11:53 am
PO179,Approval Status,Pending Approval,Employee E011,7/28/2026 8:32 am
PO179,Approval Status,Approved,Employee E023,7/28/2026 10:32 am
PO180,Approval Status,Pending Approval,Employee E007,8/9/2026 2:57 pm
PO180,Approval Status,Approved,Employee E024,8/9/2026 4:57 pm
PO181,Approval Status,Pending Approval,Employee E001,9/22/2026 8:09 am
PO181,Approval Status,Approved,Employee E040,9/22/2026 10:09 am
PO182,Approval Status,Pending Approval,Employee E012,8/11/2026 2:23 pm
PO182,Approval Status,Approved,Employee E022,8/11/2026 4:23 pm
PO183,Approval Status,Pending Approval,Employee E016,9/3/2026 1:15 pm
PO183,Approval Status,Approved,Employee E024,9/3/2026 3:15 pm
PO184,Approval Status,Pending Approval,Employee E038,7/16/2026 2:18 pm
PO184,Approval Status,Approved,Employee E020,7/16/2026 4:18 pm
PO185,Approval Status,Pending Approval,Employee E032,7/2/2026 7:33 am
PO185,Approval Status,Approved,Employee E021,7/2/2026 9:33 am
PO186,Approval Status,Pending Approval,Employee E010,7/2/2026 10:46 am
PO186,Approval Status,Approved,Employee E022,7/2/2026 12:46 pm
PO187,Approval Status,Pending Approval,Employee E003,8/6/2026 6:15 am
PO187,Approval Status,Approved,Employee E022,8/6/2026 8:15 am
PO188,Approval Status,Pending Approval,Employee E030,9/1/2026 6:12 am
PO188,Approval Status,Approved,Employee E021,9/1/2026 8:12 am
PO189,Approval Status,Pending Approval,Employee E009,7/29/2026 11:23 am
PO189,Approval Status,Approved,Employee E022,7/29/2026 1:23 pm
PO190,Approval Status,Pending Approval,Employee E005,9/20/2026 7:13 am
PO190,Approval Status,Approved,Employee E019,9/20/2026 9:13 am
PO191,Approval Status,Pending Approval,Employee E004,8/9/2026 10:27 am
PO191,Approval Status,Approved,Employee E020,8/9/2026 12:27 pm
PO192,Approval Status,Pending Approval,Employee E010,8/17/2026 9:30 am
PO192,Approval Status,Approved,Employee E022,8/17/2026 11:30 am
PO193,Approval Status,Pending Approval,Employee E002,8/6/2026 1:17 pm
PO193,Approval Status,Approved,Employee E036,8/6/2026 3:17 pm
PO194,Approval Status,Pending Approval,Employee E014,9/20/2026 7:31 am
PO194,Approval Status,Approved,Employee E006,9/20/2026 9:31 am
PO195,Approval Status,Pending Approval,Employee E003,7/5/2026 10:36 am
PO195,Approval Status,Approved,Employee E019,7/5/2026 12:36 pm
PO196,Approval Status,Pending Approval,Employee E038,9/17/2026 7:26 am
PO196,Approval Status,Approved,Employee E019,9/17/2026 9:26 am
PO197,Approval Status,Pending Approval,Employee E012,8/25/2026 2:59 pm
PO197,Approval Status,Approved,Employee E023,8/25/2026 4:59 pm
PO198,Approval Status,Pending Approval,Employee E016,9/13/2026 10:53 am
PO198,Approval Status,Approved,Employee E023,9/13/2026 12:53 pm
PO199,Approval Status,Pending Approval,Employee E014,8/3/2026 7:23 am
PO199,Approval Status,Approved,Employee E034,8/3/2026 9:23 am
PO200,Approval Status,Pending Approval,Employee E007,8/2/2026 1:28 pm
PO200,Approval Status,Approved,Employee E039,8/2/2026 3:28 pm
PO201,Approval Status,Pending Approval,Employee E007,8/30/2026 1:33 pm
PO201,Approval Status,Approved,Employee E022,8/30/2026 3:33 pm
PO202,Approval Status,Pending Approval,Employee E032,7/15/2026 2:49 pm
PO202,Approval Status,Approved,Employee E036,7/15/2026 4:49 pm
PO203,Approval Status,Pending Approval,Employee E027,7/29/2026 9:42 am
PO203,Approval Status,Approved,Employee E022,7/29/2026 11:42 am
PO204,Approval Status,Pending Approval,Employee E032,8/12/2026 6:11 am
PO204,Approval Status,Approved,Employee E040,8/12/2026 8:11 am
PO205,Approval Status,Pending Approval,Employee E014,8/18/2026 11:45 am
PO205,Approval Status,Approved,Employee E021,8/18/2026 1:45 pm
PO206,Approval Status,Pending Approval,Employee E025,9/30/2026 7:33 am
PO206,Approval Status,Approved,Employee E013,9/30/2026 9:33 am
PO207,Approval Status,Pending Approval,Employee E005,7/8/2026 9:51 am
PO207,Approval Status,Approved,Employee E040,7/8/2026 11:51 am
PO208,Approval Status,Pending Approval,Employee E017,9/28/2026 6:03 am
PO208,Approval Status,Approved,Employee E020,9/28/2026 8:03 am
PO209,Approval Status,Pending Approval,Employee E003,9/10/2026 7:36 am
PO209,Approval Status,Approved,Employee E036,9/10/2026 9:36 am
PO210,Approval Status,Pending Approval,Employee E010,8/13/2026 7:13 am
PO210,Approval Status,Approved,Employee E008,8/13/2026 9:13 am
PO211,Approval Status,Pending Approval,Employee E017,9/30/2026 6:03 am
PO211,Approval Status,Approved,Employee E008,9/30/2026 8:03 am
PO212,Approval Status,Pending Approval,Employee E037,8/27/2026 6:12 am
PO212,Approval Status,Approved,Employee E013,8/27/2026 8:12 am
PO213,Approval Status,Pending Approval,Employee E012,8/27/2026 1:16 pm
PO213,Approval Status,Approved,Employee E006,8/27/2026 3:16 pm
PO214,Approval Status,Pending Approval,Employee E025,8/10/2026 9:37 am
PO214,Approval Status,Approved,Employee E013,8/10/2026 11:37 am
PO215,Approval Status,Pending Approval,Employee E001,8/4/2026 11:31 am
PO215,Approval Status,Approved,Employee E019,8/4/2026 1:31 pm
PO216,Approval Status,Pending Approval,Employee E017,9/20/2026 1:32 pm
PO216,Approval Status,Approved,Employee E022,9/20/2026 3:32 pm
PO217,Approval Status,Pending Approval,Employee E009,7/7/2026 1:58 pm
PO217,Approval Status,Approved,Employee E019,7/7/2026 3:58 pm
PO218,Approval Status,Pending Approval,Employee E026,7/13/2026 6:45 am
PO218,Approval Status,Approved,Employee E020,7/13/2026 8:45 am
PO219,Approval Status,Pending Approval,Employee E035,7/26/2026 12:29 pm
PO219,Approval Status,Approved,Employee E021,7/26/2026 2:29 pm
PO220,Approval Status,Pending Approval,Employee E005,9/9/2026 10:31 am
PO220,Approval Status,Approved,Employee E006,9/9/2026 12:31 pm
PO221,Approval Status,Pending Approval,Employee E032,9/15/2026 8:16 am
PO221,Approval Status,Approved,Employee E022,9/15/2026 10:16 am
PO222,Approval Status,Pending Approval,Employee E037,9/20/2026 9:01 am
PO222,Approval Status,Approved,Employee E020,9/20/2026 11:01 am
PO223,Approval Status,Pending Approval,Employee E035,8/24/2026 7:55 am
PO223,Approval Status,Approved,Employee E019,8/24/2026 9:55 am
PO224,Approval Status,Pending Approval,Employee E027,8/19/2026 2:48 pm
PO224,Approval Status,Approved,Employee E015,8/19/2026 4:48 pm
PO225,Approval Status,Pending Approval,Employee E005,9/23/2026 6:54 am
PO225,Approval Status,Approved,Employee E020,9/23/2026 8:54 am
PO226,Approval Status,Pending Approval,Employee E001,9/7/2026 2:24 pm
PO226,Approval Status,Approved,Employee E023,9/7/2026 4:24 pm
PO227,Approval Status,Pending Approval,Employee E035,9/28/2026 8:47 am
PO227,Approval Status,Approved,Employee E020,9/28/2026 10:47 am
PO228,Approval Status,Pending Approval,Employee E026,7/8/2026 1:17 pm
PO228,Approval Status,Approved,Employee E015,7/8/2026 3:17 pm
PO229,Approval Status,Pending Approval,Employee E016,9/27/2026 6:27 am
PO229,Approval Status,Approved,Employee E024,9/27/2026 8:27 am
PO230,Approval Status,Pending Approval,Employee E026,8/30/2026 12:55 pm
PO230,Approval Status,Approved,Employee E040,8/30/2026 2:55 pm
PO231,Approval Status,Pending Approval,Employee E017,9/30/2026 10:26 am
PO231,Approval Status,Approved,Employee E013,9/30/2026 12:26 pm
PO232,Approval Status,Pending Approval,Employee E026,7/2/2026 1:47 pm
PO232,Approval Status,Approved,Employee E022,7/2/2026 3:47 pm
PO233,Approval Status,Pending Approval,Employee E010,8/13/2026 11:54 am
PO233,Approval Status,Approved,Employee E019,8/13/2026 1:54 pm
PO234,Approval Status,Pending Approval,Employee E010,8/26/2026 12:00 pm
PO234,Approval Status,Approved,Employee E040,8/26/2026 2:00 pm
PO235,Approval Status,Pending Approval,Employee E027,7/2/2026 2:13 pm
PO235,Approval Status,Approved,Employee E006,7/2/2026 4:13 pm
PO236,Approval Status,Pending Approval,Employee E002,8/31/2026 10:54 am
PO236,Approval Status,Approved,Employee E022,8/31/2026 12:54 pm
PO237,Approval Status,Pending Approval,Employee E033,7/22/2026 10:03 am
PO237,Approval Status,Approved,Employee E024,7/22/2026 12:03 pm
PO238,Approval Status,Pending Approval,Employee E035,9/9/2026 2:47 pm
PO238,Approval Status,Approved,Employee E024,9/9/2026 4:47 pm
PO239,Approval Status,Pending Approval,Employee E017,7/9/2026 2:57 pm
PO239,Approval Status,Approved,Employee E019,7/9/2026 4:57 pm
PO240,Approval Status,Pending Approval,Employee E018,8/11/2026 1:01 pm
PO240,Approval Status,Approved,Employee E020,8/11/2026 3:01 pm
PO241,Approval Status,Pending Approval,Employee E033,9/29/2026 11:13 am
PO241,Approval Status,Approved,Employee E040,9/29/2026 1:13 pm
PO242,Approval Status,Pending Approval,Employee E007,7/5/2026 9:11 am
PO242,Approval Status,Approved,Employee E015,7/5/2026 11:11 am
PO243,Approval Status,Pending Approval,Employee E018,7/23/2026 6:12 am
PO243,Approval Status,Approved,Employee E021,7/23/2026 8:12 am
PO244,Approval Status,Pending Approval,Employee E005,7/30/2026 2:08 pm
PO244,Approval Status,Approved,Employee E020,7/30/2026 4:08 pm
PO245,Approval Status,Pending Approval,Employee E035,7/30/2026 10:09 am
PO245,Approval Status,Approved,Employee E040,7/30/2026 12:09 pm
PO246,Approval Status,Pending Approval,Employee E002,8/13/2026 9:22 am
PO246,Approval Status,Approved,Employee E036,8/13/2026 11:22 am
PO247,Approval Status,Pending Approval,Employee E014,9/13/2026 2:31 pm
PO247,Approval Status,Approved,Employee E034,9/13/2026 4:31 pm
PO248,Approval Status,Pending Approval,Employee E005,7/23/2026 8:29 am
PO248,Approval Status,Approved,Employee E020,7/23/2026 10:29 am
PO249,Approval Status,Pending Approval,Employee E035,9/23/2026 10:16 am
PO249,Approval Status,Approved,Employee E040,9/23/2026 12:16 pm
PO250,Approval Status,Pending Approval,Employee E011,8/13/2026 9:03 am
PO250,Approval Status,Approved,Employee E024,8/13/2026 11:03 am
PO251,Approval Status,Pending Approval,Employee E027,7/21/2026 8:27 am
PO251,Approval Status,Approved,Employee E015,7/21/2026 10:27 am
PO252,Approval Status,Pending Approval,Employee E033,9/15/2026 7:08 am
PO252,Approval Status,Approved,Employee E008,9/15/2026 9:08 am
PO253,Approval Status,Pending Approval,Employee E016,8/25/2026 10:19 am
PO253,Approval Status,Approved,Employee E021,8/25/2026 12:19 pm
PO254,Approval Status,Pending Approval,Employee E030,9/10/2026 9:31 am
PO254,Approval Status,Approved,Employee E039,9/10/2026 11:31 am
PO255,Approval Status,Pending Approval,Employee E026,9/27/2026 6:30 am
PO255,Approval Status,Approved,Employee E019,9/27/2026 8:30 am
PO256,Approval Status,Pending Approval,Employee E004,7/16/2026 6:19 am
PO256,Approval Status,Approved,Employee E019,7/16/2026 8:19 am
PO257,Approval Status,Pending Approval,Employee E033,8/20/2026 10:50 am
PO257,Approval Status,Approved,Employee E019,8/20/2026 12:50 pm
PO258,Approval Status,Pending Approval,Employee E026,8/6/2026 10:20 am
PO258,Approval Status,Approved,Employee E019,8/6/2026 12:20 pm
PO259,Approval Status,Pending Approval,Employee E030,7/21/2026 1:10 pm
PO259,Approval Status,Approved,Employee E036,7/21/2026 3:10 pm
PO260,Approval Status,Pending Approval,Employee E002,8/17/2026 2:26 pm
PO260,Approval Status,Approved,Employee E039,8/17/2026 4:26 pm
PO261,Approval Status,Pending Approval,Employee E012,8/16/2026 1:41 pm
PO261,Approval Status,Approved,Employee E006,8/16/2026 3:41 pm
PO262,Approval Status,Pending Approval,Employee E003,9/13/2026 9:51 am
PO262,Approval Status,Approved,Employee E034,9/13/2026 11:51 am
PO263,Approval Status,Pending Approval,Employee E027,9/9/2026 7:43 am
PO263,Approval Status,Approved,Employee E020,9/9/2026 9:43 am
PO264,Approval Status,Pending Approval,Employee E026,9/23/2026 6:57 am
PO264,Approval Status,Approved,Employee E039,9/23/2026 8:57 am
PO265,Approval Status,Pending Approval,Employee E031,8/24/2026 11:22 am
PO265,Approval Status,Approved,Employee E015,8/24/2026 1:22 pm
PO266,Approval Status,Pending Approval,Employee E014,8/12/2026 2:26 pm
PO266,Approval Status,Approved,Employee E019,8/12/2026 4:26 pm
PO267,Approval Status,Pending Approval,Employee E014,9/2/2026 11:15 am
PO267,Approval Status,Approved,Employee E036,9/2/2026 1:15 pm
PO268,Approval Status,Pending Approval,Employee E003,7/20/2026 9:40 am
PO268,Approval Status,Approved,Employee E008,7/20/2026 11:40 am
PO269,Approval Status,Pending Approval,Employee E037,9/27/2026 7:12 am
PO269,Approval Status,Approved,Employee E036,9/27/2026 9:12 am
PO270,Approval Status,Pending Approval,Employee E018,7/12/2026 10:00 am
PO270,Approval Status,Approved,Employee E034,7/12/2026 12:00 pm
PO271,Approval Status,Pending Approval,Employee E011,8/12/2026 11:00 am
PO271,Approval Status,Approved,Employee E006,8/12/2026 1:00 pm
PO272,Approval Status,Pending Approval,Employee E011,8/10/2026 11:20 am
PO272,Approval Status,Approved,Employee E006,8/10/2026 1:20 pm
PO273,Approval Status,Pending Approval,Employee E038,9/9/2026 9:20 am
PO273,Approval Status,Approved,Employee E036,9/9/2026 11:20 am
PO274,Approval Status,Pending Approval,Employee E033,7/29/2026 8:22 am
PO274,Approval Status,Approved,Employee E015,7/29/2026 10:22 am
PO275,Approval Status,Pending Approval,Employee E004,9/1/2026 10:13 am
PO275,Approval Status,Approved,Employee E022,9/1/2026 12:13 pm
PO276,Approval Status,Pending Approval,Employee E026,8/31/2026 6:38 am
PO276,Approval Status,Approved,Employee E021,8/31/2026 8:38 am
PO277,Approval Status,Pending Approval,Employee E018,7/16/2026 8:26 am
PO277,Approval Status,Approved,Employee E020,7/16/2026 10:26 am
PO278,Approval Status,Pending Approval,Employee E026,7/28/2026 10:54 am
PO278,Approval Status,Approved,Employee E008,7/28/2026 12:54 pm
PO279,Approval Status,Pending Approval,Employee E009,8/2/2026 8:54 am
PO279,Approval Status,Approved,Employee E039,8/2/2026 10:54 am
PO280,Approval Status,Pending Approval,Employee E030,9/8/2026 7:10 am
PO280,Approval Status,Approved,Employee E020,9/8/2026 9:10 am
PO281,Approval Status,Pending Approval,Employee E029,9/20/2026 1:44 pm
PO281,Approval Status,Approved,Employee E036,9/20/2026 3:44 pm
PO282,Approval Status,Pending Approval,Employee E009,7/1/2026 10:44 am
PO282,Approval Status,Approved,Employee E039,7/1/2026 12:44 pm
PO283,Approval Status,Pending Approval,Employee E037,7/15/2026 7:53 am
PO283,Approval Status,Approved,Employee E034,7/15/2026 9:53 am
PO284,Approval Status,Pending Approval,Employee E009,7/14/2026 10:16 am
PO284,Approval Status,Approved,Employee E039,7/14/2026 12:16 pm
PO285,Approval Status,Pending Approval,Employee E018,9/10/2026 7:49 am
PO285,Approval Status,Approved,Employee E034,9/10/2026 9:49 am
PO286,Approval Status,Pending Approval,Employee E012,8/26/2026 11:03 am
PO286,Approval Status,Approved,Employee E020,8/26/2026 1:03 pm
PO287,Approval Status,Pending Approval,Employee E031,9/7/2026 8:50 am
PO287,Approval Status,Approved,Employee E022,9/7/2026 10:50 am
PO288,Approval Status,Pending Approval,Employee E035,7/9/2026 9:58 am
PO288,Approval Status,Approved,Employee E015,7/9/2026 11:58 am
PO289,Approval Status,Pending Approval,Employee E030,9/7/2026 7:16 am
PO289,Approval Status,Approved,Employee E024,9/7/2026 9:16 am
PO290,Approval Status,Pending Approval,Employee E009,8/19/2026 8:30 am
PO290,Approval Status,Approved,Employee E021,8/19/2026 10:30 am
PO291,Approval Status,Pending Approval,Employee E026,7/12/2026 7:28 am
PO291,Approval Status,Approved,Employee E023,7/12/2026 9:28 am
PO292,Approval Status,Pending Approval,Employee E012,8/4/2026 7:48 am
PO292,Approval Status,Approved,Employee E023,8/4/2026 9:48 am
PO293,Approval Status,Pending Approval,Employee E007,8/16/2026 12:54 pm
PO293,Approval Status,Approved,Employee E036,8/16/2026 2:54 pm
PO294,Approval Status,Pending Approval,Employee E003,8/27/2026 11:44 am
PO294,Approval Status,Approved,Employee E006,8/27/2026 1:44 pm
PO295,Approval Status,Pending Approval,Employee E037,8/12/2026 6:55 am
PO295,Approval Status,Approved,Employee E008,8/12/2026 8:55 am
PO296,Approval Status,Pending Approval,Employee E011,8/27/2026 9:11 am
PO296,Approval Status,Approved,Employee E036,8/27/2026 11:11 am
PO297,Approval Status,Pending Approval,Employee E009,9/21/2026 8:50 am
PO297,Approval Status,Approved,Employee E021,9/21/2026 10:50 am
PO298,Approval Status,Pending Approval,Employee E027,7/29/2026 12:57 pm
PO298,Approval Status,Approved,Employee E036,7/29/2026 2:57 pm
PO299,Approval Status,Pending Approval,Employee E038,9/2/2026 6:01 am
PO299,Approval Status,Approved,Employee E008,9/2/2026 8:01 am
PO300,Approval Status,Pending Approval,Employee E028,7/12/2026 11:53 am
PO300,Approval Status,Approved,Employee E039,7/12/2026 1:53 pm
PO301,Approval Status,Pending Approval,Employee E004,8/16/2026 2:20 pm
PO301,Approval Status,Approved,Employee E008,8/16/2026 4:20 pm
PO302,Approval Status,Pending Approval,Employee E011,7/1/2026 11:01 am
PO302,Approval Status,Approved,Employee E023,7/1/2026 1:01 pm
PO303,Approval Status,Pending Approval,Employee E001,7/21/2026 6:50 am
PO303,Approval Status,Approved,Employee E036,7/21/2026 8:50 am
PO304,Approval Status,Pending Approval,Employee E037,7/20/2026 8:26 am
PO304,Approval Status,Approved,Employee E019,7/20/2026 10:26 am
PO305,Approval Status,Pending Approval,Employee E029,8/13/2026 2:20 pm
PO305,Approval Status,Approved,Employee E023,8/13/2026 4:20 pm
PO306,Approval Status,Pending Approval,Employee E001,7/9/2026 9:55 am
PO306,Approval Status,Approved,Employee E020,7/9/2026 11:55 am
PO307,Approval Status,Pending Approval,Employee E012,7/6/2026 1:40 pm
PO307,Approval Status,Approved,Employee E006,7/6/2026 3:40 pm
PO308,Approval Status,Pending Approval,Employee E032,7/28/2026 8:57 am
PO308,Approval Status,Approved,Employee E024,7/28/2026 10:57 am
PO309,Approval Status,Pending Approval,Employee E025,8/30/2026 9:42 am
PO309,Approval Status,Approved,Employee E015,8/30/2026 11:42 am
PO310,Approval Status,Pending Approval,Employee E032,8/17/2026 10:34 am
PO310,Approval Status,Approved,Employee E006,8/17/2026 12:34 pm
PO311,Approval Status,Pending Approval,Employee E001,9/27/2026 8:33 am
PO311,Approval Status,Approved,Employee E021,9/27/2026 10:33 am
PO312,Approval Status,Pending Approval,Employee E005,9/10/2026 8:49 am
PO312,Approval Status,Approved,Employee E008,9/10/2026 10:49 am
PO313,Approval Status,Pending Approval,Employee E032,9/16/2026 6:09 am
PO313,Approval Status,Approved,Employee E021,9/16/2026 8:09 am
PO314,Approval Status,Pending Approval,Employee E002,9/2/2026 1:12 pm
PO314,Approval Status,Approved,Employee E023,9/2/2026 3:12 pm
PO315,Approval Status,Pending Approval,Employee E029,9/22/2026 7:28 am
PO315,Approval Status,Approved,Employee E039,9/22/2026 9:28 am
PO316,Approval Status,Pending Approval,Employee E035,7/7/2026 9:30 am
PO316,Approval Status,Approved,Employee E034,7/7/2026 11:30 am
PO317,Approval Status,Pending Approval,Employee E010,9/6/2026 10:38 am
PO317,Approval Status,Approved,Employee E013,9/6/2026 12:38 pm
PO318,Approval Status,Pending Approval,Employee E011,8/27/2026 1:25 pm
PO318,Approval Status,Approved,Employee E006,8/27/2026 3:25 pm
PO319,Approval Status,Pending Approval,Employee E017,7/29/2026 1:14 pm
PO319,Approval Status,Approved,Employee E040,7/29/2026 3:14 pm
PO320,Approval Status,Pending Approval,Employee E007,7/8/2026 6:33 am
PO320,Approval Status,Approved,Employee E039,7/8/2026 8:33 am
PO321,Approval Status,Pending Approval,Employee E030,7/14/2026 2:09 pm
PO321,Approval Status,Approved,Employee E015,7/14/2026 4:09 pm
PO322,Approval Status,Pending Approval,Employee E001,9/24/2026 10:24 am
PO322,Approval Status,Approved,Employee E022,9/24/2026 12:24 pm
PO323,Approval Status,Pending Approval,Employee E001,8/5/2026 12:15 pm
PO323,Approval Status,Approved,Employee E019,8/5/2026 2:15 pm
PO324,Approval Status,Pending Approval,Employee E033,7/16/2026 1:15 pm
PO324,Approval Status,Approved,Employee E021,7/16/2026 3:15 pm
PO325,Approval Status,Pending Approval,Employee E018,7/5/2026 2:51 pm
PO325,Approval Status,Approved,Employee E039,7/5/2026 4:51 pm
PO326,Approval Status,Pending Approval,Employee E029,7/29/2026 7:03 am
PO326,Approval Status,Approved,Employee E008,7/29/2026 9:03 am
PO327,Approval Status,Pending Approval,Employee E004,8/5/2026 8:03 am
PO327,Approval Status,Approved,Employee E023,8/5/2026 10:03 am
PO328,Approval Status,Pending Approval,Employee E004,8/6/2026 12:15 pm
PO328,Approval Status,Approved,Employee E021,8/6/2026 2:15 pm
PO329,Approval Status,Pending Approval,Employee E007,7/9/2026 11:07 am
PO329,Approval Status,Approved,Employee E040,7/9/2026 1:07 pm
PO330,Approval Status,Pending Approval,Employee E026,8/19/2026 12:46 pm
PO330,Approval Status,Approved,Employee E022,8/19/2026 2:46 pm
PO331,Approval Status,Pending Approval,Employee E010,7/16/2026 6:28 am
PO331,Approval Status,Approved,Employee E013,7/16/2026 8:28 am
PO332,Approval Status,Pending Approval,Employee E014,7/9/2026 12:08 pm
PO332,Approval Status,Approved,Employee E019,7/9/2026 2:08 pm
PO333,Approval Status,Pending Approval,Employee E030,9/23/2026 8:43 am
PO333,Approval Status,Approved,Employee E019,9/23/2026 10:43 am
PO334,Approval Status,Pending Approval,Employee E038,8/18/2026 12:26 pm
PO334,Approval Status,Approved,Employee E024,8/18/2026 2:26 pm
PO335,Approval Status,Pending Approval,Employee E035,9/13/2026 6:30 am
PO335,Approval Status,Approved,Employee E039,9/13/2026 8:30 am
PO336,Approval Status,Pending Approval,Employee E032,7/15/2026 1:40 pm
PO336,Approval Status,Approved,Employee E024,7/15/2026 3:40 pm
PO337,Approval Status,Pending Approval,Employee E012,8/26/2026 11:52 am
PO337,Approval Status,Approved,Employee E036,8/26/2026 1:52 pm
PO338,Approval Status,Pending Approval,Employee E002,8/17/2026 12:17 pm
PO338,Approval Status,Approved,Employee E024,8/17/2026 2:17 pm
PO339,Approval Status,Pending Approval,Employee E038,8/5/2026 11:19 am
PO339,Approval Status,Approved,Employee E024,8/5/2026 1:19 pm
PO340,Approval Status,Pending Approval,Employee E032,7/26/2026 6:21 am
PO340,Approval Status,Approved,Employee E013,7/26/2026 8:21 am
PO341,Approval Status,Pending Approval,Employee E001,7/22/2026 11:13 am
PO341,Approval Status,Approved,Employee E019,7/22/2026 1:13 pm
PO342,Approval Status,Pending Approval,Employee E026,7/19/2026 9:00 am
PO342,Approval Status,Approved,Employee E022,7/19/2026 11:00 am
PO343,Approval Status,Pending Approval,Employee E017,8/13/2026 12:10 pm
PO343,Approval Status,Approved,Employee E040,8/13/2026 2:10 pm
PO344,Approval Status,Pending Approval,Employee E007,7/2/2026 6:32 am
PO344,Approval Status,Approved,Employee E013,7/2/2026 8:32 am
PO345,Approval Status,Pending Approval,Employee E029,7/13/2026 12:01 pm
PO345,Approval Status,Approved,Employee E024,7/13/2026 2:01 pm
PO346,Approval Status,Pending Approval,Employee E017,7/2/2026 11:04 am
PO346,Approval Status,Approved,Employee E040,7/2/2026 1:04 pm
PO347,Approval Status,Pending Approval,Employee E038,7/14/2026 2:39 pm
PO347,Approval Status,Approved,Employee E036,7/14/2026 4:39 pm
PO348,Approval Status,Pending Approval,Employee E037,9/7/2026 11:49 am
PO348,Approval Status,Approved,Employee E015,9/7/2026 1:49 pm
PO349,Approval Status,Pending Approval,Employee E031,7/19/2026 9:07 am
PO349,Approval Status,Approved,Employee E040,7/19/2026 11:07 am
PO350,Approval Status,Pending Approval,Employee E030,9/9/2026 11:21 am
PO350,Approval Status,Approved,Employee E020,9/9/2026 1:21 pm
PO351,Approval Status,Pending Approval,Employee E032,9/14/2026 10:10 am
PO351,Approval Status,Approved,Employee E022,9/14/2026 12:10 pm
PO352,Approval Status,Pending Approval,Employee E012,9/16/2026 6:28 am
PO352,Approval Status,Approved,Employee E039,9/16/2026 8:28 am
PO353,Approval Status,Pending Approval,Employee E010,8/11/2026 2:22 pm
PO353,Approval Status,Approved,Employee E019,8/11/2026 4:22 pm
PO354,Approval Status,Pending Approval,Employee E012,7/28/2026 9:32 am
PO354,Approval Status,Approved,Employee E024,7/28/2026 11:32 am
PO355,Approval Status,Pending Approval,Employee E038,7/13/2026 2:45 pm
PO355,Approval Status,Approved,Employee E006,7/13/2026 4:45 pm
PO356,Approval Status,Pending Approval,Employee E027,7/29/2026 10:53 am
PO356,Approval Status,Approved,Employee E021,7/29/2026 12:53 pm
PO357,Approval Status,Pending Approval,Employee E004,8/12/2026 1:19 pm
PO357,Approval Status,Approved,Employee E006,8/12/2026 3:19 pm
PO358,Approval Status,Pending Approval,Employee E032,8/12/2026 11:35 am
PO358,Approval Status,Approved,Employee E020,8/12/2026 1:35 pm
PO359,Approval Status,Pending Approval,Employee E025,7/9/2026 7:04 am
PO359,Approval Status,Approved,Employee E019,7/9/2026 9:04 am
PO360,Approval Status,Pending Approval,Employee E029,9/16/2026 2:46 pm
PO360,Approval Status,Approved,Employee E015,9/16/2026 4:46 pm
PO361,Approval Status,Pending Approval,Employee E011,9/20/2026 2:11 pm
PO361,Approval Status,Approved,Employee E039,9/20/2026 4:11 pm
PO362,Approval Status,Pending Approval,Employee E016,7/27/2026 9:30 am
PO362,Approval Status,Approved,Employee E020,7/27/2026 11:30 am
PO363,Approval Status,Pending Approval,Employee E003,7/22/2026 9:44 am
PO363,Approval Status,Approved,Employee E036,7/22/2026 11:44 am
PO364,Approval Status,Pending Approval,Employee E002,9/14/2026 2:01 pm
PO364,Approval Status,Approved,Employee E013,9/14/2026 4:01 pm
PO365,Approval Status,Pending Approval,Employee E007,7/20/2026 9:32 am
PO365,Approval Status,Approved,Employee E021,7/20/2026 11:32 am
PO366,Approval Status,Pending Approval,Employee E005,7/29/2026 10:12 am
PO366,Approval Status,Approved,Employee E013,7/29/2026 12:12 pm
PO367,Approval Status,Pending Approval,Employee E002,8/9/2026 10:37 am
PO367,Approval Status,Approved,Employee E036,8/9/2026 12:37 pm
PO368,Approval Status,Pending Approval,Employee E001,8/9/2026 12:39 pm
PO368,Approval Status,Approved,Employee E020,8/9/2026 2:39 pm
PO369,Approval Status,Pending Approval,Employee E003,9/9/2026 7:38 am
PO369,Approval Status,Approved,Employee E039,9/9/2026 9:38 am
PO370,Approval Status,Pending Approval,Employee E030,9/13/2026 12:18 pm
PO370,Approval Status,Approved,Employee E023,9/13/2026 2:18 pm
PO371,Approval Status,Pending Approval,Employee E032,8/27/2026 1:50 pm
PO371,Approval Status,Approved,Employee E015,8/27/2026 3:50 pm
PO372,Approval Status,Pending Approval,Employee E001,7/16/2026 2:45 pm
PO372,Approval Status,Approved,Employee E019,7/16/2026 4:45 pm
PO373,Approval Status,Pending Approval,Employee E028,8/17/2026 11:20 am
PO373,Approval Status,Approved,Employee E024,8/17/2026 1:20 pm
PO374,Approval Status,Pending Approval,Employee E005,9/21/2026 1:47 pm
PO374,Approval Status,Approved,Employee E040,9/21/2026 3:47 pm
PO375,Approval Status,Pending Approval,Employee E012,8/31/2026 11:06 am
PO375,Approval Status,Approved,Employee E039,8/31/2026 1:06 pm
PO376,Approval Status,Pending Approval,Employee E018,8/2/2026 1:07 pm
PO376,Approval Status,Approved,Employee E013,8/2/2026 3:07 pm
PO377,Approval Status,Pending Approval,Employee E037,7/12/2026 8:29 am
PO377,Approval Status,Approved,Employee E036,7/12/2026 10:29 am
PO378,Approval Status,Pending Approval,Employee E007,7/5/2026 10:38 am
PO378,Approval Status,Approved,Employee E021,7/5/2026 12:38 pm
PO379,Approval Status,Pending Approval,Employee E028,8/24/2026 11:48 am
PO379,Approval Status,Approved,Employee E039,8/24/2026 1:48 pm
PO380,Approval Status,Pending Approval,Employee E031,7/9/2026 9:13 am
PO380,Approval Status,Approved,Employee E008,7/9/2026 11:13 am
PO381,Approval Status,Pending Approval,Employee E032,7/30/2026 7:54 am
PO381,Approval Status,Approved,Employee E039,7/30/2026 9:54 am
PO382,Approval Status,Pending Approval,Employee E037,8/23/2026 6:31 am
PO382,Approval Status,Approved,Employee E040,8/23/2026 8:31 am
PO383,Approval Status,Pending Approval,Employee E002,9/7/2026 10:14 am
PO383,Approval Status,Approved,Employee E015,9/7/2026 12:14 pm
PO384,Approval Status,Pending Approval,Employee E007,9/9/2026 7:17 am
PO384,Approval Status,Approved,Employee E024,9/9/2026 9:17 am
PO385,Approval Status,Pending Approval,Employee E004,7/7/2026 9:10 am
PO385,Approval Status,Approved,Employee E019,7/7/2026 11:10 am
PO386,Approval Status,Pending Approval,Employee E009,8/13/2026 1:06 pm
PO386,Approval Status,Approved,Employee E021,8/13/2026 3:06 pm
PO387,Approval Status,Pending Approval,Employee E004,7/14/2026 10:31 am
PO387,Approval Status,Approved,Employee E040,7/14/2026 12:31 pm
PO388,Approval Status,Pending Approval,Employee E026,7/22/2026 2:32 pm
PO388,Approval Status,Approved,Employee E013,7/22/2026 4:32 pm
PO389,Approval Status,Pending Approval,Employee E018,9/15/2026 9:21 am
PO389,Approval Status,Approved,Employee E013,9/15/2026 11:21 am
PO390,Approval Status,Pending Approval,Employee E007,9/15/2026 9:27 am
PO390,Approval Status,Approved,Employee E022,9/15/2026 11:27 am
PO391,Approval Status,Pending Approval,Employee E012,9/8/2026 2:56 pm
PO391,Approval Status,Approved,Employee E036,9/8/2026 4:56 pm
PO392,Approval Status,Pending Approval,Employee E018,9/2/2026 12:24 pm
PO392,Approval Status,Approved,Employee E015,9/2/2026 2:24 pm
PO393,Approval Status,Pending Approval,Employee E017,8/4/2026 7:05 am
PO393,Approval Status,Approved,Employee E019,8/4/2026 9:05 am
PO394,Approval Status,Pending Approval,Employee E030,8/31/2026 12:35 pm
PO394,Approval Status,Approved,Employee E034,8/31/2026 2:35 pm
PO395,Approval Status,Pending Approval,Employee E032,7/16/2026 6:52 am
PO395,Approval Status,Approved,Employee E023,7/16/2026 8:52 am
PO396,Approval Status,Pending Approval,Employee E017,9/3/2026 6:24 am
PO396,Approval Status,Approved,Employee E021,9/3/2026 8:24 am
PO397,Approval Status,Pending Approval,Employee E009,9/13/2026 12:49 pm
PO397,Approval Status,Approved,Employee E006,9/13/2026 2:49 pm
PO398,Approval Status,Pending Approval,Employee E026,8/11/2026 12:10 pm
PO398,Approval Status,Approved,Employee E023,8/11/2026 2:10 pm
PO399,Approval Status,Pending Approval,Employee E032,7/20/2026 6:49 am
PO399,Approval Status,Approved,Employee E020,7/20/2026 8:49 am
PO400,Approval Status,Pending Approval,Employee E004,8/13/2026 6:54 am
PO400,Approval Status,Approved,Employee E019,8/13/2026 8:54 am
PO401,Approval Status,Pending Approval,Employee E010,8/13/2026 2:52 pm
PO401,Approval Status,Approved,Employee E015,8/13/2026 4:52 pm
PO402,Approval Status,Pending Approval,Employee E025,8/11/2026 8:35 am
PO402,Approval Status,Approved,Employee E034,8/11/2026 10:35 am
PO403,Approval Status,Pending Approval,Employee E035,9/9/2026 2:27 pm
PO403,Approval Status,Approved,Employee E039,9/9/2026 4:27 pm
PO404,Approval Status,Pending Approval,Employee E029,8/13/2026 7:30 am
PO404,Approval Status,Approved,Employee E020,8/13/2026 9:30 am
PO405,Approval Status,Pending Approval,Employee E035,8/3/2026 1:01 pm
PO405,Approval Status,Approved,Employee E008,8/3/2026 3:01 pm
PO406,Approval Status,Pending Approval,Employee E030,8/5/2026 9:02 am
PO406,Approval Status,Approved,Employee E019,8/5/2026 11:02 am
PO407,Approval Status,Pending Approval,Employee E003,7/12/2026 10:53 am
PO407,Approval Status,Approved,Employee E023,7/12/2026 12:53 pm
PO408,Approval Status,Pending Approval,Employee E011,9/23/2026 11:56 am
PO408,Approval Status,Approved,Employee E021,9/23/2026 1:56 pm
PO409,Approval Status,Pending Approval,Employee E028,8/16/2026 11:18 am
PO409,Approval Status,Approved,Employee E019,8/16/2026 1:18 pm
PO410,Approval Status,Pending Approval,Employee E007,9/30/2026 6:45 am
PO410,Approval Status,Approved,Employee E034,9/30/2026 8:45 am
PO411,Approval Status,Pending Approval,Employee E037,7/14/2026 10:01 am
PO411,Approval Status,Approved,Employee E034,7/14/2026 12:01 pm
PO412,Approval Status,Pending Approval,Employee E001,9/28/2026 10:10 am
PO412,Approval Status,Approved,Employee E040,9/28/2026 12:10 pm
PO413,Approval Status,Pending Approval,Employee E026,9/28/2026 11:15 am
PO413,Approval Status,Approved,Employee E019,9/28/2026 1:15 pm
PO414,Approval Status,Pending Approval,Employee E002,8/4/2026 7:52 am
PO414,Approval Status,Approved,Employee E008,8/4/2026 9:52 am
PO415,Approval Status,Pending Approval,Employee E003,9/27/2026 10:51 am
PO415,Approval Status,Approved,Employee E013,9/27/2026 12:51 pm
PO416,Approval Status,Pending Approval,Employee E031,8/16/2026 1:41 pm
PO416,Approval Status,Approved,Employee E020,8/16/2026 3:41 pm
PO417,Approval Status,Pending Approval,Employee E001,8/3/2026 11:01 am
PO417,Approval Status,Approved,Employee E020,8/3/2026 1:01 pm
PO418,Approval Status,Pending Approval,Employee E009,7/21/2026 7:54 am
PO418,Approval Status,Approved,Employee E034,7/21/2026 9:54 am
PO419,Approval Status,Pending Approval,Employee E029,9/7/2026 9:36 am
PO419,Approval Status,Approved,Employee E019,9/7/2026 11:36 am
PO420,Approval Status,Pending Approval,Employee E017,7/1/2026 8:58 am
PO420,Approval Status,Approved,Employee E008,7/1/2026 10:58 am
PO421,Approval Status,Pending Approval,Employee E028,9/29/2026 7:26 am
PO421,Approval Status,Approved,Employee E013,9/29/2026 9:26 am
PO422,Approval Status,Pending Approval,Employee E031,9/15/2026 7:28 am
PO422,Approval Status,Approved,Employee E006,9/15/2026 9:28 am
PO423,Approval Status,Pending Approval,Employee E026,7/13/2026 10:53 am
PO423,Approval Status,Approved,Employee E039,7/13/2026 12:53 pm
PO424,Approval Status,Pending Approval,Employee E001,8/24/2026 12:20 pm
PO424,Approval Status,Approved,Employee E013,8/24/2026 2:20 pm
PO425,Approval Status,Pending Approval,Employee E031,9/21/2026 9:45 am
PO425,Approval Status,Approved,Employee E036,9/21/2026 11:45 am
PO426,Approval Status,Pending Approval,Employee E027,8/24/2026 6:30 am
PO426,Approval Status,Approved,Employee E020,8/24/2026 8:30 am
PO427,Approval Status,Pending Approval,Employee E004,7/22/2026 1:11 pm
PO427,Approval Status,Approved,Employee E006,7/22/2026 3:11 pm
PO428,Approval Status,Pending Approval,Employee E005,7/30/2026 12:04 pm
PO428,Approval Status,Approved,Employee E034,7/30/2026 2:04 pm
PO429,Approval Status,Pending Approval,Employee E033,9/16/2026 11:12 am
PO429,Approval Status,Approved,Employee E008,9/16/2026 1:12 pm
PO430,Approval Status,Pending Approval,Employee E018,7/9/2026 11:10 am
PO430,Approval Status,Approved,Employee E024,7/9/2026 1:10 pm
PO431,Approval Status,Pending Approval,Employee E025,9/13/2026 9:27 am
PO431,Approval Status,Approved,Employee E034,9/13/2026 11:27 am
PO432,Approval Status,Pending Approval,Employee E026,9/28/2026 2:34 pm
PO432,Approval Status,Approved,Employee E036,9/28/2026 4:34 pm
PO433,Approval Status,Pending Approval,Employee E026,8/4/2026 9:56 am
PO433,Approval Status,Approved,Employee E013,8/4/2026 11:56 am
PO434,Approval Status,Pending Approval,Employee E028,8/4/2026 11:04 am
PO434,Approval Status,Approved,Employee E022,8/4/2026 1:04 pm
PO435,Approval Status,Pending Approval,Employee E018,7/6/2026 2:16 pm
PO435,Approval Status,Approved,Employee E040,7/6/2026 4:16 pm
PO436,Approval Status,Pending Approval,Employee E029,9/16/2026 11:18 am
PO436,Approval Status,Approved,Employee E034,9/16/2026 1:18 pm
PO437,Approval Status,Pending Approval,Employee E032,9/28/2026 8:53 am
PO437,Approval Status,Approved,Employee E022,9/28/2026 10:53 am
PO438,Approval Status,Pending Approval,Employee E011,9/8/2026 8:18 am
PO438,Approval Status,Approved,Employee E006,9/8/2026 10:18 am
PO439,Approval Status,Pending Approval,Employee E017,9/28/2026 1:57 pm
PO439,Approval Status,Approved,Employee E019,9/28/2026 3:57 pm
PO440,Approval Status,Pending Approval,Employee E033,9/8/2026 9:20 am
PO440,Approval Status,Approved,Employee E015,9/8/2026 11:20 am
PO441,Approval Status,Pending Approval,Employee E037,9/3/2026 7:49 am
PO441,Approval Status,Approved,Employee E022,9/3/2026 9:49 am
PO442,Approval Status,Pending Approval,Employee E031,9/28/2026 9:02 am
PO442,Approval Status,Approved,Employee E019,9/28/2026 11:02 am
PO443,Approval Status,Pending Approval,Employee E037,7/28/2026 7:23 am
PO443,Approval Status,Approved,Employee E006,7/28/2026 9:23 am
PO444,Approval Status,Pending Approval,Employee E007,7/6/2026 10:53 am
PO444,Approval Status,Approved,Employee E034,7/6/2026 12:53 pm
PO445,Approval Status,Pending Approval,Employee E014,7/21/2026 11:09 am
PO445,Approval Status,Approved,Employee E021,7/21/2026 1:09 pm
PO446,Approval Status,Pending Approval,Employee E011,7/13/2026 11:06 am
PO446,Approval Status,Approved,Employee E006,7/13/2026 1:06 pm
PO447,Approval Status,Pending Approval,Employee E029,9/23/2026 6:48 am
PO447,Approval Status,Approved,Employee E015,9/23/2026 8:48 am
PO448,Approval Status,Pending Approval,Employee E031,8/2/2026 7:43 am
PO448,Approval Status,Approved,Employee E008,8/2/2026 9:43 am
PO449,Approval Status,Pending Approval,Employee E014,9/29/2026 6:40 am
PO449,Approval Status,Approved,Employee E015,9/29/2026 8:40 am
PO450,Approval Status,Pending Approval,Employee E012,7/16/2026 6:12 am
PO450,Approval Status,Approved,Employee E036,7/16/2026 8:12 am
PO451,Approval Status,Pending Approval,Employee E029,7/6/2026 1:24 pm
PO451,Approval Status,Approved,Employee E034,7/6/2026 3:24 pm
PO452,Approval Status,Pending Approval,Employee E009,7/7/2026 9:42 am
PO452,Approval Status,Approved,Employee E036,7/7/2026 11:42 am
PO453,Approval Status,Pending Approval,Employee E003,9/2/2026 8:52 am
PO453,Approval Status,Approved,Employee E034,9/2/2026 10:52 am
PO454,Approval Status,Pending Approval,Employee E018,7/1/2026 8:46 am
PO454,Approval Status,Approved,Employee E006,7/1/2026 10:46 am
PO455,Approval Status,Pending Approval,Employee E026,7/1/2026 2:42 pm
PO455,Approval Status,Approved,Employee E021,7/1/2026 4:42 pm
PO456,Approval Status,Pending Approval,Employee E012,8/25/2026 9:34 am
PO456,Approval Status,Approved,Employee E039,8/25/2026 11:34 am
PO457,Approval Status,Pending Approval,Employee E012,9/15/2026 1:10 pm
PO457,Approval Status,Approved,Employee E019,9/15/2026 3:10 pm
PO458,Approval Status,Pending Approval,Employee E001,9/22/2026 1:15 pm
PO458,Approval Status,Approved,Employee E040,9/22/2026 3:15 pm
PO459,Approval Status,Pending Approval,Employee E025,9/20/2026 2:41 pm
PO459,Approval Status,Approved,Employee E034,9/20/2026 4:41 pm
PO460,Approval Status,Pending Approval,Employee E012,9/1/2026 10:22 am
PO460,Approval Status,Approved,Employee E034,9/1/2026 12:22 pm
PO461,Approval Status,Pending Approval,Employee E002,9/22/2026 11:32 am
PO461,Approval Status,Approved,Employee E015,9/22/2026 1:32 pm
PO462,Approval Status,Pending Approval,Employee E005,8/31/2026 10:32 am
PO462,Approval Status,Approved,Employee E015,8/31/2026 12:32 pm
PO463,Approval Status,Pending Approval,Employee E035,8/23/2026 7:36 am
PO463,Approval Status,Approved,Employee E008,8/23/2026 9:36 am
PO464,Approval Status,Pending Approval,Employee E027,7/22/2026 2:23 pm
PO464,Approval Status,Approved,Employee E008,7/22/2026 4:23 pm
PO465,Approval Status,Pending Approval,Employee E018,9/21/2026 9:28 am
PO465,Approval Status,Approved,Employee E015,9/21/2026 11:28 am
PO466,Approval Status,Pending Approval,Employee E010,8/5/2026 12:42 pm
PO466,Approval Status,Approved,Employee E023,8/5/2026 2:42 pm
PO467,Approval Status,Pending Approval,Employee E018,7/26/2026 11:42 am
PO467,Approval Status,Approved,Employee E022,7/26/2026 1:42 pm
PO468,Approval Status,Pending Approval,Employee E033,7/7/2026 7:10 am
PO468,Approval Status,Approved,Employee E024,7/7/2026 9:10 am
PO469,Approval Status,Pending Approval,Employee E002,9/10/2026 2:31 pm
PO469,Approval Status,Approved,Employee E008,9/10/2026 4:31 pm
PO470,Approval Status,Pending Approval,Employee E011,7/12/2026 2:02 pm
PO470,Approval Status,Approved,Employee E036,7/12/2026 4:02 pm
PO471,Approval Status,Pending Approval,Employee E035,8/25/2026 6:50 am
PO471,Approval Status,Approved,Employee E022,8/25/2026 8:50 am
PO472,Approval Status,Pending Approval,Employee E028,7/15/2026 6:09 am
PO472,Approval Status,Approved,Employee E013,7/15/2026 8:09 am
PO473,Approval Status,Pending Approval,Employee E027,9/1/2026 8:16 am
PO473,Approval Status,Approved,Employee E015,9/1/2026 10:16 am
PO474,Approval Status,Pending Approval,Employee E005,8/12/2026 1:31 pm
PO474,Approval Status,Approved,Employee E040,8/12/2026 3:31 pm
PO475,Approval Status,Pending Approval,Employee E037,8/2/2026 1:21 pm
PO475,Approval Status,Approved,Employee E021,8/2/2026 3:21 pm
PO476,Approval Status,Pending Approval,Employee E032,9/14/2026 1:31 pm
PO476,Approval Status,Approved,Employee E013,9/14/2026 3:31 pm
PO477,Approval Status,Pending Approval,Employee E017,9/15/2026 6:58 am
PO477,Approval Status,Approved,Employee E023,9/15/2026 8:58 am
PO478,Approval Status,Pending Approval,Employee E037,7/6/2026 9:15 am
PO478,Approval Status,Approved,Employee E008,7/6/2026 11:15 am
PO479,Approval Status,Pending Approval,Employee E028,7/16/2026 11:36 am
PO479,Approval Status,Approved,Employee E040,7/16/2026 1:36 pm
PO480,Approval Status,Pending Approval,Employee E033,8/16/2026 7:24 am
PO480,Approval Status,Approved,Employee E039,8/16/2026 9:24 am
PO481,Approval Status,Pending Approval,Employee E031,9/17/2026 9:14 am
PO481,Approval Status,Approved,Employee E021,9/17/2026 11:14 am
PO482,Approval Status,Pending Approval,Employee E001,9/17/2026 12:22 pm
PO482,Approval Status,Approved,Employee E040,9/17/2026 2:22 pm
PO483,Approval Status,Pending Approval,Employee E002,9/16/2026 6:39 am
PO483,Approval Status,Approved,Employee E006,9/16/2026 8:39 am
PO484,Approval Status,Pending Approval,Employee E018,8/18/2026 9:06 am
PO484,Approval Status,Approved,Employee E034,8/18/2026 11:06 am
PO485,Approval Status,Pending Approval,Employee E035,7/28/2026 1:50 pm
PO485,Approval Status,Approved,Employee E020,7/28/2026 3:50 pm
PO486,Approval Status,Pending Approval,Employee E003,9/13/2026 7:29 am
PO486,Approval Status,Approved,Employee E023,9/13/2026 9:29 am
PO487,Approval Status,Pending Approval,Employee E018,8/6/2026 10:49 am
PO487,Approval Status,Approved,Employee E039,8/6/2026 12:49 pm
PO488,Approval Status,Pending Approval,Employee E025,7/27/2026 9:45 am
PO488,Approval Status,Approved,Employee E020,7/27/2026 11:45 am
PO489,Approval Status,Pending Approval,Employee E011,9/8/2026 7:21 am
PO489,Approval Status,Approved,Employee E040,9/8/2026 9:21 am
PO490,Approval Status,Pending Approval,Employee E005,7/16/2026 8:53 am
PO490,Approval Status,Approved,Employee E015,7/16/2026 10:53 am
PO491,Approval Status,Pending Approval,Employee E032,7/29/2026 12:06 pm
PO491,Approval Status,Approved,Employee E036,7/29/2026 2:06 pm
PO492,Approval Status,Pending Approval,Employee E032,7/27/2026 12:07 pm
PO492,Approval Status,Approved,Employee E036,7/27/2026 2:07 pm
PO493,Approval Status,Pending Approval,Employee E032,8/30/2026 10:49 am
PO493,Approval Status,Approved,Employee E019,8/30/2026 12:49 pm
PO494,Approval Status,Pending Approval,Employee E030,8/30/2026 6:59 am
PO494,Approval Status,Approved,Employee E036,8/30/2026 8:59 am
PO495,Approval Status,Pending Approval,Employee E004,7/14/2026 11:10 am
PO495,Approval Status,Approved,Employee E008,7/14/2026 1:10 pm
PO496,Approval Status,Pending Approval,Employee E012,9/20/2026 6:25 am
PO496,Approval Status,Approved,Employee E006,9/20/2026 8:25 am
PO497,Approval Status,Pending Approval,Employee E035,8/6/2026 8:28 am
PO497,Approval Status,Approved,Employee E021,8/6/2026 10:28 am
PO498,Approval Status,Pending Approval,Employee E031,8/19/2026 1:17 pm
PO498,Approval Status,Approved,Employee E015,8/19/2026 3:17 pm
PO499,Approval Status,Pending Approval,Employee E032,9/14/2026 8:54 am
PO499,Approval Status,Approved,Employee E024,9/14/2026 10:54 am
PO500,Approval Status,Pending Approval,Employee E033,8/18/2026 9:37 am
PO500,Approval Status,Approved,Employee E021,8/18/2026 11:37 am
PO501,Approval Status,Pending Approval,Employee E011,9/28/2026 6:21 am
PO501,Approval Status,Approved,Employee E039,9/28/2026 8:21 am
PO502,Approval Status,Pending Approval,Employee E004,9/21/2026 7:49 am
PO502,Approval Status,Approved,Employee E020,9/21/2026 9:49 am
PO503,Approval Status,Pending Approval,Employee E002,7/29/2026 2:24 pm
PO503,Approval Status,Approved,Employee E013,7/29/2026 4:24 pm
PO504,Approval Status,Pending Approval,Employee E003,8/16/2026 7:16 am
PO504,Approval Status,Approved,Employee E024,8/16/2026 9:16 am
PO505,Approval Status,Pending Approval,Employee E033,9/8/2026 2:31 pm
PO505,Approval Status,Approved,Employee E015,9/8/2026 4:31 pm
PO506,Approval Status,Pending Approval,Employee E018,9/27/2026 8:13 am
PO506,Approval Status,Approved,Employee E036,9/27/2026 10:13 am
PO507,Approval Status,Pending Approval,Employee E003,7/28/2026 7:43 am
PO507,Approval Status,Approved,Employee E036,7/28/2026 9:43 am
PO508,Approval Status,Pending Approval,Employee E025,7/27/2026 6:30 am
PO508,Approval Status,Approved,Employee E013,7/27/2026 8:30 am
PO509,Approval Status,Pending Approval,Employee E011,7/27/2026 8:26 am
PO509,Approval Status,Approved,Employee E024,7/27/2026 10:26 am
PO510,Approval Status,Pending Approval,Employee E004,9/14/2026 11:58 am
PO510,Approval Status,Approved,Employee E021,9/14/2026 1:58 pm
PO511,Approval Status,Pending Approval,Employee E033,8/31/2026 1:35 pm
PO511,Approval Status,Approved,Employee E040,8/31/2026 3:35 pm
PO512,Approval Status,Pending Approval,Employee E011,8/2/2026 12:41 pm
PO512,Approval Status,Approved,Employee E020,8/2/2026 2:41 pm
PO513,Approval Status,Pending Approval,Employee E007,9/8/2026 1:30 pm
PO513,Approval Status,Approved,Employee E036,9/8/2026 3:30 pm
PO514,Approval Status,Pending Approval,Employee E009,7/14/2026 2:24 pm
PO514,Approval Status,Approved,Employee E036,7/14/2026 4:24 pm
PO515,Approval Status,Pending Approval,Employee E017,8/19/2026 2:30 pm
PO515,Approval Status,Approved,Employee E020,8/19/2026 4:30 pm
PO516,Approval Status,Pending Approval,Employee E025,8/24/2026 1:54 pm
PO516,Approval Status,Approved,Employee E013,8/24/2026 3:54 pm
PO517,Approval Status,Pending Approval,Employee E035,8/6/2026 1:31 pm
PO517,Approval Status,Approved,Employee E022,8/6/2026 3:31 pm
PO518,Approval Status,Pending Approval,Employee E007,7/2/2026 11:54 am
PO518,Approval Status,Approved,Employee E008,7/2/2026 1:54 pm
PO519,Approval Status,Pending Approval,Employee E032,9/13/2026 11:28 am
PO519,Approval Status,Approved,Employee E040,9/13/2026 1:28 pm
PO520,Approval Status,Pending Approval,Employee E003,7/29/2026 10:20 am
PO520,Approval Status,Approved,Employee E019,7/29/2026 12:20 pm
PO521,Approval Status,Pending Approval,Employee E035,7/7/2026 2:11 pm
PO521,Approval Status,Approved,Employee E039,7/7/2026 4:11 pm
PO522,Approval Status,Pending Approval,Employee E025,9/9/2026 1:14 pm
PO522,Approval Status,Approved,Employee E021,9/9/2026 3:14 pm
PO523,Approval Status,Pending Approval,Employee E011,9/2/2026 8:03 am
PO523,Approval Status,Approved,Employee E006,9/2/2026 10:03 am
PO524,Approval Status,Pending Approval,Employee E017,9/28/2026 10:20 am
PO524,Approval Status,Approved,Employee E036,9/28/2026 12:20 pm
PO525,Approval Status,Pending Approval,Employee E003,7/5/2026 9:53 am
PO525,Approval Status,Approved,Employee E013,7/5/2026 11:53 am
PO526,Approval Status,Pending Approval,Employee E031,9/30/2026 9:40 am
PO526,Approval Status,Approved,Employee E034,9/30/2026 11:40 am
PO527,Approval Status,Pending Approval,Employee E037,9/30/2026 2:22 pm
PO527,Approval Status,Approved,Employee E039,9/30/2026 4:22 pm
PO528,Approval Status,Pending Approval,Employee E007,8/6/2026 7:30 am
PO528,Approval Status,Approved,Employee E024,8/6/2026 9:30 am
PO529,Approval Status,Pending Approval,Employee E018,7/26/2026 9:12 am
PO529,Approval Status,Approved,Employee E015,7/26/2026 11:12 am
PO530,Approval Status,Pending Approval,Employee E009,7/16/2026 2:03 pm
PO530,Approval Status,Approved,Employee E024,7/16/2026 4:03 pm
PO531,Approval Status,Pending Approval,Employee E009,8/5/2026 8:15 am
PO531,Approval Status,Approved,Employee E034,8/5/2026 10:15 am
PO532,Approval Status,Pending Approval,Employee E032,9/17/2026 11:25 am
PO532,Approval Status,Approved,Employee E020,9/17/2026 1:25 pm
PO533,Approval Status,Pending Approval,Employee E011,7/29/2026 6:37 am
PO533,Approval Status,Approved,Employee E020,7/29/2026 8:37 am
PO534,Approval Status,Pending Approval,Employee E038,8/10/2026 2:03 pm
PO534,Approval Status,Approved,Employee E015,8/10/2026 4:03 pm
PO535,Approval Status,Pending Approval,Employee E038,9/9/2026 9:32 am
PO535,Approval Status,Approved,Employee E020,9/9/2026 11:32 am
PO536,Approval Status,Pending Approval,Employee E037,8/10/2026 1:14 pm
PO536,Approval Status,Approved,Employee E040,8/10/2026 3:14 pm
PO537,Approval Status,Pending Approval,Employee E038,9/2/2026 1:15 pm
PO537,Approval Status,Approved,Employee E020,9/2/2026 3:15 pm
PO538,Approval Status,Pending Approval,Employee E027,9/29/2026 9:38 am
PO538,Approval Status,Approved,Employee E022,9/29/2026 11:38 am
PO539,Approval Status,Pending Approval,Employee E012,8/30/2026 11:13 am
PO539,Approval Status,Approved,Employee E015,8/30/2026 1:13 pm
PO540,Approval Status,Pending Approval,Employee E001,7/16/2026 8:25 am
PO540,Approval Status,Approved,Employee E013,7/16/2026 10:25 am
PO541,Approval Status,Pending Approval,Employee E004,7/22/2026 1:44 pm
PO541,Approval Status,Approved,Employee E024,7/22/2026 3:44 pm
PO542,Approval Status,Pending Approval,Employee E010,8/24/2026 9:03 am
PO542,Approval Status,Approved,Employee E040,8/24/2026 11:03 am
PO543,Approval Status,Pending Approval,Employee E012,8/16/2026 10:52 am
PO543,Approval Status,Approved,Employee E022,8/16/2026 12:52 pm
PO544,Approval Status,Pending Approval,Employee E004,8/26/2026 12:19 pm
PO544,Approval Status,Approved,Employee E034,8/26/2026 2:19 pm
PO545,Approval Status,Pending Approval,Employee E030,7/9/2026 12:28 pm
PO545,Approval Status,Approved,Employee E006,7/9/2026 2:28 pm
PO546,Approval Status,Pending Approval,Employee E026,8/3/2026 1:00 pm
PO546,Approval Status,Approved,Employee E034,8/3/2026 3:00 pm
PO547,Approval Status,Pending Approval,Employee E011,9/17/2026 7:36 am
PO547,Approval Status,Approved,Employee E040,9/17/2026 9:36 am
PO548,Approval Status,Pending Approval,Employee E030,8/11/2026 7:16 am
PO548,Approval Status,Approved,Employee E036,8/11/2026 9:16 am
PO549,Approval Status,Pending Approval,Employee E026,7/29/2026 1:15 pm
PO549,Approval Status,Approved,Employee E006,7/29/2026 3:15 pm
PO550,Approval Status,Pending Approval,Employee E017,9/10/2026 10:13 am
PO550,Approval Status,Approved,Employee E021,9/10/2026 12:13 pm
PO551,Approval Status,Pending Approval,Employee E035,7/21/2026 1:55 pm
PO551,Approval Status,Approved,Employee E039,7/21/2026 3:55 pm
PO552,Approval Status,Pending Approval,Employee E032,8/17/2026 9:06 am
PO552,Approval Status,Approved,Employee E039,8/17/2026 11:06 am
PO553,Approval Status,Pending Approval,Employee E026,9/20/2026 7:06 am
PO553,Approval Status,Approved,Employee E023,9/20/2026 9:06 am
PO554,Approval Status,Pending Approval,Employee E031,9/28/2026 6:12 am
PO554,Approval Status,Approved,Employee E024,9/28/2026 8:12 am
PO555,Approval Status,Pending Approval,Employee E030,9/20/2026 7:33 am
PO555,Approval Status,Approved,Employee E022,9/20/2026 9:33 am
PO556,Approval Status,Pending Approval,Employee E007,8/2/2026 8:09 am
PO556,Approval Status,Approved,Employee E022,8/2/2026 10:09 am
PO557,Approval Status,Pending Approval,Employee E033,9/22/2026 9:18 am
PO557,Approval Status,Approved,Employee E023,9/22/2026 11:18 am
PO558,Approval Status,Pending Approval,Employee E003,7/27/2026 10:52 am
PO558,Approval Status,Approved,Employee E006,7/27/2026 12:52 pm
PO559,Approval Status,Pending Approval,Employee E033,9/1/2026 10:18 am
PO559,Approval Status,Approved,Employee E024,9/1/2026 12:18 pm
PO560,Approval Status,Pending Approval,Employee E026,7/9/2026 2:02 pm
PO560,Approval Status,Approved,Employee E021,7/9/2026 4:02 pm
PO561,Approval Status,Pending Approval,Employee E004,8/6/2026 12:38 pm
PO561,Approval Status,Approved,Employee E036,8/6/2026 2:38 pm
PO562,Approval Status,Pending Approval,Employee E027,9/17/2026 2:59 pm
PO562,Approval Status,Approved,Employee E040,9/17/2026 4:59 pm
PO563,Approval Status,Pending Approval,Employee E032,9/16/2026 10:55 am
PO563,Approval Status,Approved,Employee E040,9/16/2026 12:55 pm
PO564,Approval Status,Pending Approval,Employee E005,8/12/2026 12:18 pm
PO564,Approval Status,Approved,Employee E022,8/12/2026 2:18 pm
PO565,Approval Status,Pending Approval,Employee E017,8/19/2026 2:54 pm
PO565,Approval Status,Approved,Employee E008,8/19/2026 4:54 pm
PO566,Approval Status,Pending Approval,Employee E004,9/6/2026 7:00 am
PO566,Approval Status,Approved,Employee E040,9/6/2026 9:00 am
PO567,Approval Status,Pending Approval,Employee E005,9/21/2026 2:37 pm
PO567,Approval Status,Approved,Employee E040,9/21/2026 4:37 pm
PO568,Approval Status,Pending Approval,Employee E027,7/20/2026 8:43 am
PO568,Approval Status,Approved,Employee E024,7/20/2026 10:43 am
PO569,Approval Status,Pending Approval,Employee E005,7/29/2026 12:22 pm
PO569,Approval Status,Approved,Employee E006,7/29/2026 2:22 pm
PO570,Approval Status,Pending Approval,Employee E007,8/25/2026 2:49 pm
PO570,Approval Status,Approved,Employee E021,8/25/2026 4:49 pm
PO571,Approval Status,Pending Approval,Employee E002,7/22/2026 1:27 pm
PO571,Approval Status,Approved,Employee E034,7/22/2026 3:27 pm
PO572,Approval Status,Pending Approval,Employee E038,7/6/2026 2:51 pm
PO572,Approval Status,Approved,Employee E019,7/6/2026 4:51 pm
PO573,Approval Status,Pending Approval,Employee E003,7/21/2026 11:34 am
PO573,Approval Status,Approved,Employee E022,7/21/2026 1:34 pm
PO574,Approval Status,Pending Approval,Employee E002,7/8/2026 8:39 am
PO574,Approval Status,Approved,Employee E036,7/8/2026 10:39 am
PO575,Approval Status,Pending Approval,Employee E025,9/30/2026 6:11 am
PO575,Approval Status,Approved,Employee E036,9/30/2026 8:11 am
PO576,Approval Status,Pending Approval,Employee E030,8/24/2026 11:17 am
PO576,Approval Status,Approved,Employee E013,8/24/2026 1:17 pm
PO577,Approval Status,Pending Approval,Employee E033,7/12/2026 2:37 pm
PO577,Approval Status,Approved,Employee E039,7/12/2026 4:37 pm
PO578,Approval Status,Pending Approval,Employee E033,7/16/2026 9:38 am
PO578,Approval Status,Approved,Employee E036,7/16/2026 11:38 am
PO579,Approval Status,Pending Approval,Employee E014,8/6/2026 1:53 pm
PO579,Approval Status,Approved,Employee E013,8/6/2026 3:53 pm
PO580,Approval Status,Pending Approval,Employee E009,9/20/2026 9:49 am
PO580,Approval Status,Approved,Employee E024,9/20/2026 11:49 am
PO581,Approval Status,Pending Approval,Employee E011,9/15/2026 11:23 am
PO581,Approval Status,Approved,Employee E006,9/15/2026 1:23 pm
PO582,Approval Status,Pending Approval,Employee E011,9/16/2026 11:57 am
PO582,Approval Status,Approved,Employee E040,9/16/2026 1:57 pm
PO583,Approval Status,Pending Approval,Employee E033,8/19/2026 10:43 am
PO583,Approval Status,Approved,Employee E020,8/19/2026 12:43 pm
PO584,Approval Status,Pending Approval,Employee E014,8/20/2026 12:34 pm
PO584,Approval Status,Approved,Employee E006,8/20/2026 2:34 pm
PO585,Approval Status,Pending Approval,Employee E004,7/5/2026 9:18 am
PO585,Approval Status,Approved,Employee E039,7/5/2026 11:18 am
PO586,Approval Status,Pending Approval,Employee E037,7/22/2026 2:40 pm
PO586,Approval Status,Approved,Employee E021,7/22/2026 4:40 pm
PO587,Approval Status,Pending Approval,Employee E038,7/30/2026 9:37 am
PO587,Approval Status,Approved,Employee E023,7/30/2026 11:37 am
PO588,Approval Status,Pending Approval,Employee E037,9/8/2026 6:16 am
PO588,Approval Status,Approved,Employee E022,9/8/2026 8:16 am
PO589,Approval Status,Pending Approval,Employee E030,8/3/2026 12:16 pm
PO589,Approval Status,Approved,Employee E039,8/3/2026 2:16 pm
PO590,Approval Status,Pending Approval,Employee E016,7/23/2026 12:08 pm
PO590,Approval Status,Approved,Employee E006,7/23/2026 2:08 pm
PO591,Approval Status,Pending Approval,Employee E011,7/8/2026 12:28 pm
PO591,Approval Status,Approved,Employee E039,7/8/2026 2:28 pm
PO592,Approval Status,Pending Approval,Employee E003,9/7/2026 7:30 am
PO592,Approval Status,Approved,Employee E006,9/7/2026 9:30 am
PO593,Approval Status,Pending Approval,Employee E018,8/11/2026 9:33 am
PO593,Approval Status,Approved,Employee E015,8/11/2026 11:33 am
PO594,Approval Status,Pending Approval,Employee E003,9/30/2026 9:43 am
PO594,Approval Status,Approved,Employee E023,9/30/2026 11:43 am
PO595,Approval Status,Pending Approval,Employee E028,9/28/2026 6:16 am
PO595,Approval Status,Approved,Employee E015,9/28/2026 8:16 am
PO596,Approval Status,Pending Approval,Employee E017,9/7/2026 10:04 am
PO596,Approval Status,Approved,Employee E040,9/7/2026 12:04 pm
PO597,Approval Status,Pending Approval,Employee E033,7/22/2026 2:01 pm
PO597,Approval Status,Approved,Employee E022,7/22/2026 4:01 pm
PO598,Approval Status,Pending Approval,Employee E016,7/27/2026 2:39 pm
PO598,Approval Status,Approved,Employee E036,7/27/2026 4:39 pm
PO599,Approval Status,Pending Approval,Employee E002,9/14/2026 11:46 am
PO599,Approval Status,Approved,Employee E019,9/14/2026 1:46 pm
PO600,Approval Status,Pending Approval,Employee E018,7/14/2026 7:16 am
PO600,Approval Status,Approved,Employee E019,7/14/2026 9:16 am
PO601,Approval Status,Pending Approval,Employee E033,9/8/2026 1:26 pm
PO601,Approval Status,Approved,Employee E006,9/8/2026 3:26 pm
PO602,Approval Status,Pending Approval,Employee E032,7/22/2026 7:35 am
PO602,Approval Status,Approved,Employee E019,7/22/2026 9:35 am
PO603,Approval Status,Pending Approval,Employee E001,9/17/2026 11:45 am
PO603,Approval Status,Approved,Employee E039,9/17/2026 1:45 pm
PO604,Approval Status,Pending Approval,Employee E038,7/27/2026 1:32 pm
PO604,Approval Status,Approved,Employee E024,7/27/2026 3:32 pm
PO605,Approval Status,Pending Approval,Employee E002,9/9/2026 12:38 pm
PO605,Approval Status,Approved,Employee E021,9/9/2026 2:38 pm
PO606,Approval Status,Pending Approval,Employee E012,9/20/2026 2:32 pm
PO606,Approval Status,Approved,Employee E019,9/20/2026 4:32 pm
PO607,Approval Status,Pending Approval,Employee E031,9/23/2026 1:02 pm
PO607,Approval Status,Approved,Employee E019,9/23/2026 3:02 pm
PO608,Approval Status,Pending Approval,Employee E005,8/5/2026 8:58 am
PO608,Approval Status,Approved,Employee E013,8/5/2026 10:58 am
PO609,Approval Status,Pending Approval,Employee E025,7/14/2026 10:22 am
PO609,Approval Status,Approved,Employee E024,7/14/2026 12:22 pm
PO610,Approval Status,Pending Approval,Employee E031,9/1/2026 9:25 am
PO610,Approval Status,Approved,Employee E008,9/1/2026 11:25 am
PO611,Approval Status,Pending Approval,Employee E014,9/15/2026 7:04 am
PO611,Approval Status,Approved,Employee E020,9/15/2026 9:04 am
PO612,Approval Status,Pending Approval,Employee E035,9/3/2026 8:26 am
PO612,Approval Status,Approved,Employee E015,9/3/2026 10:26 am
PO613,Approval Status,Pending Approval,Employee E010,8/3/2026 2:25 pm
PO613,Approval Status,Approved,Employee E040,8/3/2026 4:25 pm
PO614,Approval Status,Pending Approval,Employee E025,8/2/2026 2:47 pm
PO614,Approval Status,Approved,Employee E008,8/2/2026 4:47 pm
PO615,Approval Status,Pending Approval,Employee E029,9/3/2026 12:12 pm
PO615,Approval Status,Approved,Employee E015,9/3/2026 2:12 pm
PO616,Approval Status,Pending Approval,Employee E011,9/10/2026 9:14 am
PO616,Approval Status,Approved,Employee E008,9/10/2026 11:14 am
PO617,Approval Status,Pending Approval,Employee E033,7/23/2026 1:24 pm
PO617,Approval Status,Approved,Employee E039,7/23/2026 3:24 pm
PO618,Approval Status,Pending Approval,Employee E035,7/5/2026 7:23 am
PO618,Approval Status,Approved,Employee E020,7/5/2026 9:23 am
PO619,Approval Status,Pending Approval,Employee E003,7/12/2026 11:13 am
PO619,Approval Status,Approved,Employee E023,7/12/2026 1:13 pm
PO620,Approval Status,Pending Approval,Employee E014,8/31/2026 2:02 pm
PO620,Approval Status,Approved,Employee E006,8/31/2026 4:02 pm
PO621,Approval Status,Pending Approval,Employee E010,7/20/2026 2:29 pm
PO621,Approval Status,Approved,Employee E008,7/20/2026 4:29 pm
PO622,Approval Status,Pending Approval,Employee E011,8/31/2026 11:11 am
PO622,Approval Status,Approved,Employee E013,8/31/2026 1:11 pm
PO623,Approval Status,Pending Approval,Employee E007,7/6/2026 9:36 am
PO623,Approval Status,Approved,Employee E034,7/6/2026 11:36 am
PO624,Approval Status,Pending Approval,Employee E004,8/12/2026 11:11 am
PO624,Approval Status,Approved,Employee E013,8/12/2026 1:11 pm
PO625,Approval Status,Pending Approval,Employee E011,9/24/2026 9:12 am
PO625,Approval Status,Approved,Employee E040,9/24/2026 11:12 am
PO626,Approval Status,Pending Approval,Employee E029,7/2/2026 7:16 am
PO626,Approval Status,Approved,Employee E040,7/2/2026 9:16 am
PO627,Approval Status,Pending Approval,Employee E027,7/27/2026 1:13 pm
PO627,Approval Status,Approved,Employee E021,7/27/2026 3:13 pm
PO628,Approval Status,Pending Approval,Employee E009,7/20/2026 6:14 am
PO628,Approval Status,Approved,Employee E039,7/20/2026 8:14 am
PO629,Approval Status,Pending Approval,Employee E012,7/14/2026 6:05 am
PO629,Approval Status,Approved,Employee E020,7/14/2026 8:05 am
PO630,Approval Status,Pending Approval,Employee E003,8/23/2026 6:46 am
PO630,Approval Status,Approved,Employee E013,8/23/2026 8:46 am
PO631,Approval Status,Pending Approval,Employee E035,9/30/2026 6:22 am
PO631,Approval Status,Approved,Employee E036,9/30/2026 8:22 am
PO632,Approval Status,Pending Approval,Employee E003,8/10/2026 10:50 am
PO632,Approval Status,Approved,Employee E036,8/10/2026 12:50 pm
PO633,Approval Status,Pending Approval,Employee E033,8/31/2026 12:05 pm
PO633,Approval Status,Approved,Employee E015,8/31/2026 2:05 pm
PO634,Approval Status,Pending Approval,Employee E016,7/14/2026 7:07 am
PO634,Approval Status,Approved,Employee E020,7/14/2026 9:07 am
PO635,Approval Status,Pending Approval,Employee E037,9/21/2026 11:04 am
PO635,Approval Status,Approved,Employee E015,9/21/2026 1:04 pm
PO636,Approval Status,Pending Approval,Employee E025,7/29/2026 1:19 pm
PO636,Approval Status,Approved,Employee E006,7/29/2026 3:19 pm
PO637,Approval Status,Pending Approval,Employee E032,7/2/2026 6:11 am
PO637,Approval Status,Approved,Employee E036,7/2/2026 8:11 am
PO638,Approval Status,Pending Approval,Employee E007,7/6/2026 6:22 am
PO638,Approval Status,Approved,Employee E034,7/6/2026 8:22 am
PO639,Approval Status,Pending Approval,Employee E010,8/6/2026 7:27 am
PO639,Approval Status,Approved,Employee E015,8/6/2026 9:27 am
PO640,Approval Status,Pending Approval,Employee E004,7/9/2026 9:56 am
PO640,Approval Status,Approved,Employee E039,7/9/2026 11:56 am
PO641,Approval Status,Pending Approval,Employee E011,8/5/2026 9:27 am
PO641,Approval Status,Approved,Employee E013,8/5/2026 11:27 am
PO642,Approval Status,Pending Approval,Employee E030,7/16/2026 12:46 pm
PO642,Approval Status,Approved,Employee E020,7/16/2026 2:46 pm
PO643,Approval Status,Pending Approval,Employee E011,7/29/2026 9:54 am
PO643,Approval Status,Approved,Employee E013,7/29/2026 11:54 am
PO644,Approval Status,Pending Approval,Employee E018,8/11/2026 1:01 pm
PO644,Approval Status,Approved,Employee E024,8/11/2026 3:01 pm
PO645,Approval Status,Pending Approval,Employee E003,9/3/2026 9:41 am
PO645,Approval Status,Approved,Employee E024,9/3/2026 11:41 am
PO646,Approval Status,Pending Approval,Employee E002,7/21/2026 1:02 pm
PO646,Approval Status,Approved,Employee E015,7/21/2026 3:02 pm
PO647,Approval Status,Pending Approval,Employee E007,8/4/2026 9:09 am
PO647,Approval Status,Approved,Employee E008,8/4/2026 11:09 am
PO648,Approval Status,Pending Approval,Employee E003,7/19/2026 1:56 pm
PO648,Approval Status,Approved,Employee E015,7/19/2026 3:56 pm
PO649,Approval Status,Pending Approval,Employee E032,9/28/2026 10:32 am
PO649,Approval Status,Approved,Employee E022,9/28/2026 12:32 pm
PO650,Approval Status,Pending Approval,Employee E025,9/23/2026 11:05 am
PO650,Approval Status,Approved,Employee E008,9/23/2026 1:05 pm
PO651,Approval Status,Pending Approval,Employee E010,8/16/2026 8:03 am
PO651,Approval Status,Approved,Employee E034,8/16/2026 10:03 am
PO652,Approval Status,Pending Approval,Employee E031,8/2/2026 8:34 am
PO652,Approval Status,Approved,Employee E021,8/2/2026 10:34 am
PO653,Approval Status,Pending Approval,Employee E031,8/27/2026 2:25 pm
PO653,Approval Status,Approved,Employee E022,8/27/2026 4:25 pm
PO654,Approval Status,Pending Approval,Employee E002,8/30/2026 10:25 am
PO654,Approval Status,Approved,Employee E019,8/30/2026 12:25 pm
PO655,Approval Status,Pending Approval,Employee E037,7/5/2026 2:24 pm
PO655,Approval Status,Approved,Employee E019,7/5/2026 4:24 pm
PO656,Approval Status,Pending Approval,Employee E004,8/13/2026 10:47 am
PO656,Approval Status,Approved,Employee E020,8/13/2026 12:47 pm
PO657,Approval Status,Pending Approval,Employee E037,9/28/2026 1:41 pm
PO657,Approval Status,Approved,Employee E021,9/28/2026 3:41 pm
PO658,Approval Status,Pending Approval,Employee E004,9/23/2026 11:13 am
PO658,Approval Status,Approved,Employee E039,9/23/2026 1:13 pm
PO659,Approval Status,Pending Approval,Employee E025,9/3/2026 1:23 pm
PO659,Approval Status,Approved,Employee E040,9/3/2026 3:23 pm
PO660,Approval Status,Pending Approval,Employee E018,9/22/2026 7:57 am
PO660,Approval Status,Approved,Employee E015,9/22/2026 9:57 am
PO661,Approval Status,Pending Approval,Employee E030,7/6/2026 12:22 pm
PO661,Approval Status,Approved,Employee E013,7/6/2026 2:22 pm
PO662,Approval Status,Pending Approval,Employee E011,9/27/2026 1:44 pm
PO662,Approval Status,Approved,Employee E023,9/27/2026 3:44 pm
PO663,Approval Status,Pending Approval,Employee E030,7/28/2026 10:42 am
PO663,Approval Status,Approved,Employee E013,7/28/2026 12:42 pm
PO664,Approval Status,Pending Approval,Employee E027,7/1/2026 8:54 am
PO664,Approval Status,Approved,Employee E021,7/1/2026 10:54 am
PO665,Approval Status,Pending Approval,Employee E035,9/20/2026 7:16 am
PO665,Approval Status,Approved,Employee E020,9/20/2026 9:16 am
PO666,Approval Status,Pending Approval,Employee E027,8/16/2026 9:14 am
PO666,Approval Status,Approved,Employee E023,8/16/2026 11:14 am
PO667,Approval Status,Pending Approval,Employee E033,8/11/2026 7:22 am
PO667,Approval Status,Approved,Employee E036,8/11/2026 9:22 am
PO668,Approval Status,Pending Approval,Employee E007,7/2/2026 9:07 am
PO668,Approval Status,Approved,Employee E006,7/2/2026 11:07 am
PO669,Approval Status,Pending Approval,Employee E009,8/23/2026 9:41 am
PO669,Approval Status,Approved,Employee E019,8/23/2026 11:41 am
PO670,Approval Status,Pending Approval,Employee E032,8/31/2026 6:29 am
PO670,Approval Status,Approved,Employee E024,8/31/2026 8:29 am
PO671,Approval Status,Pending Approval,Employee E018,7/26/2026 12:53 pm
PO671,Approval Status,Approved,Employee E022,7/26/2026 2:53 pm
PO672,Approval Status,Pending Approval,Employee E011,9/17/2026 8:34 am
PO672,Approval Status,Approved,Employee E015,9/17/2026 10:34 am
PO673,Approval Status,Pending Approval,Employee E005,9/10/2026 8:03 am
PO673,Approval Status,Approved,Employee E020,9/10/2026 10:03 am
PO674,Approval Status,Pending Approval,Employee E001,8/2/2026 2:20 pm
PO674,Approval Status,Approved,Employee E034,8/2/2026 4:20 pm
PO675,Approval Status,Pending Approval,Employee E004,8/26/2026 9:19 am
PO675,Approval Status,Approved,Employee E021,8/26/2026 11:19 am
PO676,Approval Status,Pending Approval,Employee E030,7/23/2026 7:23 am
PO676,Approval Status,Approved,Employee E013,7/23/2026 9:23 am
PO677,Approval Status,Pending Approval,Employee E027,7/16/2026 1:35 pm
PO677,Approval Status,Approved,Employee E040,7/16/2026 3:35 pm
PO678,Approval Status,Pending Approval,Employee E009,8/27/2026 8:53 am
PO678,Approval Status,Approved,Employee E019,8/27/2026 10:53 am
PO679,Approval Status,Pending Approval,Employee E027,7/15/2026 7:39 am
PO679,Approval Status,Approved,Employee E022,7/15/2026 9:39 am
PO680,Approval Status,Pending Approval,Employee E018,8/24/2026 12:57 pm
PO680,Approval Status,Approved,Employee E008,8/24/2026 2:57 pm
PO681,Approval Status,Pending Approval,Employee E002,9/7/2026 7:06 am
PO681,Approval Status,Approved,Employee E034,9/7/2026 9:06 am
PO682,Approval Status,Pending Approval,Employee E011,8/30/2026 10:56 am
PO682,Approval Status,Approved,Employee E021,8/30/2026 12:56 pm
PO683,Approval Status,Pending Approval,Employee E007,9/21/2026 6:07 am
PO683,Approval Status,Approved,Employee E015,9/21/2026 8:07 am
PO684,Approval Status,Pending Approval,Employee E018,7/15/2026 1:36 pm
PO684,Approval Status,Approved,Employee E013,7/15/2026 3:36 pm
PO685,Approval Status,Pending Approval,Employee E002,9/17/2026 2:41 pm
PO685,Approval Status,Approved,Employee E034,9/17/2026 4:41 pm
PO686,Approval Status,Pending Approval,Employee E005,8/4/2026 2:51 pm
PO686,Approval Status,Approved,Employee E023,8/4/2026 4:51 pm
PO687,Approval Status,Pending Approval,Employee E010,7/30/2026 8:07 am
PO687,Approval Status,Approved,Employee E021,7/30/2026 10:07 am
PO688,Approval Status,Pending Approval,Employee E016,8/31/2026 1:34 pm
PO688,Approval Status,Approved,Employee E024,8/31/2026 3:34 pm
PO689,Approval Status,Pending Approval,Employee E037,9/7/2026 11:52 am
PO689,Approval Status,Approved,Employee E020,9/7/2026 1:52 pm
PO690,Approval Status,Pending Approval,Employee E009,8/23/2026 7:24 am
PO690,Approval Status,Approved,Employee E023,8/23/2026 9:24 am
PO691,Approval Status,Pending Approval,Employee E016,7/26/2026 12:17 pm
PO691,Approval Status,Approved,Employee E039,7/26/2026 2:17 pm
PO692,Approval Status,Pending Approval,Employee E005,8/26/2026 8:08 am
PO692,Approval Status,Approved,Employee E039,8/26/2026 10:08 am
PO693,Approval Status,Pending Approval,Employee E031,7/20/2026 9:13 am
PO693,Approval Status,Approved,Employee E023,7/20/2026 11:13 am
PO694,Approval Status,Pending Approval,Employee E025,7/30/2026 6:19 am
PO694,Approval Status,Approved,Employee E015,7/30/2026 8:19 am
PO695,Approval Status,Pending Approval,Employee E001,7/1/2026 8:50 am
PO695,Approval Status,Approved,Employee E021,7/1/2026 10:50 am
PO696,Approval Status,Pending Approval,Employee E032,8/18/2026 11:36 am
PO696,Approval Status,Approved,Employee E019,8/18/2026 1:36 pm
PO697,Approval Status,Pending Approval,Employee E025,9/10/2026 6:21 am
PO697,Approval Status,Approved,Employee E040,9/10/2026 8:21 am
PO698,Approval Status,Pending Approval,Employee E030,8/9/2026 7:35 am
PO698,Approval Status,Approved,Employee E023,8/9/2026 9:35 am
PO699,Approval Status,Pending Approval,Employee E037,9/17/2026 11:45 am
PO699,Approval Status,Approved,Employee E008,9/17/2026 1:45 pm
PO700,Approval Status,Pending Approval,Employee E017,7/16/2026 6:49 am
PO700,Approval Status,Approved,Employee E036,7/16/2026 8:49 am
PO701,Approval Status,Pending Approval,Employee E009,8/5/2026 11:27 am
PO701,Approval Status,Approved,Employee E034,8/5/2026 1:27 pm
PO702,Approval Status,Pending Approval,Employee E009,9/23/2026 6:55 am
PO702,Approval Status,Approved,Employee E006,9/23/2026 8:55 am
PO703,Approval Status,Pending Approval,Employee E026,9/7/2026 8:04 am
PO703,Approval Status,Approved,Employee E015,9/7/2026 10:04 am
PO704,Approval Status,Pending Approval,Employee E029,8/25/2026 7:11 am
PO704,Approval Status,Approved,Employee E040,8/25/2026 9:11 am
PO705,Approval Status,Pending Approval,Employee E003,7/23/2026 8:04 am
PO705,Approval Status,Approved,Employee E021,7/23/2026 10:04 am
PO706,Approval Status,Pending Approval,Employee E033,9/7/2026 12:45 pm
PO706,Approval Status,Approved,Employee E021,9/7/2026 2:45 pm
PO707,Approval Status,Pending Approval,Employee E032,7/27/2026 10:46 am
PO707,Approval Status,Approved,Employee E006,7/27/2026 12:46 pm
PO708,Approval Status,Pending Approval,Employee E009,9/15/2026 10:41 am
PO708,Approval Status,Approved,Employee E036,9/15/2026 12:41 pm
PO709,Approval Status,Pending Approval,Employee E030,8/31/2026 1:37 pm
PO709,Approval Status,Approved,Employee E040,8/31/2026 3:37 pm
PO710,Approval Status,Pending Approval,Employee E010,7/6/2026 11:55 am
PO710,Approval Status,Approved,Employee E039,7/6/2026 1:55 pm
PO711,Approval Status,Pending Approval,Employee E001,9/15/2026 8:51 am
PO711,Approval Status,Approved,Employee E022,9/15/2026 10:51 am
PO712,Approval Status,Pending Approval,Employee E033,9/10/2026 6:13 am
PO712,Approval Status,Approved,Employee E006,9/10/2026 8:13 am
PO713,Approval Status,Pending Approval,Employee E014,8/18/2026 9:00 am
PO713,Approval Status,Approved,Employee E040,8/18/2026 11:00 am
PO714,Approval Status,Pending Approval,Employee E002,8/19/2026 12:01 pm
PO714,Approval Status,Approved,Employee E024,8/19/2026 2:01 pm
PO715,Approval Status,Pending Approval,Employee E032,7/12/2026 8:43 am
PO715,Approval Status,Approved,Employee E034,7/12/2026 10:43 am
PO716,Approval Status,Pending Approval,Employee E037,8/30/2026 7:26 am
PO716,Approval Status,Approved,Employee E020,8/30/2026 9:26 am
PO717,Approval Status,Pending Approval,Employee E014,8/30/2026 1:00 pm
PO717,Approval Status,Approved,Employee E034,8/30/2026 3:00 pm
PO718,Approval Status,Pending Approval,Employee E018,7/15/2026 8:34 am
PO718,Approval Status,Approved,Employee E024,7/15/2026 10:34 am
PO719,Approval Status,Pending Approval,Employee E010,7/30/2026 7:02 am
PO719,Approval Status,Approved,Employee E006,7/30/2026 9:02 am
PO720,Approval Status,Pending Approval,Employee E016,7/20/2026 2:54 pm
PO720,Approval Status,Approved,Employee E022,7/20/2026 4:54 pm
PO721,Approval Status,Pending Approval,Employee E001,8/2/2026 7:38 am
PO721,Approval Status,Approved,Employee E006,8/2/2026 9:38 am
PO722,Approval Status,Pending Approval,Employee E002,9/22/2026 9:09 am
PO722,Approval Status,Approved,Employee E013,9/22/2026 11:09 am
PO723,Approval Status,Pending Approval,Employee E009,7/20/2026 6:27 am
PO723,Approval Status,Approved,Employee E036,7/20/2026 8:27 am
PO724,Approval Status,Pending Approval,Employee E038,9/22/2026 9:52 am
PO724,Approval Status,Approved,Employee E022,9/22/2026 11:52 am
PO725,Approval Status,Pending Approval,Employee E037,9/10/2026 9:36 am
PO725,Approval Status,Approved,Employee E021,9/10/2026 11:36 am
PO726,Approval Status,Pending Approval,Employee E001,7/22/2026 6:53 am
PO726,Approval Status,Approved,Employee E024,7/22/2026 8:53 am
PO727,Approval Status,Pending Approval,Employee E031,7/26/2026 12:37 pm
PO727,Approval Status,Approved,Employee E040,7/26/2026 2:37 pm
PO728,Approval Status,Pending Approval,Employee E030,7/16/2026 6:55 am
PO728,Approval Status,Approved,Employee E036,7/16/2026 8:55 am
PO729,Approval Status,Pending Approval,Employee E002,7/16/2026 11:05 am
PO729,Approval Status,Approved,Employee E021,7/16/2026 1:05 pm
PO730,Approval Status,Pending Approval,Employee E038,8/10/2026 6:53 am
PO730,Approval Status,Approved,Employee E023,8/10/2026 8:53 am
PO731,Approval Status,Pending Approval,Employee E010,9/6/2026 2:33 pm
PO731,Approval Status,Approved,Employee E015,9/6/2026 4:33 pm
PO732,Approval Status,Pending Approval,Employee E017,9/15/2026 9:41 am
PO732,Approval Status,Approved,Employee E039,9/15/2026 11:41 am
PO733,Approval Status,Pending Approval,Employee E010,8/6/2026 1:51 pm
PO733,Approval Status,Approved,Employee E040,8/6/2026 3:51 pm
PO734,Approval Status,Pending Approval,Employee E031,9/15/2026 11:08 am
PO734,Approval Status,Approved,Employee E034,9/15/2026 1:08 pm
PO735,Approval Status,Pending Approval,Employee E025,8/30/2026 2:49 pm
PO735,Approval Status,Approved,Employee E020,8/30/2026 4:49 pm
PO736,Approval Status,Pending Approval,Employee E004,8/9/2026 7:19 am
PO736,Approval Status,Approved,Employee E008,8/9/2026 9:19 am
PO737,Approval Status,Pending Approval,Employee E029,9/3/2026 12:45 pm
PO737,Approval Status,Approved,Employee E013,9/3/2026 2:45 pm
PO738,Approval Status,Pending Approval,Employee E031,7/12/2026 8:23 am
PO738,Approval Status,Approved,Employee E008,7/12/2026 10:23 am
PO739,Approval Status,Pending Approval,Employee E010,7/13/2026 6:13 am
PO739,Approval Status,Approved,Employee E024,7/13/2026 8:13 am
PO740,Approval Status,Pending Approval,Employee E003,7/26/2026 8:52 am
PO740,Approval Status,Approved,Employee E008,7/26/2026 10:52 am
PO741,Approval Status,Pending Approval,Employee E025,7/14/2026 9:17 am
PO741,Approval Status,Approved,Employee E040,7/14/2026 11:17 am
PO742,Approval Status,Pending Approval,Employee E032,7/27/2026 12:29 pm
PO742,Approval Status,Approved,Employee E039,7/27/2026 2:29 pm
PO743,Approval Status,Pending Approval,Employee E005,9/21/2026 8:12 am
PO743,Approval Status,Approved,Employee E024,9/21/2026 10:12 am
PO744,Approval Status,Pending Approval,Employee E003,7/13/2026 1:59 pm
PO744,Approval Status,Approved,Employee E015,7/13/2026 3:59 pm
PO745,Approval Status,Pending Approval,Employee E014,9/2/2026 2:41 pm
PO745,Approval Status,Approved,Employee E020,9/2/2026 4:41 pm
PO746,Approval Status,Pending Approval,Employee E004,9/13/2026 9:43 am
PO746,Approval Status,Approved,Employee E034,9/13/2026 11:43 am
PO747,Approval Status,Pending Approval,Employee E004,7/5/2026 6:21 am
PO747,Approval Status,Approved,Employee E023,7/5/2026 8:21 am
PO748,Approval Status,Pending Approval,Employee E009,8/19/2026 12:52 pm
PO748,Approval Status,Approved,Employee E021,8/19/2026 2:52 pm
PO749,Approval Status,Pending Approval,Employee E012,8/18/2026 2:44 pm
PO749,Approval Status,Approved,Employee E040,8/18/2026 4:44 pm
PO750,Approval Status,Pending Approval,Employee E031,7/5/2026 10:17 am
PO750,Approval Status,Approved,Employee E008,7/5/2026 12:17 pm
PO751,Approval Status,Pending Approval,Employee E009,8/9/2026 12:32 pm
PO751,Approval Status,Approved,Employee E024,8/9/2026 2:32 pm
PO752,Approval Status,Pending Approval,Employee E002,9/1/2026 2:39 pm
PO752,Approval Status,Approved,Employee E040,9/1/2026 4:39 pm
PO753,Approval Status,Pending Approval,Employee E026,9/28/2026 9:13 am
PO753,Approval Status,Approved,Employee E019,9/28/2026 11:13 am
PO754,Approval Status,Pending Approval,Employee E027,8/11/2026 2:51 pm
PO754,Approval Status,Approved,Employee E015,8/11/2026 4:51 pm
PO755,Approval Status,Pending Approval,Employee E011,7/2/2026 12:55 pm
PO755,Approval Status,Approved,Employee E036,7/2/2026 2:55 pm
PO756,Approval Status,Pending Approval,Employee E038,9/7/2026 8:39 am
PO756,Approval Status,Approved,Employee E019,9/7/2026 10:39 am
PO757,Approval Status,Pending Approval,Employee E037,9/29/2026 9:37 am
PO757,Approval Status,Approved,Employee E022,9/29/2026 11:37 am
PO758,Approval Status,Pending Approval,Employee E018,9/20/2026 1:01 pm
PO758,Approval Status,Approved,Employee E024,9/20/2026 3:01 pm
PO759,Approval Status,Pending Approval,Employee E037,9/17/2026 6:43 am
PO759,Approval Status,Approved,Employee E036,9/17/2026 8:43 am
PO760,Approval Status,Pending Approval,Employee E003,7/6/2026 12:08 pm
PO760,Approval Status,Approved,Employee E015,7/6/2026 2:08 pm
PO761,Approval Status,Pending Approval,Employee E026,8/12/2026 7:27 am
PO761,Approval Status,Approved,Employee E019,8/12/2026 9:27 am
PO762,Approval Status,Pending Approval,Employee E005,9/14/2026 9:59 am
PO762,Approval Status,Approved,Employee E020,9/14/2026 11:59 am
PO763,Approval Status,Pending Approval,Employee E012,9/10/2026 1:47 pm
PO763,Approval Status,Approved,Employee E022,9/10/2026 3:47 pm
PO764,Approval Status,Pending Approval,Employee E012,7/9/2026 8:52 am
PO764,Approval Status,Approved,Employee E040,7/9/2026 10:52 am
PO765,Approval Status,Pending Approval,Employee E025,7/21/2026 9:09 am
PO765,Approval Status,Approved,Employee E023,7/21/2026 11:09 am
PO766,Approval Status,Pending Approval,Employee E017,8/4/2026 9:08 am
PO766,Approval Status,Approved,Employee E021,8/4/2026 11:08 am
PO767,Approval Status,Pending Approval,Employee E025,9/24/2026 2:32 pm
PO767,Approval Status,Approved,Employee E036,9/24/2026 4:32 pm
PO768,Approval Status,Pending Approval,Employee E012,7/27/2026 12:47 pm
PO768,Approval Status,Approved,Employee E036,7/27/2026 2:47 pm
PO769,Approval Status,Pending Approval,Employee E002,9/15/2026 9:36 am
PO769,Approval Status,Approved,Employee E006,9/15/2026 11:36 am
PO770,Approval Status,Pending Approval,Employee E014,8/25/2026 11:54 am
PO770,Approval Status,Approved,Employee E036,8/25/2026 1:54 pm
PO771,Approval Status,Pending Approval,Employee E026,7/16/2026 1:25 pm
PO771,Approval Status,Approved,Employee E015,7/16/2026 3:25 pm
PO772,Approval Status,Pending Approval,Employee E018,8/3/2026 6:17 am
PO772,Approval Status,Approved,Employee E008,8/3/2026 8:17 am
PO773,Approval Status,Pending Approval,Employee E018,7/16/2026 12:41 pm
PO773,Approval Status,Approved,Employee E015,7/16/2026 2:41 pm
PO774,Approval Status,Pending Approval,Employee E011,9/3/2026 10:21 am
PO774,Approval Status,Approved,Employee E036,9/3/2026 12:21 pm
PO775,Approval Status,Pending Approval,Employee E027,7/26/2026 2:39 pm
PO775,Approval Status,Approved,Employee E019,7/26/2026 4:39 pm
PO776,Approval Status,Pending Approval,Employee E010,9/3/2026 7:30 am
PO776,Approval Status,Approved,Employee E021,9/3/2026 9:30 am
PO777,Approval Status,Pending Approval,Employee E010,8/17/2026 10:07 am
PO777,Approval Status,Approved,Employee E036,8/17/2026 12:07 pm
PO778,Approval Status,Pending Approval,Employee E012,9/22/2026 10:10 am
PO778,Approval Status,Approved,Employee E013,9/22/2026 12:10 pm
PO779,Approval Status,Pending Approval,Employee E009,7/6/2026 9:19 am
PO779,Approval Status,Approved,Employee E013,7/6/2026 11:19 am
PO780,Approval Status,Pending Approval,Employee E035,8/17/2026 10:46 am
PO780,Approval Status,Approved,Employee E013,8/17/2026 12:46 pm
PO781,Approval Status,Pending Approval,Employee E017,7/2/2026 11:12 am
PO781,Approval Status,Approved,Employee E019,7/2/2026 1:12 pm
PO782,Approval Status,Pending Approval,Employee E029,8/27/2026 12:03 pm
PO782,Approval Status,Approved,Employee E021,8/27/2026 2:03 pm
PO783,Approval Status,Pending Approval,Employee E030,9/2/2026 10:50 am
PO783,Approval Status,Approved,Employee E036,9/2/2026 12:50 pm
PO784,Approval Status,Pending Approval,Employee E025,7/16/2026 7:03 am
PO784,Approval Status,Approved,Employee E024,7/16/2026 9:03 am
PO785,Approval Status,Pending Approval,Employee E025,7/22/2026 6:36 am
PO785,Approval Status,Approved,Employee E036,7/22/2026 8:36 am
PO786,Approval Status,Pending Approval,Employee E002,9/3/2026 8:05 am
PO786,Approval Status,Approved,Employee E013,9/3/2026 10:05 am
PO787,Approval Status,Pending Approval,Employee E038,9/21/2026 10:11 am
PO787,Approval Status,Approved,Employee E036,9/21/2026 12:11 pm
PO788,Approval Status,Pending Approval,Employee E014,7/9/2026 7:08 am
PO788,Approval Status,Approved,Employee E021,7/9/2026 9:08 am
PO789,Approval Status,Pending Approval,Employee E037,8/9/2026 6:55 am
PO789,Approval Status,Approved,Employee E013,8/9/2026 8:55 am
PO790,Approval Status,Pending Approval,Employee E032,8/5/2026 2:40 pm
PO790,Approval Status,Approved,Employee E019,8/5/2026 4:40 pm
PO791,Approval Status,Pending Approval,Employee E007,9/6/2026 8:15 am
PO791,Approval Status,Approved,Employee E006,9/6/2026 10:15 am
PO792,Approval Status,Pending Approval,Employee E027,8/3/2026 1:06 pm
PO792,Approval Status,Approved,Employee E023,8/3/2026 3:06 pm
PO793,Approval Status,Pending Approval,Employee E002,8/30/2026 2:41 pm
PO793,Approval Status,Approved,Employee E040,8/30/2026 4:41 pm
PO794,Approval Status,Pending Approval,Employee E016,9/23/2026 8:54 am
PO794,Approval Status,Approved,Employee E006,9/23/2026 10:54 am
PO795,Approval Status,Pending Approval,Employee E007,8/4/2026 9:25 am
PO795,Approval Status,Approved,Employee E022,8/4/2026 11:25 am
PO796,Approval Status,Pending Approval,Employee E010,8/17/2026 7:36 am
PO796,Approval Status,Approved,Employee E006,8/17/2026 9:36 am
PO797,Approval Status,Pending Approval,Employee E010,8/23/2026 2:18 pm
PO797,Approval Status,Approved,Employee E036,8/23/2026 4:18 pm
PO798,Approval Status,Pending Approval,Employee E026,8/2/2026 10:16 am
PO798,Approval Status,Approved,Employee E006,8/2/2026 12:16 pm
PO799,Approval Status,Pending Approval,Employee E038,9/21/2026 10:16 am
PO799,Approval Status,Approved,Employee E020,9/21/2026 12:16 pm
PO800,Approval Status,Pending Approval,Employee E004,8/20/2026 2:42 pm
PO800,Approval Status,Approved,Employee E039,8/20/2026 4:42 pm
PO801,Approval Status,Pending Approval,Employee E016,8/18/2026 7:20 am
PO801,Approval Status,Approved,Employee E034,8/18/2026 9:20 am
PO802,Approval Status,Pending Approval,Employee E014,7/26/2026 10:55 am
PO802,Approval Status,Approved,Employee E039,7/26/2026 12:55 pm
PO803,Approval Status,Pending Approval,Employee E018,8/30/2026 11:02 am
PO803,Approval Status,Approved,Employee E019,8/30/2026 1:02 pm
PO804,Approval Status,Pending Approval,Employee E032,8/25/2026 12:12 pm
PO804,Approval Status,Approved,Employee E024,8/25/2026 2:12 pm
PO805,Approval Status,Pending Approval,Employee E014,8/19/2026 11:45 am
PO805,Approval Status,Approved,Employee E013,8/19/2026 1:45 pm
PO806,Approval Status,Pending Approval,Employee E025,9/27/2026 7:32 am
PO806,Approval Status,Approved,Employee E040,9/27/2026 9:32 am
PO807,Approval Status,Pending Approval,Employee E010,9/16/2026 11:03 am
PO807,Approval Status,Approved,Employee E039,9/16/2026 1:03 pm
PO808,Approval Status,Pending Approval,Employee E011,8/6/2026 9:03 am
PO808,Approval Status,Approved,Employee E036,8/6/2026 11:03 am
PO809,Approval Status,Pending Approval,Employee E031,7/15/2026 12:19 pm
PO809,Approval Status,Approved,Employee E008,7/15/2026 2:19 pm
PO810,Approval Status,Pending Approval,Employee E011,9/14/2026 1:42 pm
PO810,Approval Status,Approved,Employee E039,9/14/2026 3:42 pm
PO811,Approval Status,Pending Approval,Employee E005,8/9/2026 10:50 am
PO811,Approval Status,Approved,Employee E036,8/9/2026 12:50 pm
PO812,Approval Status,Pending Approval,Employee E010,8/10/2026 7:34 am
PO812,Approval Status,Approved,Employee E036,8/10/2026 9:34 am
PO813,Approval Status,Pending Approval,Employee E027,7/8/2026 10:12 am
PO813,Approval Status,Approved,Employee E021,7/8/2026 12:12 pm
PO814,Approval Status,Pending Approval,Employee E010,7/20/2026 11:00 am
PO814,Approval Status,Approved,Employee E006,7/20/2026 1:00 pm
PO815,Approval Status,Pending Approval,Employee E016,8/18/2026 12:09 pm
PO815,Approval Status,Approved,Employee E008,8/18/2026 2:09 pm
PO816,Approval Status,Pending Approval,Employee E011,8/2/2026 9:42 am
PO816,Approval Status,Approved,Employee E015,8/2/2026 11:42 am
PO817,Approval Status,Pending Approval,Employee E005,7/20/2026 9:58 am
PO817,Approval Status,Approved,Employee E021,7/20/2026 11:58 am
PO818,Approval Status,Pending Approval,Employee E004,8/13/2026 9:42 am
PO818,Approval Status,Approved,Employee E008,8/13/2026 11:42 am
PO819,Approval Status,Pending Approval,Employee E030,8/23/2026 10:31 am
PO819,Approval Status,Approved,Employee E039,8/23/2026 12:31 pm
PO820,Approval Status,Pending Approval,Employee E010,7/28/2026 11:18 am
PO820,Approval Status,Approved,Employee E034,7/28/2026 1:18 pm
PO821,Approval Status,Pending Approval,Employee E012,9/8/2026 9:17 am
PO821,Approval Status,Approved,Employee E019,9/8/2026 11:17 am
PO822,Approval Status,Pending Approval,Employee E011,9/2/2026 12:41 pm
PO822,Approval Status,Approved,Employee E036,9/2/2026 2:41 pm
PO823,Approval Status,Pending Approval,Employee E031,8/27/2026 8:01 am
PO823,Approval Status,Approved,Employee E013,8/27/2026 10:01 am
PO824,Approval Status,Pending Approval,Employee E007,7/2/2026 6:54 am
PO824,Approval Status,Approved,Employee E013,7/2/2026 8:54 am
PO825,Approval Status,Pending Approval,Employee E018,8/16/2026 11:20 am
PO825,Approval Status,Approved,Employee E020,8/16/2026 1:20 pm
PO826,Approval Status,Pending Approval,Employee E014,8/9/2026 10:30 am
PO826,Approval Status,Approved,Employee E036,8/9/2026 12:30 pm
PO827,Approval Status,Pending Approval,Employee E037,7/30/2026 6:35 am
PO827,Approval Status,Approved,Employee E015,7/30/2026 8:35 am
PO828,Approval Status,Pending Approval,Employee E012,9/20/2026 2:32 pm
PO828,Approval Status,Approved,Employee E024,9/20/2026 4:32 pm
PO829,Approval Status,Pending Approval,Employee E018,9/21/2026 10:42 am
PO829,Approval Status,Approved,Employee E008,9/21/2026 12:42 pm
PO830,Approval Status,Pending Approval,Employee E010,9/27/2026 8:16 am
PO830,Approval Status,Approved,Employee E024,9/27/2026 10:16 am
PO831,Approval Status,Pending Approval,Employee E037,7/26/2026 10:13 am
PO831,Approval Status,Approved,Employee E034,7/26/2026 12:13 pm
PO832,Approval Status,Pending Approval,Employee E031,8/9/2026 11:34 am
PO832,Approval Status,Approved,Employee E024,8/9/2026 1:34 pm
PO833,Approval Status,Pending Approval,Employee E010,9/28/2026 7:51 am
PO833,Approval Status,Approved,Employee E036,9/28/2026 9:51 am
PO834,Approval Status,Pending Approval,Employee E033,9/7/2026 7:06 am
PO834,Approval Status,Approved,Employee E020,9/7/2026 9:06 am
PO835,Approval Status,Pending Approval,Employee E003,7/27/2026 10:31 am
PO835,Approval Status,Approved,Employee E040,7/27/2026 12:31 pm
PO836,Approval Status,Pending Approval,Employee E001,7/9/2026 10:50 am
PO836,Approval Status,Approved,Employee E019,7/9/2026 12:50 pm
PO837,Approval Status,Pending Approval,Employee E029,8/26/2026 10:00 am
PO837,Approval Status,Approved,Employee E019,8/26/2026 12:00 pm
PO838,Approval Status,Pending Approval,Employee E016,9/14/2026 11:35 am
PO838,Approval Status,Approved,Employee E040,9/14/2026 1:35 pm
PO839,Approval Status,Pending Approval,Employee E016,9/30/2026 8:26 am
PO839,Approval Status,Approved,Employee E024,9/30/2026 10:26 am
PO840,Approval Status,Pending Approval,Employee E025,7/8/2026 12:59 pm
PO840,Approval Status,Approved,Employee E036,7/8/2026 2:59 pm
PO841,Approval Status,Pending Approval,Employee E004,7/12/2026 11:08 am
PO841,Approval Status,Approved,Employee E019,7/12/2026 1:08 pm
PO842,Approval Status,Pending Approval,Employee E005,9/27/2026 2:06 pm
PO842,Approval Status,Approved,Employee E019,9/27/2026 4:06 pm
PO843,Approval Status,Pending Approval,Employee E017,9/13/2026 7:44 am
PO843,Approval Status,Approved,Employee E034,9/13/2026 9:44 am
PO844,Approval Status,Pending Approval,Employee E003,8/17/2026 9:18 am
PO844,Approval Status,Approved,Employee E019,8/17/2026 11:18 am
PO845,Approval Status,Pending Approval,Employee E004,7/19/2026 10:14 am
PO845,Approval Status,Approved,Employee E020,7/19/2026 12:14 pm
PO846,Approval Status,Pending Approval,Employee E025,7/13/2026 12:51 pm
PO846,Approval Status,Approved,Employee E023,7/13/2026 2:51 pm
PO847,Approval Status,Pending Approval,Employee E026,7/1/2026 6:50 am
PO847,Approval Status,Approved,Employee E021,7/1/2026 8:50 am
PO848,Approval Status,Pending Approval,Employee E007,7/2/2026 8:45 am
PO848,Approval Status,Approved,Employee E022,7/2/2026 10:45 am
PO849,Approval Status,Pending Approval,Employee E028,8/2/2026 8:39 am
PO849,Approval Status,Approved,Employee E019,8/2/2026 10:39 am
PO850,Approval Status,Pending Approval,Employee E037,9/17/2026 8:44 am
PO850,Approval Status,Approved,Employee E022,9/17/2026 10:44 am
PO851,Approval Status,Pending Approval,Employee E029,7/28/2026 11:55 am
PO851,Approval Status,Approved,Employee E019,7/28/2026 1:55 pm
PO852,Approval Status,Pending Approval,Employee E028,8/27/2026 9:48 am
PO852,Approval Status,Approved,Employee E006,8/27/2026 11:48 am
PO853,Approval Status,Pending Approval,Employee E033,7/30/2026 1:28 pm
PO853,Approval Status,Approved,Employee E022,7/30/2026 3:28 pm
PO854,Approval Status,Pending Approval,Employee E030,8/6/2026 7:51 am
PO854,Approval Status,Approved,Employee E020,8/6/2026 9:51 am
PO855,Approval Status,Pending Approval,Employee E037,8/9/2026 10:14 am
PO855,Approval Status,Approved,Employee E006,8/9/2026 12:14 pm
PO856,Approval Status,Pending Approval,Employee E028,9/22/2026 9:21 am
PO856,Approval Status,Approved,Employee E020,9/22/2026 11:21 am
PO857,Approval Status,Pending Approval,Employee E029,9/27/2026 7:29 am
PO857,Approval Status,Approved,Employee E021,9/27/2026 9:29 am
PO858,Approval Status,Pending Approval,Employee E027,9/2/2026 6:42 am
PO858,Approval Status,Approved,Employee E022,9/2/2026 8:42 am
PO859,Approval Status,Pending Approval,Employee E017,8/20/2026 8:03 am
PO859,Approval Status,Approved,Employee E040,8/20/2026 10:03 am
PO860,Approval Status,Pending Approval,Employee E016,8/3/2026 6:08 am
PO860,Approval Status,Approved,Employee E040,8/3/2026 8:08 am
PO861,Approval Status,Pending Approval,Employee E001,8/12/2026 11:08 am
PO861,Approval Status,Approved,Employee E021,8/12/2026 1:08 pm
PO862,Approval Status,Pending Approval,Employee E025,9/24/2026 6:42 am
PO862,Approval Status,Approved,Employee E034,9/24/2026 8:42 am
PO863,Approval Status,Pending Approval,Employee E004,7/16/2026 7:19 am
PO863,Approval Status,Approved,Employee E034,7/16/2026 9:19 am
PO864,Approval Status,Pending Approval,Employee E038,9/14/2026 11:39 am
PO864,Approval Status,Approved,Employee E021,9/14/2026 1:39 pm
PO865,Approval Status,Pending Approval,Employee E016,7/21/2026 8:54 am
PO865,Approval Status,Approved,Employee E024,7/21/2026 10:54 am
PO866,Approval Status,Pending Approval,Employee E014,7/6/2026 9:49 am
PO866,Approval Status,Approved,Employee E015,7/6/2026 11:49 am
PO867,Approval Status,Pending Approval,Employee E011,9/16/2026 6:12 am
PO867,Approval Status,Approved,Employee E006,9/16/2026 8:12 am
PO868,Approval Status,Pending Approval,Employee E012,8/17/2026 8:37 am
PO868,Approval Status,Approved,Employee E006,8/17/2026 10:37 am
PO869,Approval Status,Pending Approval,Employee E035,8/13/2026 12:40 pm
PO869,Approval Status,Approved,Employee E006,8/13/2026 2:40 pm
PO870,Approval Status,Pending Approval,Employee E017,7/14/2026 10:28 am
PO870,Approval Status,Approved,Employee E022,7/14/2026 12:28 pm
PO871,Approval Status,Pending Approval,Employee E030,9/13/2026 11:51 am
PO871,Approval Status,Approved,Employee E008,9/13/2026 1:51 pm
PO872,Approval Status,Pending Approval,Employee E028,7/30/2026 7:49 am
PO872,Approval Status,Approved,Employee E023,7/30/2026 9:49 am
PO873,Approval Status,Pending Approval,Employee E002,8/24/2026 7:55 am
PO873,Approval Status,Approved,Employee E023,8/24/2026 9:55 am
PO874,Approval Status,Pending Approval,Employee E031,9/16/2026 10:18 am
PO874,Approval Status,Approved,Employee E019,9/16/2026 12:18 pm
PO875,Approval Status,Pending Approval,Employee E016,9/14/2026 11:20 am
PO875,Approval Status,Approved,Employee E036,9/14/2026 1:20 pm
PO876,Approval Status,Pending Approval,Employee E003,9/14/2026 2:58 pm
PO876,Approval Status,Approved,Employee E006,9/14/2026 4:58 pm
PO877,Approval Status,Pending Approval,Employee E018,9/15/2026 6:37 am
PO877,Approval Status,Approved,Employee E036,9/15/2026 8:37 am
PO878,Approval Status,Pending Approval,Employee E005,8/19/2026 10:10 am
PO878,Approval Status,Approved,Employee E021,8/19/2026 12:10 pm
PO879,Approval Status,Pending Approval,Employee E017,9/29/2026 1:22 pm
PO879,Approval Status,Approved,Employee E008,9/29/2026 3:22 pm
PO880,Approval Status,Pending Approval,Employee E003,9/8/2026 2:49 pm
PO880,Approval Status,Approved,Employee E021,9/8/2026 4:49 pm
PO881,Approval Status,Pending Approval,Employee E025,9/8/2026 7:25 am
PO881,Approval Status,Approved,Employee E022,9/8/2026 9:25 am
PO882,Approval Status,Pending Approval,Employee E009,9/9/2026 9:21 am
PO882,Approval Status,Approved,Employee E021,9/9/2026 11:21 am
PO883,Approval Status,Pending Approval,Employee E033,8/4/2026 9:23 am
PO883,Approval Status,Approved,Employee E020,8/4/2026 11:23 am
PO884,Approval Status,Pending Approval,Employee E012,9/24/2026 7:45 am
PO884,Approval Status,Approved,Employee E021,9/24/2026 9:45 am
PO885,Approval Status,Pending Approval,Employee E001,9/3/2026 11:12 am
PO885,Approval Status,Approved,Employee E013,9/3/2026 1:12 pm
PO886,Approval Status,Pending Approval,Employee E001,9/13/2026 9:25 am
PO886,Approval Status,Approved,Employee E013,9/13/2026 11:25 am
PO887,Approval Status,Pending Approval,Employee E029,7/29/2026 1:53 pm
PO887,Approval Status,Approved,Employee E022,7/29/2026 3:53 pm
PO888,Approval Status,Pending Approval,Employee E028,7/30/2026 6:57 am
PO888,Approval Status,Approved,Employee E020,7/30/2026 8:57 am
PO889,Approval Status,Pending Approval,Employee E030,9/6/2026 1:10 pm
PO889,Approval Status,Approved,Employee E022,9/6/2026 3:10 pm
PO890,Approval Status,Pending Approval,Employee E011,8/24/2026 2:02 pm
PO890,Approval Status,Approved,Employee E020,8/24/2026 4:02 pm
PO891,Approval Status,Pending Approval,Employee E009,9/16/2026 2:12 pm
PO891,Approval Status,Approved,Employee E024,9/16/2026 4:12 pm
PO892,Approval Status,Pending Approval,Employee E009,7/30/2026 7:21 am
PO892,Approval Status,Approved,Employee E036,7/30/2026 9:21 am
PO893,Approval Status,Pending Approval,Employee E005,7/19/2026 12:12 pm
PO893,Approval Status,Approved,Employee E013,7/19/2026 2:12 pm
PO894,Approval Status,Pending Approval,Employee E011,7/27/2026 1:21 pm
PO894,Approval Status,Approved,Employee E040,7/27/2026 3:21 pm
PO895,Approval Status,Pending Approval,Employee E001,8/27/2026 2:57 pm
PO895,Approval Status,Approved,Employee E022,8/27/2026 4:57 pm
PO896,Approval Status,Pending Approval,Employee E018,8/4/2026 6:32 am
PO896,Approval Status,Approved,Employee E040,8/4/2026 8:32 am
PO897,Approval Status,Pending Approval,Employee E033,9/15/2026 10:44 am
PO897,Approval Status,Approved,Employee E019,9/15/2026 12:44 pm
PO898,Approval Status,Pending Approval,Employee E028,7/26/2026 10:20 am
PO898,Approval Status,Approved,Employee E036,7/26/2026 12:20 pm
PO899,Approval Status,Pending Approval,Employee E025,9/30/2026 6:17 am
PO899,Approval Status,Approved,Employee E036,9/30/2026 8:17 am
PO900,Approval Status,Pending Approval,Employee E002,7/20/2026 8:33 am
PO900,Approval Status,Approved,Employee E015,7/20/2026 10:33 am
PO901,Approval Status,Pending Approval,Employee E018,8/20/2026 8:10 am
PO901,Approval Status,Approved,Employee E013,8/20/2026 10:10 am
PO902,Approval Status,Pending Approval,Employee E031,7/2/2026 12:18 pm
PO902,Approval Status,Approved,Employee E036,7/2/2026 2:18 pm
PO903,Approval Status,Pending Approval,Employee E033,7/8/2026 2:37 pm
PO903,Approval Status,Approved,Employee E036,7/8/2026 4:37 pm
PO904,Approval Status,Pending Approval,Employee E018,7/16/2026 11:42 am
PO904,Approval Status,Approved,Employee E008,7/16/2026 1:42 pm
PO905,Approval Status,Pending Approval,Employee E004,9/23/2026 7:42 am
PO905,Approval Status,Approved,Employee E023,9/23/2026 9:42 am
PO906,Approval Status,Pending Approval,Employee E030,8/5/2026 12:28 pm
PO906,Approval Status,Approved,Employee E021,8/5/2026 2:28 pm
PO907,Approval Status,Pending Approval,Employee E018,7/20/2026 7:06 am
PO907,Approval Status,Approved,Employee E036,7/20/2026 9:06 am
PO908,Approval Status,Pending Approval,Employee E001,8/23/2026 6:03 am
PO908,Approval Status,Approved,Employee E024,8/23/2026 8:03 am
PO909,Approval Status,Pending Approval,Employee E017,7/14/2026 12:20 pm
PO909,Approval Status,Approved,Employee E020,7/14/2026 2:20 pm
PO910,Approval Status,Pending Approval,Employee E009,8/30/2026 1:37 pm
PO910,Approval Status,Approved,Employee E040,8/30/2026 3:37 pm
PO911,Approval Status,Pending Approval,Employee E031,7/7/2026 2:59 pm
PO911,Approval Status,Approved,Employee E020,7/7/2026 4:59 pm
PO912,Approval Status,Pending Approval,Employee E033,9/15/2026 9:10 am
PO912,Approval Status,Approved,Employee E040,9/15/2026 11:10 am
PO913,Approval Status,Pending Approval,Employee E012,8/20/2026 1:35 pm
PO913,Approval Status,Approved,Employee E023,8/20/2026 3:35 pm
PO914,Approval Status,Pending Approval,Employee E025,9/30/2026 8:31 am
PO914,Approval Status,Approved,Employee E040,9/30/2026 10:31 am
PO915,Approval Status,Pending Approval,Employee E033,8/19/2026 7:31 am
PO915,Approval Status,Approved,Employee E019,8/19/2026 9:31 am
PO916,Approval Status,Pending Approval,Employee E014,9/20/2026 2:14 pm
PO916,Approval Status,Approved,Employee E023,9/20/2026 4:14 pm
PO917,Approval Status,Pending Approval,Employee E009,7/5/2026 11:40 am
PO917,Approval Status,Approved,Employee E036,7/5/2026 1:40 pm
PO918,Approval Status,Pending Approval,Employee E010,8/4/2026 9:06 am
PO918,Approval Status,Approved,Employee E006,8/4/2026 11:06 am
PO919,Approval Status,Pending Approval,Employee E007,7/16/2026 11:09 am
PO919,Approval Status,Approved,Employee E021,7/16/2026 1:09 pm
PO920,Approval Status,Pending Approval,Employee E012,9/8/2026 7:35 am
PO920,Approval Status,Approved,Employee E020,9/8/2026 9:35 am
PO921,Approval Status,Pending Approval,Employee E007,8/3/2026 6:58 am
PO921,Approval Status,Approved,Employee E020,8/3/2026 8:58 am
PO922,Approval Status,Pending Approval,Employee E030,9/6/2026 11:42 am
PO922,Approval Status,Approved,Employee E021,9/6/2026 1:42 pm
PO923,Approval Status,Pending Approval,Employee E028,7/9/2026 8:53 am
PO923,Approval Status,Approved,Employee E006,7/9/2026 10:53 am
PO924,Approval Status,Pending Approval,Employee E009,7/27/2026 9:28 am
PO924,Approval Status,Approved,Employee E024,7/27/2026 11:28 am
PO925,Approval Status,Pending Approval,Employee E016,7/16/2026 10:15 am
PO925,Approval Status,Approved,Employee E021,7/16/2026 12:15 pm
PO926,Approval Status,Pending Approval,Employee E014,9/27/2026 9:53 am
PO926,Approval Status,Approved,Employee E021,9/27/2026 11:53 am
PO927,Approval Status,Pending Approval,Employee E007,8/20/2026 8:17 am
PO927,Approval Status,Approved,Employee E024,8/20/2026 10:17 am
PO928,Approval Status,Pending Approval,Employee E011,7/5/2026 12:59 pm
PO928,Approval Status,Approved,Employee E022,7/5/2026 2:59 pm
PO929,Approval Status,Pending Approval,Employee E005,9/14/2026 7:46 am
PO929,Approval Status,Approved,Employee E040,9/14/2026 9:46 am
PO930,Approval Status,Pending Approval,Employee E027,9/10/2026 12:29 pm
PO930,Approval Status,Approved,Employee E015,9/10/2026 2:29 pm
PO931,Approval Status,Pending Approval,Employee E025,8/3/2026 10:10 am
PO931,Approval Status,Approved,Employee E036,8/3/2026 12:10 pm
PO932,Approval Status,Pending Approval,Employee E026,7/12/2026 8:27 am
PO932,Approval Status,Approved,Employee E021,7/12/2026 10:27 am
PO933,Approval Status,Pending Approval,Employee E028,7/6/2026 6:16 am
PO933,Approval Status,Approved,Employee E022,7/6/2026 8:16 am
PO934,Approval Status,Pending Approval,Employee E037,8/10/2026 2:22 pm
PO934,Approval Status,Approved,Employee E040,8/10/2026 4:22 pm
PO935,Approval Status,Pending Approval,Employee E031,9/6/2026 1:35 pm
PO935,Approval Status,Approved,Employee E034,9/6/2026 3:35 pm
PO936,Approval Status,Pending Approval,Employee E037,7/13/2026 9:41 am
PO936,Approval Status,Approved,Employee E039,7/13/2026 11:41 am
PO937,Approval Status,Pending Approval,Employee E014,9/21/2026 8:42 am
PO937,Approval Status,Approved,Employee E006,9/21/2026 10:42 am
PO938,Approval Status,Pending Approval,Employee E012,8/27/2026 8:45 am
PO938,Approval Status,Approved,Employee E023,8/27/2026 10:45 am
PO939,Approval Status,Pending Approval,Employee E016,9/24/2026 6:50 am
PO939,Approval Status,Approved,Employee E023,9/24/2026 8:50 am
PO940,Approval Status,Pending Approval,Employee E004,7/7/2026 6:24 am
PO940,Approval Status,Approved,Employee E034,7/7/2026 8:24 am
PO941,Approval Status,Pending Approval,Employee E007,7/19/2026 6:35 am
PO941,Approval Status,Approved,Employee E036,7/19/2026 8:35 am
PO942,Approval Status,Pending Approval,Employee E010,7/30/2026 12:46 pm
PO942,Approval Status,Approved,Employee E024,7/30/2026 2:46 pm
PO943,Approval Status,Pending Approval,Employee E004,9/22/2026 12:25 pm
PO943,Approval Status,Approved,Employee E015,9/22/2026 2:25 pm
PO944,Approval Status,Pending Approval,Employee E007,8/5/2026 2:19 pm
PO944,Approval Status,Approved,Employee E039,8/5/2026 4:19 pm
PO945,Approval Status,Pending Approval,Employee E014,7/23/2026 1:25 pm
PO945,Approval Status,Approved,Employee E022,7/23/2026 3:25 pm
PO946,Approval Status,Pending Approval,Employee E033,9/20/2026 6:11 am
PO946,Approval Status,Approved,Employee E020,9/20/2026 8:11 am
PO947,Approval Status,Pending Approval,Employee E029,7/20/2026 11:02 am
PO947,Approval Status,Approved,Employee E015,7/20/2026 1:02 pm
PO948,Approval Status,Pending Approval,Employee E029,7/15/2026 7:25 am
PO948,Approval Status,Approved,Employee E015,7/15/2026 9:25 am
PO949,Approval Status,Pending Approval,Employee E009,7/1/2026 9:02 am
PO949,Approval Status,Approved,Employee E024,7/1/2026 11:02 am
PO950,Approval Status,Pending Approval,Employee E003,7/28/2026 10:37 am
PO950,Approval Status,Approved,Employee E036,7/28/2026 12:37 pm
PO951,Approval Status,Pending Approval,Employee E007,7/22/2026 8:41 am
PO951,Approval Status,Approved,Employee E039,7/22/2026 10:41 am
PO952,Approval Status,Pending Approval,Employee E033,9/14/2026 10:20 am
PO952,Approval Status,Approved,Employee E019,9/14/2026 12:20 pm
PO953,Approval Status,Pending Approval,Employee E025,8/19/2026 1:13 pm
PO953,Approval Status,Approved,Employee E036,8/19/2026 3:13 pm
PO954,Approval Status,Pending Approval,Employee E001,7/9/2026 8:27 am
PO954,Approval Status,Approved,Employee E006,7/9/2026 10:27 am
PO955,Approval Status,Pending Approval,Employee E018,8/17/2026 11:43 am
PO955,Approval Status,Approved,Employee E023,8/17/2026 1:43 pm
PO956,Approval Status,Pending Approval,Employee E002,9/30/2026 8:48 am
PO956,Approval Status,Approved,Employee E021,9/30/2026 10:48 am
PO957,Approval Status,Pending Approval,Employee E035,7/21/2026 12:24 pm
PO957,Approval Status,Approved,Employee E006,7/21/2026 2:24 pm
PO958,Approval Status,Pending Approval,Employee E027,7/6/2026 10:39 am
PO958,Approval Status,Approved,Employee E023,7/6/2026 12:39 pm
PO959,Approval Status,Pending Approval,Employee E035,7/13/2026 9:18 am
PO959,Approval Status,Approved,Employee E034,7/13/2026 11:18 am
PO960,Approval Status,Pending Approval,Employee E004,7/30/2026 7:07 am
PO960,Approval Status,Approved,Employee E021,7/30/2026 9:07 am
PO961,Approval Status,Pending Approval,Employee E005,8/10/2026 1:33 pm
PO961,Approval Status,Approved,Employee E039,8/10/2026 3:33 pm
PO962,Approval Status,Pending Approval,Employee E027,9/30/2026 6:59 am
PO962,Approval Status,Approved,Employee E023,9/30/2026 8:59 am
PO963,Approval Status,Pending Approval,Employee E002,9/16/2026 12:25 pm
PO963,Approval Status,Approved,Employee E020,9/16/2026 2:25 pm
PO964,Approval Status,Pending Approval,Employee E009,9/22/2026 1:16 pm
PO964,Approval Status,Approved,Employee E013,9/22/2026 3:16 pm
PO965,Approval Status,Pending Approval,Employee E025,8/10/2026 1:02 pm
PO965,Approval Status,Approved,Employee E013,8/10/2026 3:02 pm
PO966,Approval Status,Pending Approval,Employee E004,7/30/2026 6:05 am
PO966,Approval Status,Approved,Employee E034,7/30/2026 8:05 am
PO967,Approval Status,Pending Approval,Employee E002,9/1/2026 8:20 am
PO967,Approval Status,Approved,Employee E024,9/1/2026 10:20 am
PO968,Approval Status,Pending Approval,Employee E030,9/13/2026 8:09 am
PO968,Approval Status,Approved,Employee E020,9/13/2026 10:09 am
PO969,Approval Status,Pending Approval,Employee E003,9/7/2026 2:38 pm
PO969,Approval Status,Approved,Employee E013,9/7/2026 4:38 pm
PO970,Approval Status,Pending Approval,Employee E009,7/8/2026 6:30 am
PO970,Approval Status,Approved,Employee E034,7/8/2026 8:30 am
PO971,Approval Status,Pending Approval,Employee E001,9/21/2026 2:49 pm
PO971,Approval Status,Approved,Employee E008,9/21/2026 4:49 pm
PO972,Approval Status,Pending Approval,Employee E005,9/14/2026 12:08 pm
PO972,Approval Status,Approved,Employee E019,9/14/2026 2:08 pm
PO973,Approval Status,Pending Approval,Employee E033,7/20/2026 9:19 am
PO973,Approval Status,Approved,Employee E013,7/20/2026 11:19 am
PO974,Approval Status,Pending Approval,Employee E001,7/23/2026 8:36 am
PO974,Approval Status,Approved,Employee E019,7/23/2026 10:36 am
PO975,Approval Status,Pending Approval,Employee E035,9/1/2026 2:44 pm
PO975,Approval Status,Approved,Employee E019,9/1/2026 4:44 pm
PO976,Approval Status,Pending Approval,Employee E017,8/4/2026 10:03 am
PO976,Approval Status,Approved,Employee E034,8/4/2026 12:03 pm
PO977,Approval Status,Pending Approval,Employee E029,8/31/2026 7:36 am
PO977,Approval Status,Approved,Employee E019,8/31/2026 9:36 am
PO978,Approval Status,Pending Approval,Employee E032,8/11/2026 12:26 pm
PO978,Approval Status,Approved,Employee E008,8/11/2026 2:26 pm
PO979,Approval Status,Pending Approval,Employee E011,9/8/2026 12:26 pm
PO979,Approval Status,Approved,Employee E034,9/8/2026 2:26 pm
PO980,Approval Status,Pending Approval,Employee E032,8/6/2026 12:50 pm
PO980,Approval Status,Approved,Employee E024,8/6/2026 2:50 pm
PO981,Approval Status,Pending Approval,Employee E035,8/25/2026 2:08 pm
PO981,Approval Status,Approved,Employee E015,8/25/2026 4:08 pm
PO982,Approval Status,Pending Approval,Employee E032,7/19/2026 8:05 am
PO982,Approval Status,Approved,Employee E006,7/19/2026 10:05 am
PO983,Approval Status,Pending Approval,Employee E033,9/14/2026 10:56 am
PO983,Approval Status,Approved,Employee E015,9/14/2026 12:56 pm
PO984,Approval Status,Pending Approval,Employee E028,7/27/2026 11:33 am
PO984,Approval Status,Approved,Employee E024,7/27/2026 1:33 pm
PO985,Approval Status,Pending Approval,Employee E004,9/2/2026 12:34 pm
PO985,Approval Status,Approved,Employee E034,9/2/2026 2:34 pm
PO986,Approval Status,Pending Approval,Employee E002,7/20/2026 12:07 pm
PO986,Approval Status,Approved,Employee E039,7/20/2026 2:07 pm
PO987,Approval Status,Pending Approval,Employee E025,9/30/2026 11:22 am
PO987,Approval Status,Approved,Employee E013,9/30/2026 1:22 pm
PO988,Approval Status,Pending Approval,Employee E029,8/23/2026 1:56 pm
PO988,Approval Status,Approved,Employee E013,8/23/2026 3:56 pm
PO989,Approval Status,Pending Approval,Employee E004,7/27/2026 6:23 am
PO989,Approval Status,Approved,Employee E006,7/27/2026 8:23 am
PO990,Approval Status,Pending Approval,Employee E028,7/2/2026 6:50 am
PO990,Approval Status,Approved,Employee E013,7/2/2026 8:50 am
PO991,Approval Status,Pending Approval,Employee E032,7/15/2026 1:54 pm
PO991,Approval Status,Approved,Employee E019,7/15/2026 3:54 pm
PO992,Approval Status,Pending Approval,Employee E026,7/15/2026 7:24 am
PO992,Approval Status,Approved,Employee E036,7/15/2026 9:24 am
PO993,Approval Status,Pending Approval,Employee E011,9/2/2026 12:50 pm
PO993,Approval Status,Approved,Employee E019,9/2/2026 2:50 pm
PO994,Approval Status,Pending Approval,Employee E028,9/7/2026 2:08 pm
PO994,Approval Status,Approved,Employee E036,9/7/2026 4:08 pm
PO995,Approval Status,Pending Approval,Employee E032,8/27/2026 8:20 am
PO995,Approval Status,Approved,Employee E015,8/27/2026 10:20 am
PO996,Approval Status,Pending Approval,Employee E002,8/31/2026 8:01 am
PO996,Approval Status,Approved,Employee E034,8/31/2026 10:01 am
PO997,Approval Status,Pending Approval,Employee E026,7/13/2026 11:26 am
PO997,Approval Status,Approved,Employee E021,7/13/2026 1:26 pm
PO998,Approval Status,Pending Approval,Employee E025,9/2/2026 11:52 am
PO998,Approval Status,Approved,Employee E020,9/2/2026 1:52 pm
PO999,Approval Status,Pending Approval,Employee E014,9/23/2026 8:01 am
PO999,Approval Status,Approved,Employee E024,9/23/2026 10:01 am
PO1000,Approval Status,Pending Approval,Employee E026,9/16/2026 6:28 am
PO1000,Approval Status,Approved,Employee E008,9/16/2026 8:28 am
PO1001,Approval Status,Pending Approval,Employee E018,9/6/2026 2:16 pm
PO1001,Approval Status,Approved,Employee E019,9/6/2026 4:16 pm
PO1002,Approval Status,Pending Approval,Employee E038,7/7/2026 7:09 am
PO1002,Approval Status,Approved,Employee E020,7/7/2026 9:09 am
PO1003,Approval Status,Pending Approval,Employee E038,8/17/2026 9:32 am
PO1003,Approval Status,Approved,Employee E006,8/17/2026 11:32 am
PO1004,Approval Status,Pending Approval,Employee E012,9/14/2026 9:23 am
PO1004,Approval Status,Approved,Employee E013,9/14/2026 11:23 am
PO1005,Approval Status,Pending Approval,Employee E014,9/27/2026 7:37 am
PO1005,Approval Status,Approved,Employee E013,9/27/2026 9:37 am
PO1006,Approval Status,Pending Approval,Employee E033,9/9/2026 9:41 am
PO1006,Approval Status,Approved,Employee E034,9/9/2026 11:41 am
PO1007,Approval Status,Pending Approval,Employee E033,9/6/2026 10:15 am
PO1007,Approval Status,Approved,Employee E013,9/6/2026 12:15 pm
PO1008,Approval Status,Pending Approval,Employee E014,7/26/2026 12:08 pm
PO1008,Approval Status,Approved,Employee E013,7/26/2026 2:08 pm
PO1009,Approval Status,Pending Approval,Employee E009,8/18/2026 7:38 am
PO1009,Approval Status,Approved,Employee E022,8/18/2026 9:38 am
PO1010,Approval Status,Pending Approval,Employee E004,8/23/2026 8:40 am
PO1010,Approval Status,Approved,Employee E023,8/23/2026 10:40 am
PO1011,Approval Status,Pending Approval,Employee E027,8/11/2026 11:16 am
PO1011,Approval Status,Approved,Employee E022,8/11/2026 1:16 pm
PO1012,Approval Status,Pending Approval,Employee E004,9/3/2026 7:07 am
PO1012,Approval Status,Approved,Employee E040,9/3/2026 9:07 am
PO1013,Approval Status,Pending Approval,Employee E028,8/6/2026 1:43 pm
PO1013,Approval Status,Approved,Employee E020,8/6/2026 3:43 pm
PO1014,Approval Status,Pending Approval,Employee E007,7/13/2026 6:10 am
PO1014,Approval Status,Approved,Employee E024,7/13/2026 8:10 am
PO1015,Approval Status,Pending Approval,Employee E026,8/5/2026 11:08 am
PO1015,Approval Status,Approved,Employee E021,8/5/2026 1:08 pm
PO1016,Approval Status,Pending Approval,Employee E001,7/22/2026 1:38 pm
PO1016,Approval Status,Approved,Employee E024,7/22/2026 3:38 pm
PO1017,Approval Status,Pending Approval,Employee E005,8/24/2026 9:37 am
PO1017,Approval Status,Approved,Employee E040,8/24/2026 11:37 am
PO1018,Approval Status,Pending Approval,Employee E025,8/11/2026 12:40 pm
PO1018,Approval Status,Approved,Employee E039,8/11/2026 2:40 pm
PO1019,Approval Status,Pending Approval,Employee E033,8/17/2026 9:28 am
PO1019,Approval Status,Approved,Employee E013,8/17/2026 11:28 am
PO1020,Approval Status,Pending Approval,Employee E011,7/21/2026 11:59 am
PO1020,Approval Status,Approved,Employee E019,7/21/2026 1:59 pm
PO1021,Approval Status,Pending Approval,Employee E025,8/23/2026 9:39 am
PO1021,Approval Status,Approved,Employee E015,8/23/2026 11:39 am
PO1022,Approval Status,Pending Approval,Employee E037,8/11/2026 6:02 am
PO1022,Approval Status,Approved,Employee E040,8/11/2026 8:02 am
PO1023,Approval Status,Pending Approval,Employee E027,7/16/2026 12:06 pm
PO1023,Approval Status,Approved,Employee E039,7/16/2026 2:06 pm
PO1024,Approval Status,Pending Approval,Employee E011,7/22/2026 10:54 am
PO1024,Approval Status,Approved,Employee E019,7/22/2026 12:54 pm
PO1025,Approval Status,Pending Approval,Employee E017,8/4/2026 12:31 pm
PO1025,Approval Status,Approved,Employee E013,8/4/2026 2:31 pm
PO1026,Approval Status,Pending Approval,Employee E007,8/25/2026 1:38 pm
PO1026,Approval Status,Approved,Employee E022,8/25/2026 3:38 pm
PO1027,Approval Status,Pending Approval,Employee E037,8/18/2026 11:54 am
PO1027,Approval Status,Approved,Employee E023,8/18/2026 1:54 pm
PO1028,Approval Status,Pending Approval,Employee E027,9/29/2026 2:25 pm
PO1028,Approval Status,Approved,Employee E036,9/29/2026 4:25 pm
PO1029,Approval Status,Pending Approval,Employee E003,9/2/2026 9:34 am
PO1029,Approval Status,Approved,Employee E039,9/2/2026 11:34 am
PO1030,Approval Status,Pending Approval,Employee E002,7/22/2026 11:10 am
PO1030,Approval Status,Approved,Employee E034,7/22/2026 1:10 pm
PO1031,Approval Status,Pending Approval,Employee E025,9/6/2026 8:56 am
PO1031,Approval Status,Approved,Employee E013,9/6/2026 10:56 am
PO1032,Approval Status,Pending Approval,Employee E003,7/21/2026 7:08 am
PO1032,Approval Status,Approved,Employee E040,7/21/2026 9:08 am
PO1033,Approval Status,Pending Approval,Employee E009,9/29/2026 9:50 am
PO1033,Approval Status,Approved,Employee E021,9/29/2026 11:50 am
PO1034,Approval Status,Pending Approval,Employee E007,8/12/2026 9:44 am
PO1034,Approval Status,Approved,Employee E039,8/12/2026 11:44 am
PO1035,Approval Status,Pending Approval,Employee E025,9/28/2026 11:05 am
PO1035,Approval Status,Approved,Employee E020,9/28/2026 1:05 pm
PO1036,Approval Status,Pending Approval,Employee E002,8/24/2026 8:35 am
PO1036,Approval Status,Approved,Employee E036,8/24/2026 10:35 am
PO1037,Approval Status,Pending Approval,Employee E005,7/13/2026 8:54 am
PO1037,Approval Status,Approved,Employee E023,7/13/2026 10:54 am
PO1038,Approval Status,Pending Approval,Employee E028,7/6/2026 1:05 pm
PO1038,Approval Status,Approved,Employee E034,7/6/2026 3:05 pm
PO1039,Approval Status,Pending Approval,Employee E009,7/5/2026 9:00 am
PO1039,Approval Status,Approved,Employee E015,7/5/2026 11:00 am
PO1040,Approval Status,Pending Approval,Employee E033,8/13/2026 7:53 am
PO1040,Approval Status,Approved,Employee E021,8/13/2026 9:53 am
PO1041,Approval Status,Pending Approval,Employee E035,7/30/2026 6:14 am
PO1041,Approval Status,Approved,Employee E024,7/30/2026 8:14 am
PO1042,Approval Status,Pending Approval,Employee E016,7/9/2026 1:50 pm
PO1042,Approval Status,Approved,Employee E021,7/9/2026 3:50 pm
PO1043,Approval Status,Pending Approval,Employee E028,8/18/2026 11:14 am
PO1043,Approval Status,Approved,Employee E019,8/18/2026 1:14 pm
PO1044,Approval Status,Pending Approval,Employee E005,8/18/2026 6:21 am
PO1044,Approval Status,Approved,Employee E015,8/18/2026 8:21 am
PO1045,Approval Status,Pending Approval,Employee E012,8/10/2026 12:18 pm
PO1045,Approval Status,Approved,Employee E013,8/10/2026 2:18 pm
PO1046,Approval Status,Pending Approval,Employee E007,7/16/2026 6:23 am
PO1046,Approval Status,Approved,Employee E015,7/16/2026 8:23 am
PO1047,Approval Status,Pending Approval,Employee E004,9/21/2026 1:15 pm
PO1047,Approval Status,Approved,Employee E034,9/21/2026 3:15 pm
PO1048,Approval Status,Pending Approval,Employee E029,9/16/2026 1:58 pm
PO1048,Approval Status,Approved,Employee E040,9/16/2026 3:58 pm
PO1049,Approval Status,Pending Approval,Employee E004,7/12/2026 7:27 am
PO1049,Approval Status,Approved,Employee E039,7/12/2026 9:27 am
PO1050,Approval Status,Pending Approval,Employee E025,8/13/2026 8:36 am
PO1050,Approval Status,Approved,Employee E034,8/13/2026 10:36 am
PO1051,Approval Status,Pending Approval,Employee E001,7/15/2026 12:03 pm
PO1051,Approval Status,Approved,Employee E006,7/15/2026 2:03 pm
PO1052,Approval Status,Pending Approval,Employee E038,8/23/2026 11:54 am
PO1052,Approval Status,Approved,Employee E022,8/23/2026 1:54 pm
PO1053,Approval Status,Pending Approval,Employee E012,9/7/2026 7:25 am
PO1053,Approval Status,Approved,Employee E024,9/7/2026 9:25 am
PO1054,Approval Status,Pending Approval,Employee E001,7/29/2026 1:29 pm
PO1054,Approval Status,Approved,Employee E034,7/29/2026 3:29 pm
PO1055,Approval Status,Pending Approval,Employee E012,9/24/2026 1:54 pm
PO1055,Approval Status,Approved,Employee E024,9/24/2026 3:54 pm
PO1056,Approval Status,Pending Approval,Employee E010,7/28/2026 9:02 am
PO1056,Approval Status,Approved,Employee E013,7/28/2026 11:02 am
PO1057,Approval Status,Pending Approval,Employee E003,8/18/2026 2:07 pm
PO1057,Approval Status,Approved,Employee E039,8/18/2026 4:07 pm
PO1058,Approval Status,Pending Approval,Employee E038,8/25/2026 9:51 am
PO1058,Approval Status,Approved,Employee E023,8/25/2026 11:51 am
PO1059,Approval Status,Pending Approval,Employee E038,8/24/2026 11:38 am
PO1059,Approval Status,Approved,Employee E019,8/24/2026 1:38 pm
PO1060,Approval Status,Pending Approval,Employee E004,9/24/2026 8:59 am
PO1060,Approval Status,Approved,Employee E023,9/24/2026 10:59 am
PO1061,Approval Status,Pending Approval,Employee E012,8/13/2026 11:10 am
PO1061,Approval Status,Approved,Employee E023,8/13/2026 1:10 pm
PO1062,Approval Status,Pending Approval,Employee E027,8/31/2026 9:52 am
PO1062,Approval Status,Approved,Employee E023,8/31/2026 11:52 am
PO1063,Approval Status,Pending Approval,Employee E010,9/9/2026 11:08 am
PO1063,Approval Status,Approved,Employee E040,9/9/2026 1:08 pm
PO1064,Approval Status,Pending Approval,Employee E032,7/22/2026 10:35 am
PO1064,Approval Status,Approved,Employee E024,7/22/2026 12:35 pm
PO1065,Approval Status,Pending Approval,Employee E025,8/20/2026 8:09 am
PO1065,Approval Status,Approved,Employee E034,8/20/2026 10:09 am
PO1066,Approval Status,Pending Approval,Employee E007,8/5/2026 7:36 am
PO1066,Approval Status,Approved,Employee E013,8/5/2026 9:36 am
PO1067,Approval Status,Pending Approval,Employee E038,7/22/2026 12:58 pm
PO1067,Approval Status,Approved,Employee E019,7/22/2026 2:58 pm
PO1068,Approval Status,Pending Approval,Employee E001,9/15/2026 11:36 am
PO1068,Approval Status,Approved,Employee E039,9/15/2026 1:36 pm
PO1069,Approval Status,Pending Approval,Employee E004,7/9/2026 1:15 pm
PO1069,Approval Status,Approved,Employee E022,7/9/2026 3:15 pm
PO1070,Approval Status,Pending Approval,Employee E011,9/15/2026 11:53 am
PO1070,Approval Status,Approved,Employee E015,9/15/2026 1:53 pm
PO1071,Approval Status,Pending Approval,Employee E002,9/13/2026 8:41 am
PO1071,Approval Status,Approved,Employee E020,9/13/2026 10:41 am
PO1072,Approval Status,Pending Approval,Employee E002,9/8/2026 8:51 am
PO1072,Approval Status,Approved,Employee E036,9/8/2026 10:51 am
PO1073,Approval Status,Pending Approval,Employee E003,9/15/2026 7:09 am
PO1073,Approval Status,Approved,Employee E022,9/15/2026 9:09 am
PO1074,Approval Status,Pending Approval,Employee E032,8/27/2026 9:49 am
PO1074,Approval Status,Approved,Employee E013,8/27/2026 11:49 am
PO1075,Approval Status,Pending Approval,Employee E025,7/5/2026 9:41 am
PO1075,Approval Status,Approved,Employee E023,7/5/2026 11:41 am
PO1076,Approval Status,Pending Approval,Employee E010,9/24/2026 11:14 am
PO1076,Approval Status,Approved,Employee E008,9/24/2026 1:14 pm
PO1077,Approval Status,Pending Approval,Employee E002,7/15/2026 7:26 am
PO1077,Approval Status,Approved,Employee E019,7/15/2026 9:26 am
PO1078,Approval Status,Pending Approval,Employee E001,7/21/2026 8:20 am
PO1078,Approval Status,Approved,Employee E040,7/21/2026 10:20 am
PO1079,Approval Status,Pending Approval,Employee E010,9/1/2026 1:04 pm
PO1079,Approval Status,Approved,Employee E008,9/1/2026 3:04 pm
PO1080,Approval Status,Pending Approval,Employee E005,7/2/2026 8:45 am
PO1080,Approval Status,Approved,Employee E024,7/2/2026 10:45 am
PO1081,Approval Status,Pending Approval,Employee E038,8/23/2026 12:43 pm
PO1081,Approval Status,Approved,Employee E021,8/23/2026 2:43 pm
PO1082,Approval Status,Pending Approval,Employee E029,7/22/2026 6:08 am
PO1082,Approval Status,Approved,Employee E024,7/22/2026 8:08 am
PO1083,Approval Status,Pending Approval,Employee E002,9/21/2026 11:21 am
PO1083,Approval Status,Approved,Employee E023,9/21/2026 1:21 pm
PO1084,Approval Status,Pending Approval,Employee E009,8/3/2026 9:24 am
PO1084,Approval Status,Approved,Employee E013,8/3/2026 11:24 am
PO1085,Approval Status,Pending Approval,Employee E003,8/13/2026 10:07 am
PO1085,Approval Status,Approved,Employee E013,8/13/2026 12:07 pm
PO1086,Approval Status,Pending Approval,Employee E012,9/16/2026 7:06 am
PO1086,Approval Status,Approved,Employee E019,9/16/2026 9:06 am
PO1087,Approval Status,Pending Approval,Employee E005,8/10/2026 9:51 am
PO1087,Approval Status,Approved,Employee E006,8/10/2026 11:51 am
PO1088,Approval Status,Pending Approval,Employee E032,7/26/2026 6:35 am
PO1088,Approval Status,Approved,Employee E020,7/26/2026 8:35 am
PO1089,Approval Status,Pending Approval,Employee E016,9/27/2026 1:14 pm
PO1089,Approval Status,Approved,Employee E034,9/27/2026 3:14 pm
PO1090,Approval Status,Pending Approval,Employee E004,8/20/2026 11:34 am
PO1090,Approval Status,Approved,Employee E019,8/20/2026 1:34 pm
PO1091,Approval Status,Pending Approval,Employee E033,8/5/2026 11:26 am
PO1091,Approval Status,Approved,Employee E013,8/5/2026 1:26 pm
PO1092,Approval Status,Pending Approval,Employee E011,7/14/2026 7:38 am
PO1092,Approval Status,Approved,Employee E024,7/14/2026 9:38 am
PO1093,Approval Status,Pending Approval,Employee E038,8/12/2026 8:10 am
PO1093,Approval Status,Approved,Employee E013,8/12/2026 10:10 am
PO1094,Approval Status,Pending Approval,Employee E038,8/23/2026 9:16 am
PO1094,Approval Status,Approved,Employee E021,8/23/2026 11:16 am
PO1095,Approval Status,Pending Approval,Employee E033,7/16/2026 12:47 pm
PO1095,Approval Status,Approved,Employee E022,7/16/2026 2:47 pm
PO1096,Approval Status,Pending Approval,Employee E029,9/7/2026 1:01 pm
PO1096,Approval Status,Approved,Employee E013,9/7/2026 3:01 pm
PO1097,Approval Status,Pending Approval,Employee E010,8/31/2026 10:24 am
PO1097,Approval Status,Approved,Employee E024,8/31/2026 12:24 pm
PO1098,Approval Status,Pending Approval,Employee E026,9/20/2026 1:04 pm
PO1098,Approval Status,Approved,Employee E021,9/20/2026 3:04 pm
PO1099,Approval Status,Pending Approval,Employee E037,9/24/2026 11:21 am
PO1099,Approval Status,Approved,Employee E013,9/24/2026 1:21 pm
PO1100,Approval Status,Pending Approval,Employee E010,8/11/2026 7:26 am
PO1100,Approval Status,Approved,Employee E024,8/11/2026 9:26 am
PO1101,Approval Status,Pending Approval,Employee E017,7/22/2026 6:22 am
PO1101,Approval Status,Approved,Employee E008,7/22/2026 8:22 am
PO1102,Approval Status,Pending Approval,Employee E017,7/26/2026 2:58 pm
PO1102,Approval Status,Approved,Employee E021,7/26/2026 4:58 pm
PO1103,Approval Status,Pending Approval,Employee E017,7/26/2026 8:47 am
PO1103,Approval Status,Approved,Employee E006,7/26/2026 10:47 am
PO1104,Approval Status,Pending Approval,Employee E025,9/16/2026 9:21 am
PO1104,Approval Status,Approved,Employee E040,9/16/2026 11:21 am
PO1105,Approval Status,Pending Approval,Employee E025,9/20/2026 11:32 am
PO1105,Approval Status,Approved,Employee E024,9/20/2026 1:32 pm
PO1106,Approval Status,Pending Approval,Employee E025,9/20/2026 9:50 am
PO1106,Approval Status,Approved,Employee E040,9/20/2026 11:50 am
PO1107,Approval Status,Pending Approval,Employee E017,8/3/2026 7:38 am
PO1107,Approval Status,Approved,Employee E008,8/3/2026 9:38 am
PO1108,Approval Status,Pending Approval,Employee E018,8/17/2026 9:30 am
PO1108,Approval Status,Approved,Employee E021,8/17/2026 11:30 am
PO1109,Approval Status,Pending Approval,Employee E035,7/30/2026 7:13 am
PO1109,Approval Status,Approved,Employee E015,7/30/2026 9:13 am
PO1110,Approval Status,Pending Approval,Employee E035,9/13/2026 11:36 am
PO1110,Approval Status,Approved,Employee E019,9/13/2026 1:36 pm
PO1111,Approval Status,Pending Approval,Employee E032,9/8/2026 9:05 am
PO1111,Approval Status,Approved,Employee E015,9/8/2026 11:05 am
PO1112,Approval Status,Pending Approval,Employee E029,8/17/2026 1:24 pm
PO1112,Approval Status,Approved,Employee E020,8/17/2026 3:24 pm
PO1113,Approval Status,Pending Approval,Employee E010,8/4/2026 2:50 pm
PO1113,Approval Status,Approved,Employee E034,8/4/2026 4:50 pm
PO1114,Approval Status,Pending Approval,Employee E007,7/14/2026 10:09 am
PO1114,Approval Status,Approved,Employee E019,7/14/2026 12:09 pm
PO1115,Approval Status,Pending Approval,Employee E015,7/21/2026 2:26 pm
PO1115,Approval Status,Approved,Employee E015,7/21/2026 4:26 pm
PO1116,Approval Status,Pending Approval,Employee E023,9/10/2026 1:21 pm
PO1116,Approval Status,Approved,Employee E023,9/10/2026 3:21 pm
PO1117,Approval Status,Pending Approval,Employee E038,8/30/2026 9:07 pm
PO1117,Approval Status,Approved,Employee E039,8/30/2026 11:07 pm
PO1118,Approval Status,Pending Approval,Employee E038,8/5/2026 9:55 pm
PO1118,Approval Status,Approved,Employee E023,8/5/2026 11:55 pm
PO1119,Approval Status,Pending Approval,Employee E004,7/24/2026 11:05 am
PO1119,Approval Status,Approved,Employee E034,7/24/2026 1:05 pm
PO1120,Approval Status,Pending Approval,Employee E004,7/8/2026 12:22 pm
PO1120,Approval Status,Approved,Employee E006,7/8/2026 2:22 pm
PO1121,Approval Status,Pending Approval,Employee E004,7/5/2026 7:48 am
PO1121,Approval Status,Approved,Employee E024,7/5/2026 9:48 am
PO1122,Approval Status,Pending Approval,Employee E007,9/6/2026 9:22 am
PO1122,Approval Status,Approved,Employee E036,9/6/2026 11:22 am
PO1123,Approval Status,Pending Approval,Employee E007,9/28/2026 7:21 am
PO1123,Approval Status,Approved,Employee E006,9/28/2026 9:21 am
PO1124,Approval Status,Pending Approval,Employee E012,8/27/2026 12:52 pm
PO1124,Approval Status,Approved,Employee E006,8/27/2026 2:52 pm
