Document Number,Reference No.,Name,Date,Amount,Created From,Status
VB1,INV-4395,Bina Taqa Est. (fictional),7/21/2026,"4,307.95",Purchase Order #PO1,Paid In Full
VB2,INV-5017,Rimal Madar Contracting (fictional),7/16/2026,"27,039.10",Purchase Order #PO2,Paid In Full
VB3,INV-4844,Waha Taqa Services (fictional),8/9/2026,"32,127.76",Purchase Order #PO3,Paid In Full
VB4,INV-2223,Noor Najd Trading (fictional),9/17/2026,"5,643.70",Purchase Order #PO4,Paid In Full
VB5,INV-3768,Jazeera Qimma Solutions (fictional),7/15/2026,"34,742.40",Purchase Order #PO5,Paid In Full
VB6,INV-5057,Rimal Madar Contracting (fictional),8/22/2026,"6,280.04",Purchase Order #PO6,Paid In Full
VB7,INV-4606,Jazeera Noor Supplies (fictional),10/1/2026,"23,443.68",Purchase Order #PO7,Paid In Full
VB8,INV-2276,Noor Najd Trading (fictional),7/14/2026,"17,073.36",Purchase Order #PO8,Paid In Full
VB9,INV-4001,Taqa Shams Trading (fictional),10/18/2026,"29,448.00",Purchase Order #PO9,Paid In Full
VB10,INV-4629,Jazeera Noor Supplies (fictional),8/8/2026,"15,391.08",Purchase Order #PO10,Paid In Full
VB11,INV-1759,Sarh Noor Services (fictional),7/31/2026,"11,969.55",Purchase Order #PO11,Paid In Full
VB12,INV-2951,Najd Najd Contracting (fictional),8/31/2026,"28,252.38",Purchase Order #PO12,Paid In Full
VB13,INV-4812,Rimal Madar Contracting (fictional),9/29/2026,"13,609.56",Purchase Order #PO13,Paid In Full
VB14,INV-1893,Buruj Dana Services (fictional),9/2/2026,"20,234.55",Purchase Order #PO14,Paid In Full
VB15,INV-4220,Qimma Waha Est. (fictional),10/5/2026,"9,233.00",Purchase Order #PO15,Paid In Full
VB16,INV-5023,Rimal Madar Contracting (fictional),8/14/2026,"20,158.16",Purchase Order #PO16,Paid In Full
VB17,INV-2131,Dana Rimal Trading (fictional),9/17/2026,"36,822.34",Purchase Order #PO17,Paid In Full
VB18,INV-5037,Rimal Madar Contracting (fictional),9/4/2026,"32,038.08",Purchase Order #PO18,Paid In Full
VB19,INV-2211,Taqa Sahab Services (fictional),8/9/2026,"22,545.76",Purchase Order #PO19,Paid In Full
VB20,INV-1588,Shams Bina Solutions (fictional),9/25/2026,"14,696.40",Purchase Order #PO20,Paid In Full
VB21,INV-4416,Wadi Dana Solutions (fictional),9/25/2026,"26,988.28",Purchase Order #PO21,Paid In Full
VB22,INV-2992,Buruj Waha Supplies (fictional),8/17/2026,"16,348.75",Purchase Order #PO22,Paid In Full
VB23,INV-1107,Bina Sarh Est. (fictional),9/20/2026,"16,611.48",Purchase Order #PO23,Paid In Full
VB24,INV-2307,Noor Najd Trading (fictional),8/3/2026,"27,716.64",Purchase Order #PO24,Paid In Full
VB25,INV-3236,Rawabi Masar Trading (fictional),8/3/2026,"18,367.26",Purchase Order #PO25,Paid In Full
VB26,INV-1922,Noor Masar Contracting (fictional),10/19/2026,"4,920.43",Purchase Order #PO26,Paid In Full
VB27,INV-4675,Jazeera Noor Supplies (fictional),8/29/2026,"30,033.15",Purchase Order #PO27,Paid In Full
VB28,INV-2989,Najd Najd Contracting (fictional),8/9/2026,"16,452.15",Purchase Order #PO28,Paid In Full
VB29,INV-2172,Dana Rimal Trading (fictional),8/19/2026,"3,539.01",Purchase Order #PO29,Paid In Full
VB30,INV-1873,Sahab Tamayuz Services (fictional),10/20/2026,"27,650.95",Purchase Order #PO30,Paid In Full
VB31,INV-4448,Bina Taqa Est. (fictional),7/17/2026,"6,948.87",Purchase Order #PO31,Paid In Full
VB32,INV-2421,Rimal Madar Contracting (fictional),9/15/2026,"34,614.88",Purchase Order #PO32,Paid In Full
VB33,INV-1795,Madar Jazeera Trading (fictional),8/17/2026,"30,276.09",Purchase Order #PO33,Paid In Full
VB34,INV-4699,Jazeera Noor Supplies (fictional),8/6/2026,"21,838.88",Purchase Order #PO34,Paid In Full
VB35,INV-3261,Rawabi Masar Trading (fictional),9/1/2026,"38,909.00",Purchase Order #PO35,Paid In Full
VB36,INV-4443,Wadi Dana Solutions (fictional),7/25/2026,"7,040.07",Purchase Order #PO36,Paid In Full
VB37,INV-1116,Tamayuz Jazeera Trading (fictional),9/7/2026,"22,617.70",Purchase Order #PO37,Paid In Full
VB38,INV-3452,Bina Afaq Contracting (fictional),9/18/2026,"4,852.82",Purchase Order #PO38,Paid In Full
VB39,INV-3051,Rimal Madar Contracting (fictional),7/22/2026,"19,614.84",Purchase Order #PO39,Paid In Full
VB40,INV-4883,Taqa Rimal Solutions (fictional),9/17/2026,"22,924.40",Purchase Order #PO40,Paid In Full
VB41,INV-1799,Buruj Dana Trading (fictional),8/1/2026,"22,746.40",Purchase Order #PO41,Paid In Full
VB42,INV-3024,Najd Najd Contracting (fictional),9/8/2026,"38,630.34",Purchase Order #PO42,Paid In Full
VB43,INV-3611,Waha Madar Est. (fictional),8/21/2026,"11,847.52",Purchase Order #PO43,Paid In Full
VB44,INV-2628,Rimal Sahab Supplies (fictional),9/5/2026,"31,887.58",Purchase Order #PO44,Paid In Full
VB45,INV-3459,Bina Afaq Contracting (fictional),8/1/2026,"19,020.45",Purchase Order #PO45,Paid In Full
VB46,INV-4009,Taqa Shams Trading (fictional),7/31/2026,"14,289.10",Purchase Order #PO46,Paid In Full
VB47,INV-2665,Rimal Sahab Supplies (fictional),10/7/2026,"12,760.02",Purchase Order #PO47,Paid In Full
VB48,INV-2321,Noor Najd Trading (fictional),9/15/2026,"37,311.34",Purchase Order #PO48,Paid In Full
VB49,INV-2623,Taqa Noor Solutions (fictional),8/27/2026,"6,554.59",Purchase Order #PO49,Paid In Full
VB50,INV-1328,Bina Rawabi Est. (fictional),9/12/2026,"9,342.64",Purchase Order #PO50,Paid In Full
VB51,INV-1803,Madar Jazeera Trading (fictional),9/12/2026,"9,046.08",Purchase Order #PO51,Paid In Full
VB52,INV-1583,Sarh Qimma Services (fictional),9/14/2026,"28,782.60",Purchase Order #PO52,Paid In Full
VB53,INV-2379,Noor Najd Trading (fictional),8/22/2026,"1,897.07",Purchase Order #PO53,Paid In Full
VB54,INV-3475,Bina Afaq Contracting (fictional),7/16/2026,"37,263.52",Purchase Order #PO54,Paid In Full
VB55,INV-2408,Noor Najd Trading (fictional),9/16/2026,"16,659.86",Purchase Order #PO55,Paid In Full
VB56,INV-4248,Qimma Waha Est. (fictional),9/4/2026,"3,167.08",Purchase Order #PO56,Paid In Full
VB57,INV-4978,Buruj Noor Solutions (fictional),9/9/2026,"26,146.98",Purchase Order #PO57,Paid In Full
VB58,INV-4481,Wadi Dana Solutions (fictional),10/13/2026,"8,222.06",Purchase Order #PO58,Paid In Full
VB59,INV-2228,Taqa Sahab Services (fictional),9/22/2026,"23,677.84",Purchase Order #PO59,Paid In Full
VB60,INV-4457,Bina Taqa Est. (fictional),8/16/2026,"27,461.55",Purchase Order #PO60,Paid In Full
VB61,INV-2218,Dana Rimal Trading (fictional),9/15/2026,"17,772.24",Purchase Order #PO61,Paid In Full
VB62,INV-5076,Rimal Madar Contracting (fictional),7/18/2026,"34,553.76",Purchase Order #PO62,Paid In Full
VB63,INV-4277,Qimma Waha Est. (fictional),8/15/2026,"13,374.06",Purchase Order #PO63,Paid In Full
VB64,INV-4987,Buruj Noor Solutions (fictional),9/4/2026,"26,455.17",Purchase Order #PO64,Paid In Full
VB65,INV-4505,Wadi Dana Solutions (fictional),8/11/2026,"4,928.17",Purchase Order #PO65,Paid In Full
VB66,INV-4459,Nakheel Qimma Supplies (fictional),9/22/2026,"32,749.86",Purchase Order #PO66,Paid In Full
VB67,INV-5132,Rimal Madar Contracting (fictional),8/15/2026,"10,665.60",Purchase Order #PO67,Paid In Full
VB68,INV-2439,Rimal Madar Contracting (fictional),8/25/2026,"6,992.85",Purchase Order #PO68,Paid In Full
VB69,INV-4798,Dana Madar Est. (fictional),9/6/2026,"16,764.00",Purchase Order #PO69,Paid In Full
VB70,INV-4833,Dana Madar Est. (fictional),8/23/2026,"23,300.25",Purchase Order #PO70,Paid In Full
VB71,INV-1523,Shams Noor Trading (fictional),10/18/2026,"33,702.82",Purchase Order #PO71,Paid In Full
VB72,INV-4124,Rimal Madar Contracting (fictional),8/5/2026,"35,030.94",Purchase Order #PO72,Paid In Full
VB73,INV-1809,Buruj Dana Trading (fictional),8/2/2026,"3,673.22",Purchase Order #PO73,Paid In Full
VB74,INV-3825,Jazeera Qimma Solutions (fictional),8/17/2026,"22,629.48",Purchase Order #PO74,Paid In Full
VB75,INV-1976,Noor Masar Contracting (fictional),7/30/2026,"30,775.00",Purchase Order #PO75,Paid In Full
VB76,INV-2455,Rimal Madar Contracting (fictional),8/24/2026,"24,779.02",Purchase Order #PO76,Paid In Full
VB77,INV-4304,Qimma Waha Est. (fictional),7/22/2026,"3,651.55",Purchase Order #PO77,Paid In Full
VB78,INV-4973,Nakheel Sarh Solutions (fictional),7/22/2026,"12,932.10",Purchase Order #PO78,Paid In Full
VB79,INV-3606,Rimal Madar Contracting (fictional),9/29/2026,"37,233.65",Purchase Order #PO79,Paid In Full
VB80,INV-1627,Sarh Qimma Services (fictional),8/17/2026,"21,420.04",Purchase Order #PO80,Paid In Full
VB81,INV-2269,Taqa Sahab Services (fictional),7/19/2026,"23,912.44",Purchase Order #PO81,Paid In Full
VB82,INV-5013,Nakheel Sarh Solutions (fictional),7/17/2026,"24,518.94",Purchase Order #PO82,Paid In Full
VB83,INV-1598,Sarh Rimal Trading (fictional),7/20/2026,"10,363.44",Purchase Order #PO83,Paid In Full
VB84,INV-5012,Buruj Noor Solutions (fictional),8/9/2026,"17,197.32",Purchase Order #PO84,Paid In Full
VB85,INV-4995,Sahab Sarh Est. (fictional),8/27/2026,"22,115.52",Purchase Order #PO85,Paid In Full
VB86,INV-2462,Rimal Madar Contracting (fictional),7/23/2026,"4,742.13",Purchase Order #PO86,Paid In Full
VB87,INV-2497,Rimal Madar Contracting (fictional),9/27/2026,"30,226.00",Purchase Order #PO87,Paid In Full
VB88,INV-3040,Najd Najd Contracting (fictional),8/14/2026,"18,157.12",Purchase Order #PO88,Paid In Full
VB89,INV-2149,Rimal Qimma Services (fictional),7/19/2026,"4,687.07",Purchase Order #PO89,Paid In Full
VB90,INV-2250,Dana Rimal Trading (fictional),8/28/2026,"4,696.55",Purchase Order #PO90,Paid In Full
VB91,INV-3775,Rimal Madar Contracting (fictional),9/30/2026,"31,603.38",Purchase Order #PO91,Paid In Full
VB92,INV-4520,Wadi Dana Solutions (fictional),7/25/2026,"15,404.55",Purchase Order #PO92,Paid In Full
VB93,INV-4314,Qimma Waha Est. (fictional),10/12/2026,"30,350.46",Purchase Order #PO93,Paid In Full
VB94,INV-5021,Buruj Noor Solutions (fictional),8/24/2026,"35,179.97",Purchase Order #PO94,Paid In Full
VB95,INV-4479,Nakheel Qimma Supplies (fictional),8/10/2026,"37,468.20",Purchase Order #PO95,Paid In Full
VB96,INV-4727,Jazeera Noor Supplies (fictional),10/9/2026,"15,784.92",Purchase Order #PO96,Paid In Full
VB97,INV-5026,Sahab Sarh Est. (fictional),10/7/2026,"33,375.84",Purchase Order #PO97,Paid In Full
VB98,INV-1829,Buruj Dana Trading (fictional),8/6/2026,"13,322.32",Purchase Order #PO98,Paid In Full
VB99,INV-1054,Nakheel Najd Trading (fictional),10/6/2026,"29,909.04",Purchase Order #PO99,Paid In Full
VB100,INV-4143,Rimal Madar Contracting (fictional),9/11/2026,"35,942.68",Purchase Order #PO100,Paid In Full
VB101,INV-1774,Sarh Noor Services (fictional),9/19/2026,"6,109.81",Purchase Order #PO101,Paid In Full
VB102,INV-5108,Rimal Madar Contracting (fictional),8/31/2026,"32,136.00",Purchase Order #PO102,Paid In Full
VB103,INV-5048,Buruj Noor Solutions (fictional),10/4/2026,"33,710.64",Purchase Order #PO103,Paid In Full
VB104,INV-4873,Dana Madar Est. (fictional),8/22/2026,"2,973.96",Purchase Order #PO104,Paid In Full
VB105,INV-4835,Tamayuz Shams Solutions (fictional),9/25/2026,"32,078.31",Purchase Order #PO105,Paid In Full
VB106,INV-1335,Bina Rawabi Est. (fictional),8/2/2026,"24,386.65",Purchase Order #PO106,Paid In Full
VB107,INV-4176,Rimal Madar Contracting (fictional),7/30/2026,"33,833.63",Purchase Order #PO107,Paid In Full
VB108,INV-5082,Sahab Sarh Est. (fictional),10/13/2026,"35,017.94",Purchase Order #PO108,Paid In Full
VB109,INV-4481,Bina Taqa Est. (fictional),8/29/2026,"36,557.64",Purchase Order #PO109,Paid In Full
VB110,INV-4916,Dana Madar Est. (fictional),9/18/2026,"24,397.20",Purchase Order #PO110,Paid In Full
VB111,INV-4913,Taqa Rimal Solutions (fictional),10/1/2026,"12,739.02",Purchase Order #PO111,Paid In Full
VB112,INV-1870,Buruj Dana Trading (fictional),9/3/2026,"21,021.50",Purchase Order #PO112,Paid In Full
VB113,INV-1085,Nakheel Najd Trading (fictional),10/10/2026,"5,912.55",Purchase Order #PO113,Paid In Full
VB114,INV-1353,Rimal Madar Contracting (fictional),9/25/2026,"27,322.24",Purchase Order #PO114,Paid In Full
VB115,INV-1212,Najd Madar Supplies (fictional),7/13/2026,"5,638.60",Purchase Order #PO115,Paid In Full
VB116,INV-3303,Rawabi Masar Trading (fictional),9/27/2026,"34,804.35",Purchase Order #PO116,Paid In Full
VB117,INV-4883,Shams Madar Contracting (fictional),8/9/2026,"18,704.64",Purchase Order #PO117,Paid In Full
VB118,INV-1830,Madar Jazeera Trading (fictional),8/8/2026,"18,155.80",Purchase Order #PO118,Paid In Full
VB119,INV-2004,Noor Masar Contracting (fictional),7/27/2026,"8,688.74",Purchase Order #PO119,Paid In Full
VB120,INV-4994,Sahab Najd Solutions (fictional),8/11/2026,"1,228.32",Purchase Order #PO120,Paid In Full
VB121,INV-4966,Dana Madar Est. (fictional),8/30/2026,"5,757.19",Purchase Order #PO121,Paid In Full
VB122,INV-2201,Rimal Qimma Services (fictional),8/9/2026,"15,344.40",Purchase Order #PO122,Paid In Full
VB123,INV-1532,Shams Noor Trading (fictional),9/9/2026,"4,586.22",Purchase Order #PO123,Paid In Full
VB124,INV-2694,Rimal Sahab Supplies (fictional),9/19/2026,"25,257.68",Purchase Order #PO124,Paid In Full
VB125,INV-2308,Dana Rimal Trading (fictional),8/26/2026,"33,539.70",Purchase Order #PO125,Paid In Full
VB126,INV-5035,Nakheel Sarh Solutions (fictional),8/19/2026,"3,653.95",Purchase Order #PO126,Paid In Full
VB127,INV-2347,Dana Rimal Trading (fictional),8/25/2026,"24,920.28",Purchase Order #PO127,Paid In Full
VB128,INV-1590,Shams Noor Trading (fictional),8/21/2026,"25,978.05",Purchase Order #PO128,Paid In Full
VB129,INV-1783,Sarh Noor Services (fictional),9/13/2026,"2,672.76",Purchase Order #PO129,Paid In Full
VB130,INV-1919,Buruj Dana Trading (fictional),9/24/2026,"8,273.70",Purchase Order #PO130,Paid In Full
VB131,INV-3873,Jazeera Qimma Solutions (fictional),9/7/2026,"28,729.96",Purchase Order #PO131,Paid In Full
VB132,INV-5144,Rimal Madar Contracting (fictional),7/16/2026,"27,522.04",Purchase Order #PO132,Paid In Full
VB133,INV-1641,Sarh Qimma Services (fictional),9/9/2026,"39,954.18",Purchase Order #PO133,Paid In Full
VB134,INV-4337,Qimma Waha Est. (fictional),7/20/2026,"22,031.08",Purchase Order #PO134,Paid In Full
VB135,INV-1400,Rimal Madar Contracting (fictional),8/29/2026,"5,087.79",Purchase Order #PO135,Paid In Full
VB136,INV-4528,Wadi Dana Solutions (fictional),8/5/2026,"24,378.90",Purchase Order #PO136,Paid In Full
VB137,INV-3315,Rawabi Masar Trading (fictional),10/11/2026,"15,912.06",Purchase Order #PO137,Paid In Full
VB138,INV-3885,Jazeera Qimma Solutions (fictional),9/18/2026,"19,263.08",Purchase Order #PO138,Paid In Full
VB139,INV-4496,Nakheel Qimma Supplies (fictional),8/13/2026,"33,410.52",Purchase Order #PO139,Paid In Full
VB140,INV-4891,Tamayuz Shams Solutions (fictional),8/9/2026,"3,703.84",Purchase Order #PO140,Paid In Full
VB141,INV-3664,Waha Madar Est. (fictional),8/31/2026,"24,661.62",Purchase Order #PO141,Paid In Full
VB142,INV-4535,Bina Taqa Est. (fictional),8/17/2026,"35,291.55",Purchase Order #PO142,Paid In Full
VB143,INV-5059,Nakheel Sarh Solutions (fictional),7/29/2026,"9,768.15",Purchase Order #PO143,Paid In Full
VB144,INV-1945,Buruj Dana Services (fictional),8/14/2026,"28,430.88",Purchase Order #PO144,Paid In Full
VB145,INV-1793,Sarh Noor Services (fictional),8/2/2026,"28,305.42",Purchase Order #PO145,Paid In Full
VB146,INV-1423,Rimal Madar Contracting (fictional),8/8/2026,"19,565.86",Purchase Order #PO146,Paid In Full
VB147,INV-2424,Masar Wadi Services (fictional),7/9/2026,"9,474.45",Purchase Order #PO147,Paid In Full
VB148,INV-3014,Buruj Waha Supplies (fictional),9/17/2026,"3,160.08",Purchase Order #PO148,Paid In Full
VB149,INV-3946,Najd Sahab Contracting (fictional),8/21/2026,"22,003.92",Purchase Order #PO149,Paid In Full
VB150,INV-1386,Bina Rawabi Est. (fictional),9/7/2026,"13,677.36",Purchase Order #PO150,Paid In Full
VB151,INV-1623,Shams Noor Trading (fictional),7/17/2026,"22,709.06",Purchase Order #PO151,Paid In Full
VB152,INV-4904,Tamayuz Shams Solutions (fictional),10/5/2026,"18,799.13",Purchase Order #PO152,Paid In Full
VB153,INV-2509,Rimal Madar Contracting (fictional),8/1/2026,"23,379.20",Purchase Order #PO153,Paid In Full
VB154,INV-2045,Noor Masar Contracting (fictional),8/16/2026,"4,306.15",Purchase Order #PO154,Paid In Full
VB155,INV-1151,Bina Sarh Est. (fictional),8/9/2026,"37,355.68",Purchase Order #PO155,Paid In Full
VB156,INV-4587,Wadi Dana Solutions (fictional),8/25/2026,"10,899.70",Purchase Order #PO156,Paid In Full
VB157,INV-4935,Taqa Rimal Solutions (fictional),7/19/2026,"1,584.74",Purchase Order #PO157,Paid In Full
VB158,INV-1135,Tamayuz Jazeera Trading (fictional),9/14/2026,"3,803.13",Purchase Order #PO158,Paid In Full
VB159,INV-4233,Rimal Madar Contracting (fictional),10/10/2026,"31,806.00",Purchase Order #PO159,Paid In Full
VB160,INV-1555,Tamayuz Bina Trading (fictional),8/26/2026,"4,511.68",Purchase Order #PO160,Paid In Full
VB161,INV-4991,Taqa Rimal Solutions (fictional),8/23/2026,"5,536.32",Purchase Order #PO161,Paid In Full
VB162,INV-2101,Noor Masar Contracting (fictional),9/19/2026,"12,318.00",Purchase Order #PO162,Paid In Full
VB163,INV-4032,Taqa Shams Trading (fictional),9/4/2026,"20,749.50",Purchase Order #PO163,Paid In Full
VB164,INV-2361,Dana Rimal Trading (fictional),8/9/2026,"4,381.23",Purchase Order #PO164,Paid In Full
VB165,INV-1434,Rimal Madar Contracting (fictional),9/19/2026,"31,640.55",Purchase Order #PO165,Paid In Full
VB166,INV-4590,Bina Taqa Est. (fictional),9/5/2026,"35,955.92",Purchase Order #PO166,Paid In Full
VB167,INV-5204,Rimal Madar Contracting (fictional),9/19/2026,"32,927.40",Purchase Order #PO167,Paid In Full
VB168,INV-2550,Rimal Madar Contracting (fictional),8/7/2026,"31,920.64",Purchase Order #PO168,Paid In Full
VB169,INV-1593,Tamayuz Bina Trading (fictional),8/16/2026,"28,553.76",Purchase Order #PO169,Paid In Full
VB170,INV-3042,Buruj Waha Supplies (fictional),7/27/2026,"37,560.60",Purchase Order #PO170,Paid In Full
VB171,INV-5231,Rimal Madar Contracting (fictional),8/1/2026,"21,907.80",Purchase Order #PO171,Paid In Full
VB172,INV-5280,Rimal Madar Contracting (fictional),9/14/2026,"36,516.80",Purchase Order #PO172,Paid In Full
VB173,INV-4946,Tamayuz Shams Solutions (fictional),8/8/2026,"20,339.00",Purchase Order #PO173,Paid In Full
VB174,INV-4598,Wadi Dana Solutions (fictional),8/26/2026,"20,363.40",Purchase Order #PO174,Paid In Full
VB175,INV-3702,Waha Madar Est. (fictional),9/25/2026,"22,577.94",Purchase Order #PO175,Paid In Full
VB176,INV-4055,Taqa Shams Trading (fictional),10/13/2026,"18,102.63",Purchase Order #PO176,Paid In Full
VB177,INV-3966,Najd Sahab Contracting (fictional),8/20/2026,"37,629.54",Purchase Order #PO177,Paid In Full
VB178,INV-4863,Waha Taqa Services (fictional),9/1/2026,"30,940.84",Purchase Order #PO178,Paid In Full
VB179,INV-5025,Sahab Najd Solutions (fictional),8/13/2026,"32,096.70",Purchase Order #PO179,Paid In Full
VB180,INV-2291,Taqa Sahab Services (fictional),8/27/2026,"24,283.46",Purchase Order #PO180,Paid In Full
VB181,INV-3525,Bina Afaq Contracting (fictional),9/30/2026,"6,677.70",Purchase Order #PO181,Paid In Full
VB182,INV-1147,Tamayuz Jazeera Trading (fictional),8/15/2026,"19,864.70",Purchase Order #PO182,Paid In Full
VB183,INV-5116,Rimal Madar Contracting (fictional),9/10/2026,"9,097.02",Purchase Order #PO183,Paid In Full
VB184,INV-5299,Rimal Madar Contracting (fictional),8/1/2026,"27,078.70",Purchase Order #PO184,Paid In Full
VB185,INV-2423,Noor Najd Trading (fictional),7/19/2026,"3,373.56",Purchase Order #PO185,Paid In Full
VB186,INV-5079,Nakheel Sarh Solutions (fictional),7/22/2026,"18,159.24",Purchase Order #PO186,Paid In Full
VB187,INV-3580,Bina Afaq Contracting (fictional),8/11/2026,"21,159.90",Purchase Order #PO187,Paid In Full
VB188,INV-1200,Tamayuz Jazeera Trading (fictional),9/5/2026,"39,766.40",Purchase Order #PO188,Paid In Full
VB189,INV-3095,Rimal Madar Contracting (fictional),8/16/2026,"30,509.50",Purchase Order #PO189,Paid In Full
VB190,INV-1232,Najd Madar Supplies (fictional),9/27/2026,"12,740.70",Purchase Order #PO190,Paid In Full
VB191,INV-5155,Rimal Madar Contracting (fictional),8/28/2026,"25,947.68",Purchase Order #PO191,Paid In Full
VB192,INV-3049,Buruj Waha Supplies (fictional),8/28/2026,"12,340.08",Purchase Order #PO192,Paid In Full
VB193,INV-3084,Najd Najd Contracting (fictional),8/12/2026,"22,539.96",Purchase Order #PO193,Paid In Full
VB194,INV-4549,Nakheel Qimma Supplies (fictional),9/25/2026,"29,333.15",Purchase Order #PO194,Paid In Full
VB195,INV-2723,Rimal Sahab Supplies (fictional),7/17/2026,"27,160.65",Purchase Order #PO195,Paid In Full
VB196,INV-1236,Tamayuz Jazeera Trading (fictional),10/7/2026,"33,152.56",Purchase Order #PO196,Paid In Full
VB197,INV-1136,Nakheel Najd Trading (fictional),9/1/2026,"23,531.70",Purchase Order #PO197,Paid In Full
VB198,INV-4983,Dana Madar Est. (fictional),10/1/2026,"27,452.48",Purchase Order #PO198,Paid In Full
VB199,INV-5330,Rimal Madar Contracting (fictional),8/17/2026,"8,563.80",Purchase Order #PO199,Paid In Full
VB200,INV-1147,Nakheel Najd Trading (fictional),8/16/2026,"25,996.76",Purchase Order #PO200,Paid In Full
VB201,INV-2217,Rimal Qimma Services (fictional),9/13/2026,"29,093.79",Purchase Order #PO201,Paid In Full
VB202,INV-1474,Rimal Madar Contracting (fictional),7/25/2026,"33,564.00",Purchase Order #PO202,Paid In Full
VB203,INV-2312,Taqa Sahab Services (fictional),8/7/2026,"5,959.16",Purchase Order #PO203,Paid In Full
VB204,INV-2350,Taqa Sahab Services (fictional),8/19/2026,"27,111.48",Purchase Order #PO204,Paid In Full
VB205,INV-4600,Nakheel Qimma Supplies (fictional),9/1/2026,"24,908.40",Purchase Order #PO205,Paid In Full
VB206,INV-3923,Jazeera Qimma Solutions (fictional),10/17/2026,"14,200.35",Purchase Order #PO206,Paid In Full
VB207,INV-1633,Sarh Rimal Trading (fictional),7/17/2026,"36,045.00",Purchase Order #PO207,Paid In Full
VB208,INV-1251,Najd Madar Supplies (fictional),10/3/2026,"11,768.64",Purchase Order #PO208,Paid In Full
VB209,INV-1848,Madar Jazeera Trading (fictional),9/15/2026,"29,274.66",Purchase Order #PO209,Paid In Full
VB210,INV-2759,Rimal Sahab Supplies (fictional),8/17/2026,"4,614.75",Purchase Order #PO210,Paid In Full
VB211,INV-5135,Sahab Sarh Est. (fictional),10/15/2026,"15,623.99",Purchase Order #PO211,Paid In Full
VB212,INV-4878,Waha Taqa Services (fictional),8/30/2026,"9,697.14",Purchase Order #PO212,Paid In Full
VB213,INV-3754,Waha Madar Est. (fictional),8/30/2026,"31,723.80",Purchase Order #PO213,Paid In Full
VB214,INV-1263,Najd Madar Supplies (fictional),8/28/2026,"35,185.54",Purchase Order #PO214,Paid In Full
VB215,INV-1276,Tamayuz Jazeera Trading (fictional),8/19/2026,"37,360.32",Purchase Order #PO215,Paid In Full
VB216,INV-4759,Jazeera Noor Supplies (fictional),9/23/2026,"19,066.30",Purchase Order #PO216,Paid In Full
VB217,INV-3636,Rimal Madar Contracting (fictional),7/23/2026,"2,063.35",Purchase Order #PO217,Paid In Full
VB218,INV-1641,Shams Noor Trading (fictional),7/30/2026,"5,920.42",Purchase Order #PO218,Paid In Full
VB219,INV-4374,Qimma Waha Est. (fictional),8/6/2026,"37,483.30",Purchase Order #PO219,Paid In Full
VB220,INV-5083,Buruj Noor Solutions (fictional),9/17/2026,"19,667.75",Purchase Order #PO220,Paid In Full
VB221,INV-4660,Nakheel Qimma Supplies (fictional),9/30/2026,"9,288.40",Purchase Order #PO221,Paid In Full
VB222,INV-2461,Masar Wadi Services (fictional),10/1/2026,"26,726.34",Purchase Order #PO222,Paid In Full
VB223,INV-1304,Tamayuz Jazeera Trading (fictional),8/27/2026,"37,291.36",Purchase Order #PO223,Paid In Full
VB224,INV-1880,Sahab Tamayuz Services (fictional),8/26/2026,"13,374.33",Purchase Order #PO224,Paid In Full
VB225,INV-1180,Bina Sarh Est. (fictional),9/26/2026,"29,530.80",Purchase Order #PO225,Paid In Full
VB226,INV-1932,Buruj Dana Trading (fictional),9/19/2026,"18,024.70",Purchase Order #PO226,Paid In Full
VB227,INV-4988,Tamayuz Shams Solutions (fictional),10/8/2026,"40,698.44",Purchase Order #PO227,Paid In Full
VB228,INV-1160,Nakheel Najd Trading (fictional),7/15/2026,"22,563.69",Purchase Order #PO228,Paid In Full
VB229,INV-2655,Taqa Noor Solutions (fictional),10/3/2026,"26,661.00",Purchase Order #PO229,Paid In Full
VB230,INV-2418,Dana Rimal Trading (fictional),9/9/2026,"29,060.72",Purchase Order #PO230,Paid In Full
VB231,INV-5029,Tamayuz Shams Solutions (fictional),10/13/2026,"5,850.20",Purchase Order #PO231,Paid In Full
VB232,INV-5022,Dana Madar Est. (fictional),7/20/2026,"41,480.04",Purchase Order #PO232,Paid In Full
VB233,INV-5129,Nakheel Sarh Solutions (fictional),8/24/2026,"4,274.37",Purchase Order #PO233,Paid In Full
VB234,INV-1237,Bina Sarh Est. (fictional),9/12/2026,"8,157.24",Purchase Order #PO234,Paid In Full
VB235,INV-2438,Noor Najd Trading (fictional),7/11/2026,"3,003.66",Purchase Order #PO235,Paid In Full
VB236,INV-2142,Noor Masar Contracting (fictional),9/11/2026,"14,074.86",Purchase Order #PO236,Paid In Full
VB237,INV-1318,Najd Madar Supplies (fictional),7/25/2026,"25,849.68",Purchase Order #PO237,Paid In Full
VB238,INV-1882,Madar Jazeera Trading (fictional),9/26/2026,"10,536.57",Purchase Order #PO238,Paid In Full
VB239,INV-2179,Noor Masar Contracting (fictional),7/26/2026,"2,138.00",Purchase Order #PO239,Paid In Full
VB240,INV-1685,Sarh Qimma Services (fictional),8/30/2026,"23,039.44",Purchase Order #PO240,Paid In Full
VB241,INV-3796,Waha Madar Est. (fictional),10/16/2026,"28,487.04",Purchase Order #PO241,Paid In Full
VB242,INV-4114,Taqa Shams Trading (fictional),7/8/2026,"38,244.00",Purchase Order #PO242,Paid In Full
VB243,INV-5143,Sahab Sarh Est. (fictional),8/4/2026,"25,589.88",Purchase Order #PO243,Paid In Full
VB244,INV-5065,Sahab Najd Solutions (fictional),8/17/2026,"24,629.89",Purchase Order #PO244,Paid In Full
VB245,INV-1915,Sahab Tamayuz Services (fictional),8/13/2026,"34,703.96",Purchase Order #PO245,Paid In Full
VB246,INV-5041,Taqa Rimal Solutions (fictional),8/18/2026,"9,343.08",Purchase Order #PO246,Paid In Full
VB247,INV-4142,Taqa Shams Trading (fictional),10/2/2026,"30,426.06",Purchase Order #PO247,Paid In Full
VB248,INV-1848,Sarh Noor Services (fictional),7/27/2026,"2,792.88",Purchase Order #PO248,Paid In Full
VB249,INV-5138,Buruj Noor Solutions (fictional),10/6/2026,"28,360.80",Purchase Order #PO249,Paid In Full
VB250,INV-4427,Qimma Waha Est. (fictional),8/23/2026,"15,170.75",Purchase Order #PO250,Paid In Full
VB251,INV-3805,Rimal Madar Contracting (fictional),8/5/2026,"30,723.00",Purchase Order #PO251,Paid In Full
VB252,INV-2773,Rimal Sahab Supplies (fictional),9/24/2026,"10,399.52",Purchase Order #PO252,Paid In Full
VB253,INV-4708,Nakheel Qimma Supplies (fictional),9/5/2026,"38,383.74",Purchase Order #PO253,Paid In Full
VB254,INV-4801,Jazeera Noor Supplies (fictional),9/23/2026,"13,734.15",Purchase Order #PO254,Paid In Full
VB255,INV-1398,Bina Rawabi Est. (fictional),10/3/2026,"32,641.44",Purchase Order #PO255,Paid In Full
VB256,INV-4478,Qimma Waha Est. (fictional),7/23/2026,"29,397.24",Purchase Order #PO256,Paid In Full
VB257,INV-5042,Dana Madar Est. (fictional),9/6/2026,"34,347.60",Purchase Order #PO257,Paid In Full
VB258,INV-1432,Bina Rawabi Est. (fictional),8/24/2026,"18,826.88",Purchase Order #PO258,Paid In Full
VB259,INV-4647,Wadi Dana Solutions (fictional),7/27/2026,"11,557.22",Purchase Order #PO259,Paid In Full
VB260,INV-1602,Shams Bina Solutions (fictional),8/23/2026,"37,932.84",Purchase Order #PO260,Paid In Full
VB261,INV-1660,Shams Bina Solutions (fictional),8/24/2026,"33,018.12",Purchase Order #PO261,Paid In Full
VB262,INV-4599,Bina Taqa Est. (fictional),10/3/2026,"31,694.23",Purchase Order #PO262,Paid In Full
VB263,INV-1943,Sahab Tamayuz Services (fictional),9/12/2026,"34,058.40",Purchase Order #PO263,Paid In Full
VB264,INV-1517,Rimal Madar Contracting (fictional),10/1/2026,"22,888.91",Purchase Order #PO264,Paid In Full
VB265,INV-4750,Nakheel Qimma Supplies (fictional),9/7/2026,"11,973.60",Purchase Order #PO265,Paid In Full
VB266,INV-1685,Shams Bina Solutions (fictional),8/19/2026,"2,763.42",Purchase Order #PO266,Paid In Full
VB267,INV-2479,Noor Najd Trading (fictional),9/8/2026,"5,455.94",Purchase Order #PO267,Paid In Full
VB268,INV-1912,Madar Jazeera Trading (fictional),7/26/2026,"21,486.42",Purchase Order #PO268,Paid In Full
VB269,INV-2267,Rimal Qimma Services (fictional),10/17/2026,"23,723.20",Purchase Order #PO269,Paid In Full
VB270,INV-2429,Dana Rimal Trading (fictional),7/26/2026,"8,747.76",Purchase Order #PO270,Paid In Full
VB271,INV-1695,Shams Noor Trading (fictional),8/19/2026,"32,052.76",Purchase Order #PO271,Paid In Full
VB272,INV-3117,Najd Najd Contracting (fictional),8/21/2026,"31,369.76",Purchase Order #PO272,Paid In Full
VB273,INV-3832,Rimal Madar Contracting (fictional),9/15/2026,"14,259.07",Purchase Order #PO273,Paid In Full
VB274,INV-3375,Rawabi Masar Trading (fictional),8/13/2026,"30,129.00",Purchase Order #PO274,Paid In Full
VB275,INV-1195,Nakheel Najd Trading (fictional),9/20/2026,"4,755.85",Purchase Order #PO275,Paid In Full
VB276,INV-5195,Sahab Sarh Est. (fictional),9/18/2026,"12,354.30",Purchase Order #PO276,Paid In Full
VB277,INV-5184,Rimal Madar Contracting (fictional),8/4/2026,"30,763.78",Purchase Order #PO277,Paid In Full
VB278,INV-3137,Najd Najd Contracting (fictional),8/9/2026,"5,793.60",Purchase Order #PO278,Paid In Full
VB279,INV-5173,Nakheel Sarh Solutions (fictional),8/11/2026,"3,793.73",Purchase Order #PO279,Paid In Full
VB280,INV-5055,Dana Madar Est. (fictional),9/15/2026,"7,485.00",Purchase Order #PO280,Paid In Full
VB281,INV-1230,Nakheel Najd Trading (fictional),10/9/2026,"27,312.24",Purchase Order #PO281,Paid In Full
VB282,INV-1980,Buruj Dana Trading (fictional),7/19/2026,"15,920.71",Purchase Order #PO282,Paid In Full
VB283,INV-5171,Buruj Noor Solutions (fictional),7/20/2026,"31,616.00",Purchase Order #PO283,Paid In Full
VB284,INV-2008,Buruj Dana Trading (fictional),7/22/2026,"9,375.62",Purchase Order #PO284,Paid In Full
VB285,INV-2480,Dana Rimal Trading (fictional),9/27/2026,"4,521.77",Purchase Order #PO285,Paid In Full
VB286,INV-1271,Nakheel Najd Trading (fictional),9/10/2026,"32,833.57",Purchase Order #PO286,Paid In Full
VB287,INV-1972,Sahab Tamayuz Services (fictional),9/14/2026,"37,613.74",Purchase Order #PO287,Paid In Full
VB288,INV-2384,Taqa Sahab Services (fictional),7/25/2026,"26,787.23",Purchase Order #PO288,Paid In Full
VB289,INV-1698,Sarh Qimma Services (fictional),9/17/2026,"17,020.30",Purchase Order #PO289,Paid In Full
VB290,INV-3101,Buruj Waha Supplies (fictional),9/6/2026,"26,475.25",Purchase Order #PO290,Paid In Full
VB291,INV-2320,Rimal Qimma Services (fictional),7/26/2026,"23,948.60",Purchase Order #PO291,Paid In Full
VB292,INV-1855,Sarh Noor Services (fictional),8/16/2026,"16,714.20",Purchase Order #PO292,Paid In Full
VB293,INV-3626,Bina Afaq Contracting (fictional),8/30/2026,"5,260.36",Purchase Order #PO293,Paid In Full
VB294,INV-2493,Noor Najd Trading (fictional),9/4/2026,"5,851.89",Purchase Order #PO294,Paid In Full
VB295,INV-5225,Rimal Madar Contracting (fictional),8/26/2026,"6,545.00",Purchase Order #PO295,Paid In Full
VB296,INV-1297,Nakheel Najd Trading (fictional),9/15/2026,"9,016.20",Purchase Order #PO296,Paid In Full
VB297,INV-1374,Najd Madar Supplies (fictional),10/9/2026,"41,158.25",Purchase Order #PO297,Paid In Full
VB298,INV-4623,Bina Taqa Est. (fictional),8/13/2026,"19,200.30",Purchase Order #PO298,Paid In Full
VB299,INV-3152,Rimal Madar Contracting (fictional),9/8/2026,"2,083.92",Purchase Order #PO299,Paid In Full
VB300,INV-4637,Bina Taqa Est. (fictional),7/20/2026,"39,361.28",Purchase Order #PO300,Paid In Full
VB301,INV-2235,Noor Masar Contracting (fictional),9/4/2026,"36,792.00",Purchase Order #PO301,Paid In Full
VB302,INV-1542,Rimal Madar Contracting (fictional),7/6/2026,"14,146.40",Purchase Order #PO302,Paid In Full
VB303,INV-4693,Bina Taqa Est. (fictional),8/9/2026,"23,710.50",Purchase Order #PO303,Paid In Full
VB304,INV-1348,Nakheel Najd Trading (fictional),7/30/2026,"11,435.60",Purchase Order #PO304,Paid In Full
VB305,INV-2009,Sahab Tamayuz Services (fictional),8/21/2026,"13,713.44",Purchase Order #PO305,Paid In Full
VB306,INV-1382,Najd Madar Supplies (fictional),7/12/2026,"17,539.08",Purchase Order #PO306,Paid In Full
VB307,INV-2069,Sahab Tamayuz Services (fictional),7/16/2026,"9,589.56",Purchase Order #PO307,Paid In Full
VB308,INV-5274,Rimal Madar Contracting (fictional),8/11/2026,"35,108.58",Purchase Order #PO308,Paid In Full
VB309,INV-1712,Sarh Qimma Services (fictional),9/19/2026,"26,371.62",Purchase Order #PO309,Paid In Full
VB310,INV-1394,Najd Madar Supplies (fictional),9/1/2026,"18,427.77",Purchase Order #PO310,Paid In Full
VB311,INV-3175,Najd Najd Contracting (fictional),10/10/2026,"34,658.75",Purchase Order #PO311,Paid In Full
VB312,INV-2524,Noor Najd Trading (fictional),9/26/2026,"37,346.04",Purchase Order #PO312,Paid In Full
VB313,INV-2609,Rimal Madar Contracting (fictional),9/26/2026,"3,231.10",Purchase Order #PO313,Paid In Full
VB314,INV-2294,Noor Masar Contracting (fictional),9/18/2026,"13,004.10",Purchase Order #PO314,Paid In Full
VB315,INV-3813,Waha Madar Est. (fictional),10/1/2026,"29,196.64",Purchase Order #PO315,Paid In Full
VB316,INV-2569,Noor Najd Trading (fictional),7/11/2026,"23,808.72",Purchase Order #PO316,Paid In Full
VB317,INV-5201,Buruj Noor Solutions (fictional),9/19/2026,"37,255.70",Purchase Order #PO317,Paid In Full
VB318,INV-5051,Taqa Rimal Solutions (fictional),8/31/2026,"30,667.45",Purchase Order #PO318,Paid In Full
VB319,INV-5332,Rimal Madar Contracting (fictional),8/4/2026,"24,574.35",Purchase Order #PO319,Paid In Full
VB320,INV-1622,Tamayuz Bina Trading (fictional),7/20/2026,"18,443.76",Purchase Order #PO320,Paid In Full
VB321,INV-3195,Najd Najd Contracting (fictional),7/30/2026,"41,791.36",Purchase Order #PO321,Paid In Full
VB322,INV-1718,Shams Bina Solutions (fictional),10/1/2026,"5,308.10",Purchase Order #PO322,Paid In Full
VB323,INV-1599,Rimal Madar Contracting (fictional),8/18/2026,"21,133.58",Purchase Order #PO323,Paid In Full
VB324,INV-5370,Rimal Madar Contracting (fictional),7/19/2026,"1,744.57",Purchase Order #PO324,Paid In Full
VB325,INV-3426,Rawabi Masar Trading (fictional),7/11/2026,"11,128.92",Purchase Order #PO325,Paid In Full
VB326,INV-3453,Rawabi Masar Trading (fictional),8/9/2026,"2,734.48",Purchase Order #PO326,Paid In Full
VB327,INV-2594,Noor Najd Trading (fictional),8/10/2026,"21,046.96",Purchase Order #PO327,Paid In Full
VB328,INV-2346,Noor Masar Contracting (fictional),8/25/2026,"33,887.00",Purchase Order #PO328,Paid In Full
VB329,INV-1649,Rimal Madar Contracting (fictional),7/14/2026,"34,646.20",Purchase Order #PO329,Paid In Full
VB330,INV-3951,Jazeera Qimma Solutions (fictional),8/29/2026,"16,480.92",Purchase Order #PO330,Paid In Full
VB331,INV-3671,Rimal Madar Contracting (fictional),8/1/2026,"34,418.57",Purchase Order #PO331,Paid In Full
VB332,INV-4910,Waha Taqa Services (fictional),7/18/2026,"27,424.46",Purchase Order #PO332,Paid In Full
VB333,INV-2824,Rimal Sahab Supplies (fictional),10/2/2026,"16,510.91",Purchase Order #PO333,Paid In Full
VB334,INV-1683,Rimal Madar Contracting (fictional),9/2/2026,"18,885.24",Purchase Order #PO334,Paid In Full
VB335,INV-1720,Rimal Madar Contracting (fictional),9/17/2026,"32,248.44",Purchase Order #PO335,Paid In Full
VB336,INV-1734,Shams Bina Solutions (fictional),7/19/2026,"10,605.30",Purchase Order #PO336,Paid In Full
VB337,INV-5103,Dana Madar Est. (fictional),8/30/2026,"36,323.64",Purchase Order #PO337,Paid In Full
VB338,INV-5387,Rimal Madar Contracting (fictional),8/31/2026,"13,620.72",Purchase Order #PO338,Paid In Full
VB339,INV-1911,Sarh Noor Services (fictional),8/13/2026,"13,582.08",Purchase Order #PO339,Paid In Full
VB340,INV-3843,Waha Madar Est. (fictional),8/1/2026,"36,858.10",Purchase Order #PO340,Paid In Full
VB341,INV-1473,Bina Rawabi Est. (fictional),8/6/2026,"29,601.36",Purchase Order #PO341,Paid In Full
VB342,INV-4937,Waha Taqa Services (fictional),8/5/2026,"34,300.91",Purchase Order #PO342,Paid In Full
VB343,INV-2686,Taqa Noor Solutions (fictional),8/24/2026,"37,846.00",Purchase Order #PO343,Paid In Full
VB344,INV-1756,Rimal Madar Contracting (fictional),7/20/2026,"33,956.94",Purchase Order #PO344,Paid In Full
VB345,INV-1383,Nakheel Najd Trading (fictional),7/31/2026,"38,139.20",Purchase Order #PO345,Paid In Full
VB346,INV-2666,Rimal Madar Contracting (fictional),7/8/2026,"26,041.44",Purchase Order #PO346,Paid In Full
VB347,INV-3214,Najd Najd Contracting (fictional),7/17/2026,"16,454.55",Purchase Order #PO347,Paid In Full
VB348,INV-4242,Rimal Madar Contracting (fictional),9/16/2026,"35,673.31",Purchase Order #PO348,Paid In Full
VB349,INV-2098,Sahab Tamayuz Services (fictional),8/2/2026,"15,381.64",Purchase Order #PO349,Paid In Full
VB350,INV-2639,Noor Najd Trading (fictional),9/29/2026,"25,409.20",Purchase Order #PO350,Paid In Full
VB351,INV-1502,Bina Rawabi Est. (fictional),9/25/2026,"4,796.34",Purchase Order #PO351,Paid In Full
VB352,INV-4655,Wadi Dana Solutions (fictional),9/21/2026,"10,779.93",Purchase Order #PO352,Paid In Full
VB353,INV-4194,Taqa Shams Trading (fictional),8/21/2026,"2,848.50",Purchase Order #PO353,Paid In Full
VB354,INV-3132,Buruj Waha Supplies (fictional),8/17/2026,"18,047.15",Purchase Order #PO354,Paid In Full
VB355,INV-5081,Tamayuz Shams Solutions (fictional),7/28/2026,"16,010.32",Purchase Order #PO355,Paid In Full
VB356,INV-5114,Tamayuz Shams Solutions (fictional),8/1/2026,"35,257.82",Purchase Order #PO356,Paid In Full
VB357,INV-2063,Buruj Dana Trading (fictional),8/30/2026,"25,649.54",Purchase Order #PO357,Paid In Full
VB358,INV-3224,Najd Najd Contracting (fictional),8/28/2026,"1,545.74",Purchase Order #PO358,Paid In Full
VB359,INV-4253,Rimal Madar Contracting (fictional),7/29/2026,"35,728.90",Purchase Order #PO359,Paid In Full
VB360,INV-4985,Waha Taqa Services (fictional),9/21/2026,"27,410.34",Purchase Order #PO360,Paid In Full
VB361,INV-4512,Qimma Waha Est. (fictional),10/7/2026,"19,649.76",Purchase Order #PO361,Paid In Full
VB362,INV-2113,Buruj Dana Trading (fictional),8/11/2026,"7,574.66",Purchase Order #PO362,Paid In Full
VB363,INV-1780,Shams Bina Solutions (fictional),8/1/2026,"8,532.92",Purchase Order #PO363,Paid In Full
VB364,INV-3690,Rimal Madar Contracting (fictional),9/30/2026,"7,274.88",Purchase Order #PO364,Paid In Full
VB365,INV-3706,Rimal Madar Contracting (fictional),8/6/2026,"27,505.80",Purchase Order #PO365,Paid In Full
VB366,INV-3857,Waha Madar Est. (fictional),8/17/2026,"9,895.77",Purchase Order #PO366,Paid In Full
VB367,INV-2675,Noor Najd Trading (fictional),8/18/2026,"30,925.00",Purchase Order #PO367,Paid In Full
VB368,INV-1782,Rimal Madar Contracting (fictional),8/25/2026,"32,993.73",Purchase Order #PO368,Paid In Full
VB369,INV-5028,Waha Taqa Services (fictional),9/28/2026,"33,067.92",Purchase Order #PO369,Paid In Full
VB370,INV-1737,Sarh Qimma Services (fictional),10/1/2026,"5,503.14",Purchase Order #PO370,Paid In Full
VB371,INV-5259,Buruj Noor Solutions (fictional),9/3/2026,"11,985.00",Purchase Order #PO371,Paid In Full
VB372,INV-1760,Sarh Qimma Services (fictional),7/30/2026,"34,752.90",Purchase Order #PO372,Paid In Full
VB373,INV-4247,Taqa Shams Trading (fictional),9/5/2026,"16,851.86",Purchase Order #PO373,Paid In Full
VB374,INV-1834,Shams Bina Solutions (fictional),10/1/2026,"11,913.00",Purchase Order #PO374,Paid In Full
VB375,INV-5413,Rimal Madar Contracting (fictional),9/5/2026,"34,226.40",Purchase Order #PO375,Paid In Full
VB376,INV-5073,Taqa Rimal Solutions (fictional),8/10/2026,"29,559.60",Purchase Order #PO376,Paid In Full
VB377,INV-3864,Rimal Madar Contracting (fictional),7/26/2026,"31,498.58",Purchase Order #PO377,Paid In Full
VB378,INV-2673,Rimal Madar Contracting (fictional),7/11/2026,"27,213.36",Purchase Order #PO378,Paid In Full
VB379,INV-3898,Waha Madar Est. (fictional),8/27/2026,"19,704.23",Purchase Order #PO379,Paid In Full
VB380,INV-1934,Madar Jazeera Trading (fictional),7/23/2026,"21,885.22",Purchase Order #PO380,Paid In Full
VB381,INV-3964,Jazeera Qimma Solutions (fictional),8/6/2026,"19,225.60",Purchase Order #PO381,Paid In Full
VB382,INV-1258,Bina Sarh Est. (fictional),8/28/2026,"8,160.20",Purchase Order #PO382,Paid In Full
VB383,INV-2710,Noor Najd Trading (fictional),9/23/2026,"36,678.07",Purchase Order #PO383,Paid In Full
VB384,INV-5402,Rimal Madar Contracting (fictional),9/27/2026,"11,918.34",Purchase Order #PO384,Paid In Full
VB385,INV-4528,Qimma Waha Est. (fictional),7/19/2026,"7,536.78",Purchase Order #PO385,Paid In Full
VB386,INV-2744,Noor Najd Trading (fictional),8/30/2026,"7,402.80",Purchase Order #PO386,Paid In Full
VB387,INV-2777,Noor Najd Trading (fictional),7/20/2026,"30,802.50",Purchase Order #PO387,Paid In Full
VB388,INV-1958,Sarh Noor Services (fictional),8/9/2026,"9,700.88",Purchase Order #PO388,Paid In Full
VB389,INV-5249,Sahab Sarh Est. (fictional),9/30/2026,"5,483.27",Purchase Order #PO389,Paid In Full
VB390,INV-2789,Noor Najd Trading (fictional),9/21/2026,"35,239.17",Purchase Order #PO390,Paid In Full
VB391,INV-4308,Rimal Madar Contracting (fictional),9/21/2026,"6,579.56",Purchase Order #PO391,Paid In Full
VB392,INV-3150,Buruj Waha Supplies (fictional),9/22/2026,"4,954.25",Purchase Order #PO392,Paid In Full
VB393,INV-4904,Shams Madar Contracting (fictional),8/7/2026,"10,801.88",Purchase Order #PO393,Paid In Full
VB394,INV-2729,Rimal Madar Contracting (fictional),9/20/2026,"14,444.16",Purchase Order #PO394,Paid In Full
VB395,INV-5294,Sahab Sarh Est. (fictional),7/31/2026,"36,950.88",Purchase Order #PO395,Paid In Full
VB396,INV-5078,Sahab Najd Solutions (fictional),9/7/2026,"36,890.62",Purchase Order #PO396,Paid In Full
VB397,INV-1997,Buruj Dana Services (fictional),9/25/2026,"22,228.32",Purchase Order #PO397,Paid In Full
VB398,INV-1272,Bina Sarh Est. (fictional),8/28/2026,"28,102.36",Purchase Order #PO398,Paid In Full
VB399,INV-3196,Buruj Waha Supplies (fictional),8/4/2026,"31,726.62",Purchase Order #PO399,Paid In Full
VB400,INV-4667,Wadi Dana Solutions (fictional),8/22/2026,"36,294.66",Purchase Order #PO400,Paid In Full
VB401,INV-1531,Bina Rawabi Est. (fictional),8/25/2026,"24,357.35",Purchase Order #PO401,Paid In Full
VB402,INV-5043,Waha Taqa Services (fictional),8/14/2026,"9,270.34",Purchase Order #PO402,Paid In Full
VB403,INV-1642,Sarh Rimal Trading (fictional),9/29/2026,"34,073.26",Purchase Order #PO403,Paid In Full
VB404,INV-1696,Sarh Rimal Trading (fictional),8/25/2026,"7,012.08",Purchase Order #PO404,Paid In Full
VB405,INV-2138,Buruj Dana Trading (fictional),8/10/2026,"29,856.32",Purchase Order #PO405,Paid In Full
VB406,INV-1400,Nakheel Najd Trading (fictional),8/9/2026,"8,762.08",Purchase Order #PO406,Paid In Full
VB407,INV-3242,Buruj Waha Supplies (fictional),7/26/2026,"12,423.84",Purchase Order #PO407,Paid In Full
VB408,INV-2717,Taqa Noor Solutions (fictional),9/27/2026,"2,513.52",Purchase Order #PO408,Paid In Full
VB409,INV-1791,Sarh Qimma Services (fictional),8/29/2026,"22,665.42",Purchase Order #PO409,Paid In Full
VB410,INV-2048,Buruj Dana Services (fictional),10/15/2026,"23,930.76",Purchase Order #PO410,Paid In Full
VB411,INV-5424,Rimal Madar Contracting (fictional),7/18/2026,"29,878.64",Purchase Order #PO411,Paid In Full
VB412,INV-5162,Tamayuz Shams Solutions (fictional),10/12/2026,"12,684.49",Purchase Order #PO412,Paid In Full
VB413,INV-2778,Rimal Madar Contracting (fictional),10/11/2026,"38,881.98",Purchase Order #PO413,Paid In Full
VB414,INV-5133,Taqa Rimal Solutions (fictional),8/13/2026,"14,652.00",Purchase Order #PO414,Paid In Full
VB415,INV-4545,Qimma Waha Est. (fictional),10/10/2026,"17,823.93",Purchase Order #PO415,Paid In Full
VB416,INV-3997,Najd Sahab Contracting (fictional),8/25/2026,"31,546.56",Purchase Order #PO416,Paid In Full
VB417,INV-2063,Buruj Dana Services (fictional),8/23/2026,"12,158.85",Purchase Order #PO417,Paid In Full
VB418,INV-1639,Tamayuz Bina Trading (fictional),8/10/2026,"32,169.72",Purchase Order #PO418,Paid In Full
VB419,INV-2146,Sahab Tamayuz Services (fictional),9/15/2026,"6,902.19",Purchase Order #PO419,Paid In Full
VB420,INV-2877,Rimal Sahab Supplies (fictional),7/21/2026,"31,651.20",Purchase Order #PO420,Paid In Full
VB421,INV-4260,Taqa Shams Trading (fictional),10/19/2026,"23,755.05",Purchase Order #PO421,Paid In Full
VB422,INV-2081,Buruj Dana Services (fictional),9/18/2026,"21,071.67",Purchase Order #PO422,Paid In Full
VB423,INV-4958,Shams Madar Contracting (fictional),7/17/2026,"6,330.10",Purchase Order #PO423,Paid In Full
VB424,INV-3174,Rimal Madar Contracting (fictional),8/31/2026,"26,604.30",Purchase Order #PO424,Paid In Full
VB425,INV-5350,Sahab Sarh Est. (fictional),9/27/2026,"12,400.50",Purchase Order #PO425,Paid In Full
VB426,INV-3750,Rimal Madar Contracting (fictional),9/7/2026,"37,605.95",Purchase Order #PO426,Paid In Full
VB427,INV-5470,Rimal Madar Contracting (fictional),7/25/2026,"12,436.02",Purchase Order #PO427,Paid In Full
VB428,INV-3505,Rawabi Masar Trading (fictional),8/11/2026,"16,007.54",Purchase Order #PO428,Paid In Full
VB429,INV-1871,Shams Bina Solutions (fictional),10/1/2026,"35,481.60",Purchase Order #PO429,Paid In Full
VB430,INV-2755,Taqa Noor Solutions (fictional),7/20/2026,"5,490.56",Purchase Order #PO430,Paid In Full
VB431,INV-1730,Shams Noor Trading (fictional),10/1/2026,"10,652.36",Purchase Order #PO431,Paid In Full
VB432,INV-5091,Sahab Najd Solutions (fictional),10/9/2026,"23,792.11",Purchase Order #PO432,Paid In Full
VB433,INV-1995,Sarh Noor Services (fictional),8/11/2026,"7,296.16",Purchase Order #PO433,Paid In Full
VB434,INV-5450,Rimal Madar Contracting (fictional),8/22/2026,"10,489.62",Purchase Order #PO434,Paid In Full
VB435,INV-3183,Rimal Madar Contracting (fictional),7/18/2026,"17,084.01",Purchase Order #PO435,Paid In Full
VB436,INV-2192,Buruj Dana Trading (fictional),9/30/2026,"18,506.20",Purchase Order #PO436,Paid In Full
VB437,INV-1559,Bina Rawabi Est. (fictional),10/11/2026,"21,576.84",Purchase Order #PO437,Paid In Full
VB438,INV-1948,Madar Jazeera Trading (fictional),9/11/2026,"34,463.40",Purchase Order #PO438,Paid In Full
VB439,INV-1821,Sarh Qimma Services (fictional),10/2/2026,"10,147.00",Purchase Order #PO439,Paid In Full
VB440,INV-5371,Sahab Sarh Est. (fictional),9/25/2026,"31,636.50",Purchase Order #PO440,Paid In Full
VB441,INV-2897,Rimal Sahab Supplies (fictional),9/12/2026,"18,012.80",Purchase Order #PO441,Paid In Full
VB442,INV-3978,Jazeera Qimma Solutions (fictional),10/8/2026,"3,272.58",Purchase Order #PO442,Paid In Full
VB443,INV-2411,Taqa Sahab Services (fictional),8/9/2026,"32,226.34",Purchase Order #PO443,Paid In Full
VB444,INV-5275,Buruj Noor Solutions (fictional),7/24/2026,"15,799.35",Purchase Order #PO444,Paid In Full
VB445,INV-4726,Wadi Dana Solutions (fictional),8/7/2026,"17,771.46",Purchase Order #PO445,Paid In Full
VB446,INV-2241,Buruj Dana Trading (fictional),7/25/2026,"4,928.22",Purchase Order #PO446,Paid In Full
VB447,INV-1981,Madar Jazeera Trading (fictional),10/5/2026,"17,108.60",Purchase Order #PO447,Paid In Full
VB448,INV-1426,Nakheel Najd Trading (fictional),8/8/2026,"25,289.76",Purchase Order #PO448,Paid In Full
VB449,INV-1890,Shams Bina Solutions (fictional),10/12/2026,"31,843.57",Purchase Order #PO449,Paid In Full
VB450,INV-4597,Qimma Waha Est. (fictional),7/23/2026,"9,122.88",Purchase Order #PO450,Paid In Full
VB451,INV-4296,Taqa Shams Trading (fictional),7/20/2026,"19,675.08",Purchase Order #PO451,Paid In Full
VB452,INV-1780,Shams Noor Trading (fictional),7/16/2026,"3,440.22",Purchase Order #PO452,Paid In Full
VB453,INV-1608,Bina Rawabi Est. (fictional),9/7/2026,"9,844.32",Purchase Order #PO453,Paid In Full
VB454,INV-2777,Taqa Noor Solutions (fictional),7/16/2026,"34,917.40",Purchase Order #PO454,Paid In Full
VB455,INV-1941,Shams Bina Solutions (fictional),7/11/2026,"33,291.04",Purchase Order #PO455,Paid In Full
VB456,INV-1352,Tamayuz Jazeera Trading (fictional),9/13/2026,"3,572.01",Purchase Order #PO456,Paid In Full
VB457,INV-5144,Taqa Rimal Solutions (fictional),9/23/2026,"34,306.25",Purchase Order #PO457,Paid In Full
VB458,INV-2117,Buruj Dana Services (fictional),9/30/2026,"19,297.45",Purchase Order #PO458,Paid In Full
VB459,INV-1751,Sarh Rimal Trading (fictional),9/24/2026,"8,003.77",Purchase Order #PO459,Paid In Full
VB460,INV-2848,Noor Najd Trading (fictional),9/8/2026,"29,209.77",Purchase Order #PO460,Paid In Full
VB461,INV-5496,Rimal Madar Contracting (fictional),10/4/2026,"28,380.95",Purchase Order #PO461,Paid In Full
VB462,INV-3989,Jazeera Qimma Solutions (fictional),9/5/2026,"10,830.27",Purchase Order #PO462,Paid In Full
VB463,INV-5151,Dana Madar Est. (fictional),9/11/2026,"9,366.50",Purchase Order #PO463,Paid In Full
VB464,INV-3998,Jazeera Qimma Solutions (fictional),8/3/2026,"29,509.75",Purchase Order #PO464,Paid In Full
VB465,INV-2938,Rimal Sahab Supplies (fictional),10/7/2026,"22,500.35",Purchase Order #PO465,Paid In Full
VB466,INV-2017,Sarh Noor Services (fictional),8/23/2026,"32,438.90",Purchase Order #PO466,Paid In Full
VB467,INV-2077,Sarh Noor Services (fictional),8/4/2026,"27,426.90",Purchase Order #PO467,Paid In Full
VB468,INV-2804,Taqa Noor Solutions (fictional),7/21/2026,"10,193.04",Purchase Order #PO468,Paid In Full
VB469,INV-3665,Bina Afaq Contracting (fictional),9/13/2026,"34,810.08",Purchase Order #PO469,Paid In Full
VB470,INV-1652,Tamayuz Bina Trading (fictional),7/24/2026,"24,014.20",Purchase Order #PO470,Paid In Full
VB471,INV-1809,Sarh Rimal Trading (fictional),9/9/2026,"24,706.22",Purchase Order #PO471,Paid In Full
VB472,INV-1948,Shams Bina Solutions (fictional),7/19/2026,"30,466.17",Purchase Order #PO472,Paid In Full
VB473,INV-2193,Sahab Tamayuz Services (fictional),9/4/2026,"13,960.80",Purchase Order #PO473,Paid In Full
VB474,INV-5500,Rimal Madar Contracting (fictional),8/28/2026,"36,335.00",Purchase Order #PO474,Paid In Full
VB475,INV-4777,Nakheel Qimma Supplies (fictional),8/12/2026,"26,112.24",Purchase Order #PO475,Paid In Full
VB476,INV-1445,Najd Madar Supplies (fictional),9/18/2026,"8,293.38",Purchase Order #PO476,Paid In Full
VB477,INV-4615,Qimma Waha Est. (fictional),9/24/2026,"20,189.00",Purchase Order #PO477,Paid In Full
VB478,INV-5555,Rimal Madar Contracting (fictional),7/21/2026,"4,124.40",Purchase Order #PO478,Paid In Full
VB479,INV-4343,Taqa Shams Trading (fictional),7/21/2026,"38,883.30",Purchase Order #PO479,Paid In Full
VB480,INV-2084,Sarh Noor Services (fictional),8/20/2026,"5,771.97",Purchase Order #PO480,Paid In Full
VB481,INV-5200,Taqa Rimal Solutions (fictional),10/1/2026,"14,103.60",Purchase Order #PO481,Paid In Full
VB482,INV-5200,Tamayuz Shams Solutions (fictional),10/3/2026,"15,992.32",Purchase Order #PO482,Paid In Full
VB483,INV-1309,Bina Sarh Est. (fictional),9/30/2026,"41,383.44",Purchase Order #PO483,Paid In Full
VB484,INV-1668,Bina Rawabi Est. (fictional),9/2/2026,"25,443.36",Purchase Order #PO484,Paid In Full
VB485,INV-2128,Buruj Dana Services (fictional),7/31/2026,"15,744.68",Purchase Order #PO485,Paid In Full
VB486,INV-3693,Bina Afaq Contracting (fictional),9/28/2026,"26,337.20",Purchase Order #PO486,Paid In Full
VB487,INV-3907,Waha Madar Est. (fictional),8/14/2026,"4,332.36",Purchase Order #PO487,Paid In Full
VB488,INV-5577,Rimal Madar Contracting (fictional),8/2/2026,"20,891.34",Purchase Order #PO488,Paid In Full
VB489,INV-3766,Rimal Madar Contracting (fictional),9/27/2026,"29,397.73",Purchase Order #PO489,Paid In Full
VB490,INV-5233,Taqa Rimal Solutions (fictional),8/2/2026,"2,794.57",Purchase Order #PO490,Paid In Full
VB491,INV-2140,Sarh Noor Services (fictional),8/6/2026,"31,138.47",Purchase Order #PO491,Paid In Full
VB492,INV-2828,Rimal Madar Contracting (fictional),8/11/2026,"32,996.60",Purchase Order #PO492,Paid In Full
VB493,INV-2492,Dana Rimal Trading (fictional),9/4/2026,"25,656.96",Purchase Order #PO493,Paid In Full
VB494,INV-3260,Najd Najd Contracting (fictional),9/13/2026,"27,520.92",Purchase Order #PO494,Paid In Full
VB495,INV-2281,Buruj Dana Trading (fictional),7/19/2026,"31,771.46",Purchase Order #PO495,Paid In Full
VB496,INV-1844,Sarh Qimma Services (fictional),10/2/2026,"21,164.00",Purchase Order #PO496,Paid In Full
VB497,INV-4807,Nakheel Qimma Supplies (fictional),8/15/2026,"25,075.17",Purchase Order #PO497,Paid In Full
VB498,INV-1899,Sarh Qimma Services (fictional),9/1/2026,"15,492.75",Purchase Order #PO498,Paid In Full
VB499,INV-3919,Rimal Madar Contracting (fictional),9/26/2026,"5,551.92",Purchase Order #PO499,Paid In Full
VB500,INV-1359,Tamayuz Jazeera Trading (fictional),8/27/2026,"11,555.85",Purchase Order #PO500,Paid In Full
VB501,INV-1455,Najd Madar Supplies (fictional),10/4/2026,"33,442.89",Purchase Order #PO501,Paid In Full
VB502,INV-3267,Najd Najd Contracting (fictional),10/6/2026,"33,598.48",Purchase Order #PO502,Paid In Full
VB503,INV-3564,Rawabi Masar Trading (fictional),8/10/2026,"9,410.56",Purchase Order #PO503,Paid In Full
VB504,INV-3572,Rawabi Masar Trading (fictional),8/20/2026,"5,676.51",Purchase Order #PO504,Paid In Full
VB505,INV-2015,Madar Jazeera Trading (fictional),9/26/2026,"5,779.02",Purchase Order #PO505,Paid In Full
VB506,INV-2521,Masar Wadi Services (fictional),10/17/2026,"26,660.55",Purchase Order #PO506,Paid In Full
VB507,INV-3604,Rawabi Masar Trading (fictional),8/15/2026,"28,242.00",Purchase Order #PO507,Paid In Full
VB508,INV-1486,Nakheel Najd Trading (fictional),8/12/2026,"35,825.72",Purchase Order #PO508,Paid In Full
VB509,INV-1382,Tamayuz Jazeera Trading (fictional),8/13/2026,"5,639.70",Purchase Order #PO509,Paid In Full
VB510,INV-5053,Waha Taqa Services (fictional),10/4/2026,"39,937.00",Purchase Order #PO510,Paid In Full
VB511,INV-5385,Sahab Sarh Est. (fictional),9/15/2026,"17,352.58",Purchase Order #PO511,Paid In Full
VB512,INV-4855,Rimal Madar Contracting (fictional),8/7/2026,"15,215.06",Purchase Order #PO512,Paid In Full
VB513,INV-3943,Rimal Madar Contracting (fictional),9/16/2026,"18,511.02",Purchase Order #PO513,Paid In Full
VB514,INV-4366,Taqa Shams Trading (fictional),7/17/2026,"15,810.70",Purchase Order #PO514,Paid In Full
VB515,INV-2831,Taqa Noor Solutions (fictional),9/8/2026,"4,294.62",Purchase Order #PO515,Paid In Full
VB516,INV-5313,Buruj Noor Solutions (fictional),9/10/2026,"14,501.55",Purchase Order #PO516,Paid In Full
VB517,INV-5255,Taqa Rimal Solutions (fictional),8/23/2026,"20,508.18",Purchase Order #PO517,Paid In Full
VB518,INV-1415,Tamayuz Jazeera Trading (fictional),7/21/2026,"27,198.78",Purchase Order #PO518,Paid In Full
VB519,INV-3266,Buruj Waha Supplies (fictional),9/29/2026,"6,928.74",Purchase Order #PO519,Paid In Full
VB520,INV-2363,Noor Masar Contracting (fictional),8/2/2026,"3,724.86",Purchase Order #PO520,Paid In Full
VB521,INV-2543,Masar Wadi Services (fictional),7/13/2026,"33,704.84",Purchase Order #PO521,Paid In Full
VB522,INV-4757,Wadi Dana Solutions (fictional),9/23/2026,"4,005.54",Purchase Order #PO522,Paid In Full
VB523,INV-1672,Tamayuz Bina Trading (fictional),9/20/2026,"29,056.32",Purchase Order #PO523,Paid In Full
VB524,INV-4024,Jazeera Qimma Solutions (fictional),10/3/2026,"28,028.63",Purchase Order #PO524,Paid In Full
VB525,INV-2877,Taqa Noor Solutions (fictional),7/14/2026,"37,079.90",Purchase Order #PO525,Paid In Full
VB526,INV-2412,Noor Masar Contracting (fictional),10/16/2026,"29,188.32",Purchase Order #PO526,Paid In Full
VB527,INV-5076,Waha Taqa Services (fictional),10/9/2026,"19,068.35",Purchase Order #PO527,Paid In Full
VB528,INV-3791,Rimal Madar Contracting (fictional),8/9/2026,"37,725.38",Purchase Order #PO528,Paid In Full
VB529,INV-3967,Waha Madar Est. (fictional),8/12/2026,"37,728.45",Purchase Order #PO529,Paid In Full
VB530,INV-5183,Dana Madar Est. (fictional),7/24/2026,"20,752.44",Purchase Order #PO530,Paid In Full
VB531,INV-2551,Dana Rimal Trading (fictional),8/11/2026,"33,773.40",Purchase Order #PO531,Paid In Full
VB532,INV-2611,Dana Rimal Trading (fictional),9/22/2026,"3,972.49",Purchase Order #PO532,Paid In Full
VB533,INV-5344,Buruj Noor Solutions (fictional),8/3/2026,"26,123.79",Purchase Order #PO533,Paid In Full
VB534,INV-2435,Taqa Sahab Services (fictional),8/19/2026,"15,030.70",Purchase Order #PO534,Paid In Full
VB535,INV-1800,Shams Noor Trading (fictional),9/27/2026,"3,123.36",Purchase Order #PO535,Paid In Full
VB536,INV-5115,Sahab Najd Solutions (fictional),8/25/2026,"28,591.30",Purchase Order #PO536,Paid In Full
VB537,INV-3980,Waha Madar Est. (fictional),9/8/2026,"11,625.84",Purchase Order #PO537,Paid In Full
VB538,INV-1840,Shams Noor Trading (fictional),10/4/2026,"4,843.20",Purchase Order #PO538,Paid In Full
VB539,INV-5254,Tamayuz Shams Solutions (fictional),9/16/2026,"8,228.00",Purchase Order #PO539,Paid In Full
VB540,INV-1826,Rimal Madar Contracting (fictional),7/21/2026,"12,707.28",Purchase Order #PO540,Paid In Full
VB541,INV-1910,Sarh Qimma Services (fictional),7/26/2026,"14,784.27",Purchase Order #PO541,Paid In Full
VB542,INV-2664,Dana Rimal Trading (fictional),9/8/2026,"14,070.55",Purchase Order #PO542,Paid In Full
VB543,INV-2170,Sarh Noor Services (fictional),8/24/2026,"17,810.80",Purchase Order #PO543,Paid In Full
VB544,INV-5224,Dana Madar Est. (fictional),8/30/2026,"15,684.24",Purchase Order #PO544,Paid In Full
VB545,INV-1461,Tamayuz Jazeera Trading (fictional),7/28/2026,"2,353.74",Purchase Order #PO545,Paid In Full
VB546,INV-1937,Sarh Qimma Services (fictional),8/23/2026,"10,741.94",Purchase Order #PO546,Paid In Full
VB547,INV-3284,Najd Najd Contracting (fictional),9/27/2026,"3,080.28",Purchase Order #PO547,Paid In Full
VB548,INV-2221,Sarh Noor Services (fictional),8/28/2026,"2,867.01",Purchase Order #PO548,Paid In Full
VB549,INV-5375,Buruj Noor Solutions (fictional),8/4/2026,"27,356.77",Purchase Order #PO549,Paid In Full
VB550,INV-2241,Sahab Tamayuz Services (fictional),9/27/2026,"14,039.04",Purchase Order #PO550,Paid In Full
VB551,INV-5312,Tamayuz Shams Solutions (fictional),7/25/2026,"18,398.82",Purchase Order #PO551,Paid In Full
VB552,INV-4042,Jazeera Qimma Solutions (fictional),9/5/2026,"28,337.25",Purchase Order #PO552,Paid In Full
VB553,INV-2891,Noor Najd Trading (fictional),10/2/2026,"21,855.44",Purchase Order #PO553,Paid In Full
VB554,INV-3743,Bina Afaq Contracting (fictional),10/10/2026,"2,683.84",Purchase Order #PO554,Paid In Full
VB555,INV-4804,Wadi Dana Solutions (fictional),10/3/2026,"32,404.32",Purchase Order #PO555,Paid In Full
VB556,INV-4006,Waha Madar Est. (fictional),8/10/2026,"31,296.65",Purchase Order #PO556,Paid In Full
VB557,INV-1824,Sarh Rimal Trading (fictional),9/28/2026,"16,657.68",Purchase Order #PO557,Paid In Full
VB558,INV-4038,Najd Sahab Contracting (fictional),8/14/2026,"28,976.61",Purchase Order #PO558,Paid In Full
VB559,INV-5190,Nakheel Sarh Solutions (fictional),9/19/2026,"33,894.48",Purchase Order #PO559,Paid In Full
VB560,INV-1896,Shams Noor Trading (fictional),7/28/2026,"12,301.52",Purchase Order #PO560,Paid In Full
VB561,INV-3844,Rimal Madar Contracting (fictional),8/12/2026,"34,070.23",Purchase Order #PO561,Paid In Full
VB562,INV-2445,Noor Masar Contracting (fictional),10/3/2026,"3,267.45",Purchase Order #PO562,Paid In Full
VB563,INV-1945,Sarh Qimma Services (fictional),9/27/2026,"11,934.00",Purchase Order #PO563,Paid In Full
VB564,INV-4829,Wadi Dana Solutions (fictional),8/25/2026,"9,017.02",Purchase Order #PO564,Paid In Full
VB565,INV-2167,Buruj Dana Services (fictional),8/31/2026,"29,272.38",Purchase Order #PO565,Paid In Full
VB566,INV-5166,Sahab Najd Solutions (fictional),9/26/2026,"5,705.82",Purchase Order #PO566,Paid In Full
VB567,INV-4083,Jazeera Qimma Solutions (fictional),9/29/2026,"35,928.56",Purchase Order #PO567,Paid In Full
VB568,INV-5102,Waha Taqa Services (fictional),8/3/2026,"14,882.40",Purchase Order #PO568,Paid In Full
VB569,INV-4857,Nakheel Qimma Supplies (fictional),8/11/2026,"30,619.68",Purchase Order #PO569,Paid In Full
VB570,INV-4358,Rimal Madar Contracting (fictional),8/31/2026,"5,735.04",Purchase Order #PO570,Paid In Full
VB571,INV-2969,Rimal Sahab Supplies (fictional),7/28/2026,"20,594.88",Purchase Order #PO571,Paid In Full
VB572,INV-2894,Taqa Noor Solutions (fictional),7/18/2026,"10,464.30",Purchase Order #PO572,Paid In Full
VB573,INV-2176,Buruj Dana Services (fictional),7/30/2026,"29,881.04",Purchase Order #PO573,Paid In Full
VB574,INV-4646,Qimma Waha Est. (fictional),7/20/2026,"18,333.21",Purchase Order #PO574,Paid In Full
VB575,INV-4705,Bina Taqa Est. (fictional),10/18/2026,"2,794.15",Purchase Order #PO575,Paid In Full
VB576,INV-2357,Rimal Qimma Services (fictional),8/28/2026,"19,233.43",Purchase Order #PO576,Paid In Full
VB577,INV-2990,Rimal Sahab Supplies (fictional),7/26/2026,"35,236.04",Purchase Order #PO577,Paid In Full
VB578,INV-3623,Rawabi Masar Trading (fictional),8/2/2026,"39,639.73",Purchase Order #PO578,Paid In Full
VB579,INV-4016,Waha Madar Est. (fictional),8/23/2026,"13,162.90",Purchase Order #PO579,Paid In Full
VB580,INV-2001,Sarh Qimma Services (fictional),9/26/2026,"2,948.99",Purchase Order #PO580,Paid In Full
VB581,INV-3960,Rimal Madar Contracting (fictional),9/21/2026,"13,278.00",Purchase Order #PO581,Paid In Full
VB582,INV-4897,Rimal Madar Contracting (fictional),10/4/2026,"29,448.72",Purchase Order #PO582,Paid In Full
VB583,INV-2935,Taqa Noor Solutions (fictional),9/5/2026,"27,217.40",Purchase Order #PO583,Paid In Full
VB584,INV-3192,Rimal Madar Contracting (fictional),8/27/2026,"21,736.10",Purchase Order #PO584,Paid In Full
VB585,INV-5401,Buruj Noor Solutions (fictional),7/14/2026,"9,318.32",Purchase Order #PO585,Paid In Full
VB586,INV-2866,Rimal Madar Contracting (fictional),8/11/2026,"23,578.72",Purchase Order #PO586,Paid In Full
VB587,INV-1509,Nakheel Najd Trading (fictional),8/5/2026,"29,882.46",Purchase Order #PO587,Paid In Full
VB588,INV-2491,Noor Masar Contracting (fictional),9/28/2026,"4,397.67",Purchase Order #PO588,Paid In Full
VB589,INV-4878,Nakheel Qimma Supplies (fictional),8/9/2026,"34,175.50",Purchase Order #PO589,Paid In Full
VB590,INV-2258,Sahab Tamayuz Services (fictional),8/9/2026,"18,463.06",Purchase Order #PO590,Paid In Full
VB591,INV-2267,Sahab Tamayuz Services (fictional),7/28/2026,"2,239.14",Purchase Order #PO591,Paid In Full
VB592,INV-2413,Rimal Qimma Services (fictional),9/10/2026,"15,934.10",Purchase Order #PO592,Paid In Full
VB593,INV-4714,Bina Taqa Est. (fictional),8/18/2026,"8,588.16",Purchase Order #PO593,Paid In Full
VB594,INV-1317,Bina Sarh Est. (fictional),10/12/2026,"22,357.98",Purchase Order #PO594,Paid In Full
VB595,INV-2688,Dana Rimal Trading (fictional),10/2/2026,"24,279.20",Purchase Order #PO595,Paid In Full
VB596,INV-1706,Bina Rawabi Est. (fictional),9/17/2026,"27,734.42",Purchase Order #PO596,Paid In Full
VB597,INV-1688,Tamayuz Bina Trading (fictional),7/29/2026,"11,420.64",Purchase Order #PO597,Paid In Full
VB598,INV-1506,Najd Madar Supplies (fictional),7/30/2026,"32,665.62",Purchase Order #PO598,Paid In Full
VB599,INV-2495,Taqa Sahab Services (fictional),9/25/2026,"2,708.53",Purchase Order #PO599,Paid In Full
VB600,INV-3872,Rimal Madar Contracting (fictional),7/17/2026,"7,915.20",Purchase Order #PO600,Paid In Full
VB601,INV-3022,Rimal Sahab Supplies (fictional),9/19/2026,"39,035.83",Purchase Order #PO601,Paid In Full
VB602,INV-4923,Rimal Madar Contracting (fictional),8/9/2026,"12,750.24",Purchase Order #PO602,Paid In Full
VB603,INV-2053,Sarh Qimma Services (fictional),10/5/2026,"27,179.25",Purchase Order #PO603,Paid In Full
VB604,INV-4929,Nakheel Qimma Supplies (fictional),8/4/2026,"27,334.65",Purchase Order #PO604,Paid In Full
VB605,INV-1545,Najd Madar Supplies (fictional),9/16/2026,"10,183.28",Purchase Order #PO605,Paid In Full
VB606,INV-2065,Sarh Qimma Services (fictional),9/26/2026,"25,168.64",Purchase Order #PO606,Paid In Full
VB607,INV-2531,Noor Masar Contracting (fictional),10/6/2026,"20,258.22",Purchase Order #PO607,Paid In Full
VB608,INV-3295,Najd Najd Contracting (fictional),8/16/2026,"26,368.30",Purchase Order #PO608,Paid In Full
VB609,INV-5204,Sahab Najd Solutions (fictional),7/20/2026,"39,273.35",Purchase Order #PO609,Paid In Full
VB610,INV-4031,Waha Madar Est. (fictional),9/6/2026,"24,057.24",Purchase Order #PO610,Paid In Full
VB611,INV-1750,Bina Rawabi Est. (fictional),9/30/2026,"9,634.12",Purchase Order #PO611,Paid In Full
VB612,INV-5118,Waha Taqa Services (fictional),9/7/2026,"24,128.06",Purchase Order #PO612,Paid In Full
VB613,INV-5171,Waha Taqa Services (fictional),8/18/2026,"34,784.79",Purchase Order #PO613,Paid In Full
VB614,INV-1767,Bina Rawabi Est. (fictional),8/10/2026,"25,357.27",Purchase Order #PO614,Paid In Full
VB615,INV-5409,Buruj Noor Solutions (fictional),9/17/2026,"19,360.00",Purchase Order #PO615,Paid In Full
VB616,INV-4723,Bina Taqa Est. (fictional),9/29/2026,"20,654.20",Purchase Order #PO616,Paid In Full
VB617,INV-3306,Najd Najd Contracting (fictional),7/31/2026,"22,185.58",Purchase Order #PO617,Paid In Full
VB618,INV-3065,Rimal Sahab Supplies (fictional),7/17/2026,"20,911.20",Purchase Order #PO618,Paid In Full
VB619,INV-2524,Taqa Sahab Services (fictional),7/25/2026,"4,394.44",Purchase Order #PO619,Paid In Full
VB620,INV-2076,Sarh Qimma Services (fictional),9/8/2026,"8,221.50",Purchase Order #PO620,Paid In Full
VB621,INV-2286,Sahab Tamayuz Services (fictional),7/24/2026,"36,227.75",Purchase Order #PO621,Paid In Full
VB622,INV-2589,Masar Wadi Services (fictional),9/19/2026,"24,410.82",Purchase Order #PO622,Paid In Full
VB623,INV-5421,Sahab Sarh Est. (fictional),7/17/2026,"21,743.56",Purchase Order #PO623,Paid In Full
VB624,INV-1602,Najd Madar Supplies (fictional),8/26/2026,"30,517.55",Purchase Order #PO624,Paid In Full
VB625,INV-2633,Masar Wadi Services (fictional),9/28/2026,"23,292.96",Purchase Order #PO625,Paid In Full
VB626,INV-4958,Nakheel Qimma Supplies (fictional),7/10/2026,"26,858.40",Purchase Order #PO626,Paid In Full
VB627,INV-3087,Rimal Sahab Supplies (fictional),8/16/2026,"32,862.36",Purchase Order #PO627,Paid In Full
VB628,INV-1334,Bina Sarh Est. (fictional),8/7/2026,"10,200.50",Purchase Order #PO628,Paid In Full
VB629,INV-1833,Rimal Madar Contracting (fictional),7/28/2026,"6,517.92",Purchase Order #PO629,Paid In Full
VB630,INV-1787,Bina Rawabi Est. (fictional),9/7/2026,"28,702.35",Purchase Order #PO630,Paid In Full
VB631,INV-1708,Tamayuz Bina Trading (fictional),10/14/2026,"25,204.48",Purchase Order #PO631,Paid In Full
VB632,INV-4402,Rimal Madar Contracting (fictional),8/18/2026,"8,400.09",Purchase Order #PO632,Paid In Full
VB633,INV-1936,Shams Noor Trading (fictional),9/11/2026,"11,373.92",Purchase Order #PO633,Paid In Full
VB634,INV-4987,Nakheel Qimma Supplies (fictional),7/17/2026,"37,296.81",Purchase Order #PO634,Paid In Full
VB635,INV-2578,Taqa Sahab Services (fictional),10/2/2026,"40,282.20",Purchase Order #PO635,Paid In Full
VB636,INV-1768,Tamayuz Bina Trading (fictional),8/8/2026,"15,185.50",Purchase Order #PO636,Paid In Full
VB637,INV-3113,Rimal Sahab Supplies (fictional),7/17/2026,"7,814.43",Purchase Order #PO637,Paid In Full
VB638,INV-1873,Sarh Rimal Trading (fictional),7/11/2026,"3,945.43",Purchase Order #PO638,Paid In Full
VB639,INV-2243,Sarh Noor Services (fictional),8/12/2026,"40,233.38",Purchase Order #PO639,Paid In Full
VB640,INV-5216,Nakheel Sarh Solutions (fictional),7/12/2026,"26,583.00",Purchase Order #PO640,Paid In Full
VB641,INV-3800,Bina Afaq Contracting (fictional),8/8/2026,"40,354.66",Purchase Order #PO641,Paid In Full
VB642,INV-5465,Sahab Sarh Est. (fictional),7/27/2026,"5,760.56",Purchase Order #PO642,Paid In Full
VB643,INV-4880,Wadi Dana Solutions (fictional),8/18/2026,"2,689.90",Purchase Order #PO643,Paid In Full
VB644,INV-5505,Rimal Madar Contracting (fictional),8/22/2026,"38,998.08",Purchase Order #PO644,Paid In Full
VB645,INV-4679,Qimma Waha Est. (fictional),9/21/2026,"38,724.24",Purchase Order #PO645,Paid In Full
VB646,INV-5601,Rimal Madar Contracting (fictional),8/7/2026,"18,534.96",Purchase Order #PO646,Paid In Full
VB647,INV-5185,Waha Taqa Services (fictional),8/20/2026,"14,859.81",Purchase Order #PO647,Paid In Full
VB648,INV-1651,Najd Madar Supplies (fictional),8/2/2026,"31,201.92",Purchase Order #PO648,Paid In Full
VB649,INV-2234,Buruj Dana Services (fictional),10/11/2026,"9,650.08",Purchase Order #PO649,Paid In Full
VB650,INV-4134,Jazeera Qimma Solutions (fictional),10/6/2026,"35,137.08",Purchase Order #PO650,Paid In Full
VB651,INV-1828,Bina Rawabi Est. (fictional),8/29/2026,"2,272.78",Purchase Order #PO651,Paid In Full
VB652,INV-3120,Rimal Sahab Supplies (fictional),8/5/2026,"2,655.78",Purchase Order #PO652,Paid In Full
VB653,INV-1885,Sarh Rimal Trading (fictional),9/3/2026,"9,799.20",Purchase Order #PO653,Paid In Full
VB654,INV-4055,Waha Madar Est. (fictional),9/18/2026,"35,553.46",Purchase Order #PO654,Paid In Full
VB655,INV-2873,Rimal Madar Contracting (fictional),7/13/2026,"33,773.00",Purchase Order #PO655,Paid In Full
VB656,INV-3326,Najd Najd Contracting (fictional),8/16/2026,"33,295.65",Purchase Order #PO656,Paid In Full
VB657,INV-5363,Tamayuz Shams Solutions (fictional),10/18/2026,"9,593.73",Purchase Order #PO657,Paid In Full
VB658,INV-2458,Rimal Qimma Services (fictional),9/28/2026,"38,393.65",Purchase Order #PO658,Paid In Full
VB659,INV-1981,Shams Bina Solutions (fictional),9/10/2026,"35,615.70",Purchase Order #PO659,Paid In Full
VB660,INV-5514,Rimal Madar Contracting (fictional),9/29/2026,"35,376.15",Purchase Order #PO660,Paid In Full
VB661,INV-1872,Bina Rawabi Est. (fictional),7/17/2026,"29,871.66",Purchase Order #PO661,Paid In Full
VB662,INV-2334,Sahab Tamayuz Services (fictional),10/4/2026,"38,183.94",Purchase Order #PO662,Paid In Full
VB663,INV-4968,Shams Madar Contracting (fictional),8/16/2026,"23,986.77",Purchase Order #PO663,Paid In Full
VB664,INV-2513,Rimal Qimma Services (fictional),7/15/2026,"8,288.25",Purchase Order #PO664,Paid In Full
VB665,INV-2941,Noor Najd Trading (fictional),10/4/2026,"11,390.32",Purchase Order #PO665,Paid In Full
VB666,INV-3215,Rimal Madar Contracting (fictional),8/20/2026,"36,254.16",Purchase Order #PO666,Paid In Full
VB667,INV-4918,Wadi Dana Solutions (fictional),8/14/2026,"39,137.61",Purchase Order #PO667,Paid In Full
VB668,INV-2989,Taqa Noor Solutions (fictional),7/8/2026,"25,464.18",Purchase Order #PO668,Paid In Full
VB669,INV-5385,Tamayuz Shams Solutions (fictional),8/30/2026,"26,687.54",Purchase Order #PO669,Paid In Full
VB670,INV-1819,Tamayuz Bina Trading (fictional),9/19/2026,"25,546.00",Purchase Order #PO670,Paid In Full
VB671,INV-4975,Wadi Dana Solutions (fictional),8/10/2026,"21,301.56",Purchase Order #PO671,Paid In Full
VB672,INV-5214,Sahab Najd Solutions (fictional),9/28/2026,"29,864.35",Purchase Order #PO672,Paid In Full
VB673,INV-4146,Jazeera Qimma Solutions (fictional),9/21/2026,"16,576.80",Purchase Order #PO673,Paid In Full
VB674,INV-1924,Sarh Rimal Trading (fictional),8/22/2026,"28,740.84",Purchase Order #PO674,Paid In Full
VB675,INV-1537,Nakheel Najd Trading (fictional),9/14/2026,"39,090.60",Purchase Order #PO675,Paid In Full
VB676,INV-2555,Rimal Qimma Services (fictional),8/8/2026,"19,472.40",Purchase Order #PO676,Paid In Full
VB677,INV-2299,Buruj Dana Trading (fictional),7/28/2026,"22,620.25",Purchase Order #PO677,Paid In Full
VB678,INV-2741,Dana Rimal Trading (fictional),9/9/2026,"23,278.71",Purchase Order #PO678,Paid In Full
VB679,INV-1957,Sarh Rimal Trading (fictional),7/26/2026,"19,736.19",Purchase Order #PO679,Paid In Full
VB680,INV-5232,Sahab Najd Solutions (fictional),9/10/2026,"23,161.05",Purchase Order #PO680,Paid In Full
VB681,INV-5236,Nakheel Sarh Solutions (fictional),9/27/2026,"7,301.96",Purchase Order #PO681,Paid In Full
VB682,INV-3236,Rimal Madar Contracting (fictional),9/4/2026,"8,614.48",Purchase Order #PO682,Paid In Full
VB683,INV-1469,Tamayuz Jazeera Trading (fictional),10/11/2026,"2,191.30",Purchase Order #PO683,Paid In Full
VB684,INV-5047,Nakheel Qimma Supplies (fictional),8/3/2026,"9,704.94",Purchase Order #PO684,Paid In Full
VB685,INV-2006,Shams Bina Solutions (fictional),9/30/2026,"36,179.39",Purchase Order #PO685,Paid In Full
VB686,INV-2664,Masar Wadi Services (fictional),8/19/2026,"8,665.16",Purchase Order #PO686,Paid In Full
VB687,INV-4860,Jazeera Noor Supplies (fictional),8/15/2026,"4,164.18",Purchase Order #PO687,Paid In Full
VB688,INV-1708,Najd Madar Supplies (fictional),9/14/2026,"20,614.22",Purchase Order #PO688,Paid In Full
VB689,INV-4999,Wadi Dana Solutions (fictional),9/23/2026,"31,768.80",Purchase Order #PO689,Paid In Full
VB690,INV-2257,Buruj Dana Services (fictional),9/3/2026,"14,304.15",Purchase Order #PO690,Paid In Full
VB691,INV-4091,Waha Madar Est. (fictional),8/13/2026,"22,262.16",Purchase Order #PO691,Paid In Full
VB692,INV-2610,Taqa Sahab Services (fictional),8/31/2026,"4,269.12",Purchase Order #PO692,Paid In Full
VB693,INV-5509,Sahab Sarh Est. (fictional),7/31/2026,"32,611.40",Purchase Order #PO693,Paid In Full
VB694,INV-1486,Tamayuz Jazeera Trading (fictional),8/14/2026,"4,461.37",Purchase Order #PO694,Paid In Full
VB695,INV-5452,Buruj Noor Solutions (fictional),7/6/2026,"30,226.14",Purchase Order #PO695,Paid In Full
VB696,INV-2263,Sarh Noor Services (fictional),9/6/2026,"8,799.05",Purchase Order #PO696,Paid In Full
VB697,INV-1991,Sarh Rimal Trading (fictional),9/13/2026,"35,212.86",Purchase Order #PO697,Paid In Full
VB698,INV-2289,Buruj Dana Services (fictional),8/18/2026,"4,683.42",Purchase Order #PO698,Paid In Full
VB699,INV-4015,Rimal Madar Contracting (fictional),10/7/2026,"18,212.04",Purchase Order #PO699,Paid In Full
VB700,INV-1757,Najd Madar Supplies (fictional),7/28/2026,"4,192.92",Purchase Order #PO700,Paid In Full
VB701,INV-1781,Najd Madar Supplies (fictional),8/24/2026,"3,508.32",Purchase Order #PO701,Paid In Full
VB702,INV-4976,Rimal Madar Contracting (fictional),10/7/2026,"16,064.72",Purchase Order #PO702,Paid In Full
VB703,INV-3927,Rimal Madar Contracting (fictional),9/25/2026,"19,405.62",Purchase Order #PO703,Paid In Full
VB704,INV-5411,Tamayuz Shams Solutions (fictional),9/6/2026,"25,819.83",Purchase Order #PO704,Paid In Full
VB705,INV-2541,Noor Masar Contracting (fictional),8/9/2026,"41,361.34",Purchase Order #PO705,Paid In Full
VB706,INV-3128,Rimal Sahab Supplies (fictional),9/25/2026,"35,991.81",Purchase Order #PO706,Paid In Full
VB707,INV-5563,Rimal Madar Contracting (fictional),7/31/2026,"17,337.60",Purchase Order #PO707,Paid In Full
VB708,INV-5074,Nakheel Qimma Supplies (fictional),9/24/2026,"22,353.76",Purchase Order #PO708,Paid In Full
VB709,INV-2033,Sarh Rimal Trading (fictional),9/20/2026,"10,406.50",Purchase Order #PO709,Paid In Full
VB710,INV-3261,Rimal Madar Contracting (fictional),7/18/2026,"2,502.20",Purchase Order #PO710,Paid In Full
VB711,INV-2599,Rimal Qimma Services (fictional),9/23/2026,"3,066.14",Purchase Order #PO711,Paid In Full
VB712,INV-5638,Rimal Madar Contracting (fictional),9/19/2026,"35,725.84",Purchase Order #PO712,Paid In Full
VB713,INV-2797,Dana Rimal Trading (fictional),9/4/2026,"9,342.62",Purchase Order #PO713,Paid In Full
VB714,INV-2299,Sarh Noor Services (fictional),8/27/2026,"1,336.32",Purchase Order #PO714,Paid In Full
VB715,INV-3942,Rimal Madar Contracting (fictional),7/29/2026,"23,497.18",Purchase Order #PO715,Paid In Full
VB716,INV-2089,Sarh Rimal Trading (fictional),9/17/2026,"9,828.42",Purchase Order #PO716,Paid In Full
VB717,INV-5267,Taqa Rimal Solutions (fictional),9/16/2026,"7,853.80",Purchase Order #PO717,Paid In Full
VB718,INV-4143,Waha Madar Est. (fictional),7/30/2026,"35,248.08",Purchase Order #PO718,Paid In Full
VB719,INV-2911,Rimal Madar Contracting (fictional),8/9/2026,"12,367.14",Purchase Order #PO719,Paid In Full
VB720,INV-2340,Buruj Dana Services (fictional),8/3/2026,"17,996.64",Purchase Order #PO720,Paid In Full
VB721,INV-2959,Noor Najd Trading (fictional),8/12/2026,"32,121.00",Purchase Order #PO721,Paid In Full
VB722,INV-1846,Rimal Madar Contracting (fictional),10/12/2026,"13,899.00",Purchase Order #PO722,Paid In Full
VB723,INV-4750,Bina Taqa Est. (fictional),8/7/2026,"21,345.44",Purchase Order #PO723,Paid In Full
VB724,INV-4181,Waha Madar Est. (fictional),10/6/2026,"28,066.50",Purchase Order #PO724,Paid In Full
VB725,INV-4237,Waha Madar Est. (fictional),9/25/2026,"19,733.91",Purchase Order #PO725,Paid In Full
VB726,INV-5291,Nakheel Sarh Solutions (fictional),8/2/2026,"20,555.72",Purchase Order #PO726,Paid In Full
VB727,INV-2331,Buruj Dana Trading (fictional),8/12/2026,"33,377.85",Purchase Order #PO727,Paid In Full
VB728,INV-5491,Buruj Noor Solutions (fictional),7/31/2026,"35,181.72",Purchase Order #PO728,Paid In Full
VB729,INV-3276,Buruj Waha Supplies (fictional),7/21/2026,"9,548.91",Purchase Order #PO729,Paid In Full
VB730,INV-3184,Rimal Sahab Supplies (fictional),8/23/2026,"35,445.87",Purchase Order #PO730,Paid In Full
VB731,INV-4078,Najd Sahab Contracting (fictional),9/12/2026,"18,879.63",Purchase Order #PO731,Paid In Full
VB732,INV-5204,Waha Taqa Services (fictional),9/25/2026,"11,779.50",Purchase Order #PO732,Paid In Full
VB733,INV-4198,Jazeera Qimma Solutions (fictional),8/20/2026,"4,598.83",Purchase Order #PO733,Paid In Full
VB734,INV-2357,Buruj Dana Trading (fictional),10/1/2026,"25,899.51",Purchase Order #PO734,Paid In Full
VB735,INV-1876,Rimal Madar Contracting (fictional),9/19/2026,"37,670.13",Purchase Order #PO735,Paid In Full
VB736,INV-5679,Rimal Madar Contracting (fictional),8/16/2026,"37,801.76",Purchase Order #PO736,Paid In Full
VB737,INV-5081,Nakheel Qimma Supplies (fictional),9/10/2026,"1,323.67",Purchase Order #PO737,Paid In Full
VB738,INV-1559,Nakheel Najd Trading (fictional),7/30/2026,"38,274.60",Purchase Order #PO738,Paid In Full
VB739,INV-5257,Waha Taqa Services (fictional),7/18/2026,"31,410.32",Purchase Order #PO739,Paid In Full
VB740,INV-4803,Bina Taqa Est. (fictional),8/2/2026,"16,016.00",Purchase Order #PO740,Paid In Full
VB741,INV-4453,Rimal Madar Contracting (fictional),7/27/2026,"25,875.85",Purchase Order #PO741,Paid In Full
VB742,INV-4460,Rimal Madar Contracting (fictional),8/7/2026,"14,595.48",Purchase Order #PO742,Paid In Full
VB743,INV-5271,Waha Taqa Services (fictional),10/11/2026,"31,510.24",Purchase Order #PO743,Paid In Full
VB744,INV-2125,Sarh Qimma Services (fictional),7/22/2026,"21,373.00",Purchase Order #PO744,Paid In Full
VB745,INV-4984,Rimal Madar Contracting (fictional),9/8/2026,"3,616.88",Purchase Order #PO745,Paid In Full
VB746,INV-2073,Madar Jazeera Trading (fictional),9/26/2026,"9,969.65",Purchase Order #PO746,Paid In Full
VB747,INV-1815,Najd Madar Supplies (fictional),7/21/2026,"14,875.08",Purchase Order #PO747,Paid In Full
VB748,INV-5266,Dana Madar Est. (fictional),9/8/2026,"20,297.14",Purchase Order #PO748,Paid In Full
VB749,INV-4047,Rimal Madar Contracting (fictional),8/26/2026,"33,272.20",Purchase Order #PO749,Paid In Full
VB750,INV-3679,Rawabi Masar Trading (fictional),7/19/2026,"29,523.10",Purchase Order #PO750,Paid In Full
VB751,INV-3027,Taqa Noor Solutions (fictional),8/22/2026,"30,902.40",Purchase Order #PO751,Paid In Full
VB752,INV-4470,Rimal Madar Contracting (fictional),9/4/2026,"38,128.44",Purchase Order #PO752,Paid In Full
VB753,INV-2953,Rimal Madar Contracting (fictional),10/14/2026,"18,907.66",Purchase Order #PO753,Paid In Full
VB754,INV-4686,Qimma Waha Est. (fictional),8/17/2026,"7,405.70",Purchase Order #PO754,Paid In Full
VB755,INV-3036,Taqa Noor Solutions (fictional),7/22/2026,"15,578.10",Purchase Order #PO755,Paid In Full
VB756,INV-2577,Noor Masar Contracting (fictional),9/23/2026,"32,999.96",Purchase Order #PO756,Paid In Full
VB757,INV-5597,Rimal Madar Contracting (fictional),10/15/2026,"8,995.00",Purchase Order #PO757,Paid In Full
VB758,INV-3708,Rawabi Masar Trading (fictional),10/10/2026,"31,173.66",Purchase Order #PO758,Paid In Full
VB759,INV-4135,Najd Sahab Contracting (fictional),10/2/2026,"13,853.76",Purchase Order #PO759,Paid In Full
VB760,INV-2406,Buruj Dana Trading (fictional),7/22/2026,"15,925.68",Purchase Order #PO760,Paid In Full
VB761,INV-2096,Madar Jazeera Trading (fictional),8/24/2026,"27,503.84",Purchase Order #PO761,Paid In Full
VB762,INV-5726,Rimal Madar Contracting (fictional),10/1/2026,"10,423.95",Purchase Order #PO762,Paid In Full
VB763,INV-5022,Shams Madar Contracting (fictional),9/20/2026,"8,461.18",Purchase Order #PO763,Paid In Full
VB764,INV-1947,Shams Noor Trading (fictional),7/23/2026,"28,603.86",Purchase Order #PO764,Paid In Full
VB765,INV-3829,Bina Afaq Contracting (fictional),8/1/2026,"25,058.03",Purchase Order #PO765,Paid In Full
VB766,INV-2129,Madar Jazeera Trading (fictional),8/10/2026,"9,237.23",Purchase Order #PO766,Paid In Full
VB767,INV-5630,Rimal Madar Contracting (fictional),10/7/2026,"27,059.68",Purchase Order #PO767,Paid In Full
VB768,INV-3853,Bina Afaq Contracting (fictional),8/13/2026,"38,943.62",Purchase Order #PO768,Paid In Full
VB769,INV-1961,Shams Noor Trading (fictional),9/29/2026,"19,337.76",Purchase Order #PO769,Paid In Full
VB770,INV-3051,Taqa Noor Solutions (fictional),9/4/2026,"11,438.82",Purchase Order #PO770,Paid In Full
VB771,INV-5676,Rimal Madar Contracting (fictional),8/2/2026,"27,595.68",Purchase Order #PO771,Paid In Full
VB772,INV-4515,Rimal Madar Contracting (fictional),8/23/2026,"16,252.29",Purchase Order #PO772,Paid In Full
VB773,INV-4852,Bina Taqa Est. (fictional),7/20/2026,"10,455.51",Purchase Order #PO773,Paid In Full
VB774,INV-3283,Buruj Waha Supplies (fictional),9/17/2026,"15,763.42",Purchase Order #PO774,Paid In Full
VB775,INV-5275,Sahab Najd Solutions (fictional),7/29/2026,"9,937.83",Purchase Order #PO775,Paid In Full
VB776,INV-2597,Noor Masar Contracting (fictional),9/14/2026,"9,878.44",Purchase Order #PO776,Paid In Full
VB777,INV-3317,Rimal Madar Contracting (fictional),8/26/2026,"18,111.06",Purchase Order #PO777,Paid In Full
VB778,INV-2977,Rimal Madar Contracting (fictional),10/7/2026,"32,159.97",Purchase Order #PO778,Paid In Full
VB779,INV-5316,Sahab Najd Solutions (fictional),7/20/2026,"17,036.35",Purchase Order #PO779,Paid In Full
VB780,INV-4062,Rimal Madar Contracting (fictional),9/2/2026,"17,667.36",Purchase Order #PO780,Paid In Full
VB781,INV-5554,Sahab Sarh Est. (fictional),7/8/2026,"25,049.31",Purchase Order #PO781,Paid In Full
VB782,INV-5077,Shams Madar Contracting (fictional),8/31/2026,"8,793.12",Purchase Order #PO782,Paid In Full
VB783,INV-5765,Rimal Madar Contracting (fictional),9/17/2026,"10,803.24",Purchase Order #PO783,Paid In Full
VB784,INV-2355,Sarh Noor Services (fictional),7/26/2026,"11,992.95",Purchase Order #PO784,Paid In Full
VB785,INV-4919,Jazeera Noor Supplies (fictional),7/29/2026,"37,999.20",Purchase Order #PO785,Paid In Full
VB786,INV-5295,Dana Madar Est. (fictional),9/8/2026,"27,610.52",Purchase Order #PO786,Paid In Full
VB787,INV-5057,Wadi Dana Solutions (fictional),9/28/2026,"31,242.28",Purchase Order #PO787,Paid In Full
VB788,INV-2971,Noor Najd Trading (fictional),7/12/2026,"9,322.52",Purchase Order #PO788,Paid In Full
VB789,INV-1883,Bina Rawabi Est. (fictional),8/29/2026,"3,334.26",Purchase Order #PO789,Paid In Full
VB790,INV-3904,Bina Afaq Contracting (fictional),8/18/2026,"10,555.49",Purchase Order #PO790,Paid In Full
VB791,INV-5088,Shams Madar Contracting (fictional),9/12/2026,"21,171.50",Purchase Order #PO791,Paid In Full
VB792,INV-3952,Bina Afaq Contracting (fictional),8/6/2026,"28,529.40",Purchase Order #PO792,Paid In Full
VB793,INV-1369,Bina Sarh Est. (fictional),9/7/2026,"12,100.00",Purchase Order #PO793,Paid In Full
VB794,INV-4551,Rimal Madar Contracting (fictional),10/10/2026,"20,741.10",Purchase Order #PO794,Paid In Full
VB795,INV-5598,Sahab Sarh Est. (fictional),8/13/2026,"11,450.18",Purchase Order #PO795,Paid In Full
VB796,INV-3738,Rawabi Masar Trading (fictional),8/27/2026,"22,636.48",Purchase Order #PO796,Paid In Full
VB797,INV-4243,Jazeera Qimma Solutions (fictional),8/30/2026,"30,953.44",Purchase Order #PO797,Paid In Full
VB798,INV-4185,Najd Sahab Contracting (fictional),8/18/2026,"26,142.64",Purchase Order #PO798,Paid In Full
VB799,INV-1862,Najd Madar Supplies (fictional),10/11/2026,"29,652.35",Purchase Order #PO799,Paid In Full
VB800,INV-1912,Najd Madar Supplies (fictional),8/31/2026,"21,866.25",Purchase Order #PO800,Paid In Full
VB801,INV-2642,Taqa Sahab Services (fictional),9/1/2026,"12,121.40",Purchase Order #PO801,Paid In Full
VB802,INV-2438,Buruj Dana Trading (fictional),8/13/2026,"22,076.40",Purchase Order #PO802,Paid In Full
VB803,INV-2457,Buruj Dana Trading (fictional),9/8/2026,"13,560.60",Purchase Order #PO803,Paid In Full
VB804,INV-5319,Taqa Rimal Solutions (fictional),9/12/2026,"20,699.58",Purchase Order #PO804,Paid In Full
VB805,INV-4282,Waha Madar Est. (fictional),9/2/2026,"8,863.68",Purchase Order #PO805,Paid In Full
VB806,INV-2695,Taqa Sahab Services (fictional),10/5/2026,"20,346.13",Purchase Order #PO806,Paid In Full
VB807,INV-4004,Bina Afaq Contracting (fictional),9/27/2026,"14,243.28",Purchase Order #PO807,Paid In Full
VB808,INV-1907,Rimal Madar Contracting (fictional),8/11/2026,"32,223.35",Purchase Order #PO808,Paid In Full
VB809,INV-3328,Buruj Waha Supplies (fictional),7/21/2026,"7,510.32",Purchase Order #PO809,Paid In Full
VB810,INV-3768,Rawabi Masar Trading (fictional),10/3/2026,"37,460.71",Purchase Order #PO810,Paid In Full
VB811,INV-4292,Waha Madar Est. (fictional),8/17/2026,"30,633.17",Purchase Order #PO811,Paid In Full
VB812,INV-5459,Tamayuz Shams Solutions (fictional),8/26/2026,"27,900.60",Purchase Order #PO812,Paid In Full
VB813,INV-2634,Noor Masar Contracting (fictional),7/12/2026,"4,696.61",Purchase Order #PO813,Paid In Full
VB814,INV-4201,Najd Sahab Contracting (fictional),7/30/2026,"34,596.60",Purchase Order #PO814,Paid In Full
VB815,INV-3965,Rimal Madar Contracting (fictional),8/28/2026,"25,436.48",Purchase Order #PO815,Paid In Full
VB816,INV-5345,Taqa Rimal Solutions (fictional),8/20/2026,"17,125.56",Purchase Order #PO816,Paid In Full
VB817,INV-1947,Najd Madar Supplies (fictional),8/9/2026,"13,877.25",Purchase Order #PO817,Paid In Full
VB818,INV-5139,Nakheel Qimma Supplies (fictional),9/1/2026,"3,340.00",Purchase Order #PO818,Paid In Full
VB819,INV-2386,Buruj Dana Services (fictional),9/6/2026,"34,991.52",Purchase Order #PO819,Paid In Full
VB820,INV-4743,Qimma Waha Est. (fictional),8/10/2026,"3,959.91",Purchase Order #PO820,Paid In Full
VB821,INV-5146,Nakheel Qimma Supplies (fictional),9/12/2026,"36,514.60",Purchase Order #PO821,Paid In Full
VB822,INV-4091,Rimal Madar Contracting (fictional),9/18/2026,"4,383.68",Purchase Order #PO822,Paid In Full
VB823,INV-1582,Nakheel Najd Trading (fictional),9/14/2026,"8,601.56",Purchase Order #PO823,Paid In Full
VB824,INV-5284,Waha Taqa Services (fictional),7/11/2026,"13,299.24",Purchase Order #PO824,Paid In Full
VB825,INV-5401,Taqa Rimal Solutions (fictional),8/23/2026,"25,995.93",Purchase Order #PO825,Paid In Full
VB826,INV-4762,Qimma Waha Est. (fictional),8/27/2026,"37,219.00",Purchase Order #PO826,Paid In Full
VB827,INV-4045,Bina Afaq Contracting (fictional),8/10/2026,"8,317.53",Purchase Order #PO827,Paid In Full
VB828,INV-4803,Qimma Waha Est. (fictional),9/25/2026,"7,444.20",Purchase Order #PO828,Paid In Full
VB829,INV-2137,Madar Jazeera Trading (fictional),10/2/2026,"8,327.76",Purchase Order #PO829,Paid In Full
VB830,INV-5342,Dana Madar Est. (fictional),10/16/2026,"22,374.40",Purchase Order #PO830,Paid In Full
VB831,INV-4573,Rimal Madar Contracting (fictional),8/5/2026,"16,644.36",Purchase Order #PO831,Paid In Full
VB832,INV-4130,Rimal Madar Contracting (fictional),8/17/2026,"4,358.24",Purchase Order #PO832,Paid In Full
VB833,INV-4860,Qimma Waha Est. (fictional),10/8/2026,"19,488.36",Purchase Order #PO833,Paid In Full
VB834,INV-4966,Jazeera Noor Supplies (fictional),9/11/2026,"27,416.29",Purchase Order #PO834,Paid In Full
VB835,INV-3237,Rimal Sahab Supplies (fictional),8/15/2026,"28,250.04",Purchase Order #PO835,Paid In Full
VB836,INV-1601,Nakheel Najd Trading (fictional),7/16/2026,"23,441.40",Purchase Order #PO836,Paid In Full
VB837,INV-2847,Dana Rimal Trading (fictional),9/11/2026,"30,903.88",Purchase Order #PO837,Paid In Full
VB838,INV-4404,Taqa Shams Trading (fictional),9/27/2026,"42,193.69",Purchase Order #PO838,Paid In Full
VB839,INV-2420,Buruj Dana Services (fictional),10/12/2026,"30,843.04",Purchase Order #PO839,Paid In Full
VB840,INV-2738,Taqa Sahab Services (fictional),7/22/2026,"30,420.00",Purchase Order #PO840,Paid In Full
VB841,INV-2008,Shams Noor Trading (fictional),7/27/2026,"8,415.15",Purchase Order #PO841,Paid In Full
VB842,INV-5144,Shams Madar Contracting (fictional),10/16/2026,"6,549.68",Purchase Order #PO842,Paid In Full
VB843,INV-2361,Sahab Tamayuz Services (fictional),9/20/2026,"5,921.40",Purchase Order #PO843,Paid In Full
VB844,INV-3089,Taqa Noor Solutions (fictional),9/3/2026,"21,649.68",Purchase Order #PO844,Paid In Full
VB845,INV-2171,Madar Jazeera Trading (fictional),7/25/2026,"8,385.64",Purchase Order #PO845,Paid In Full
VB846,INV-4283,Jazeera Qimma Solutions (fictional),7/16/2026,"24,563.54",Purchase Order #PO846,Paid In Full
VB847,INV-4304,Jazeera Qimma Solutions (fictional),7/9/2026,"19,445.62",Purchase Order #PO847,Paid In Full
VB848,INV-2630,Rimal Qimma Services (fictional),7/8/2026,"20,122.24",Purchase Order #PO848,Paid In Full
VB849,INV-4606,Rimal Madar Contracting (fictional),8/7/2026,"18,627.57",Purchase Order #PO849,Paid In Full
VB850,INV-5167,Shams Madar Contracting (fictional),10/1/2026,"8,470.28",Purchase Order #PO850,Paid In Full
VB851,INV-5327,Sahab Najd Solutions (fictional),8/9/2026,"23,299.01",Purchase Order #PO851,Paid In Full
VB852,INV-1970,Najd Madar Supplies (fictional),9/7/2026,"2,799.28",Purchase Order #PO852,Paid In Full
VB853,INV-1984,Najd Madar Supplies (fictional),8/11/2026,"7,649.70",Purchase Order #PO853,Paid In Full
VB854,INV-3978,Rimal Madar Contracting (fictional),8/13/2026,"14,186.08",Purchase Order #PO854,Paid In Full
VB855,INV-2023,Najd Madar Supplies (fictional),8/25/2026,"6,240.60",Purchase Order #PO855,Paid In Full
VB856,INV-3779,Rawabi Masar Trading (fictional),9/30/2026,"27,776.47",Purchase Order #PO856,Paid In Full
VB857,INV-5332,Waha Taqa Services (fictional),10/6/2026,"9,209.30",Purchase Order #PO857,Paid In Full
VB858,INV-4442,Taqa Shams Trading (fictional),9/15/2026,"39,379.50",Purchase Order #PO858,Paid In Full
VB859,INV-5205,Shams Madar Contracting (fictional),8/30/2026,"24,341.28",Purchase Order #PO859,Paid In Full
VB860,INV-2490,Buruj Dana Trading (fictional),8/11/2026,"41,442.94",Purchase Order #PO860,Paid In Full
VB861,INV-4886,Qimma Waha Est. (fictional),8/23/2026,"8,305.22",Purchase Order #PO861,Paid In Full
VB862,INV-5384,Waha Taqa Services (fictional),10/5/2026,"5,553.90",Purchase Order #PO862,Paid In Full
VB863,INV-5193,Nakheel Qimma Supplies (fictional),7/30/2026,"12,501.72",Purchase Order #PO863,Paid In Full
VB864,INV-5383,Dana Madar Est. (fictional),9/29/2026,"27,317.84",Purchase Order #PO864,Paid In Full
VB865,INV-5514,Buruj Noor Solutions (fictional),7/26/2026,"26,670.93",Purchase Order #PO865,Paid In Full
VB866,INV-4215,Najd Sahab Contracting (fictional),7/9/2026,"15,583.77",Purchase Order #PO866,Paid In Full
VB867,INV-4457,Taqa Shams Trading (fictional),9/30/2026,"40,305.20",Purchase Order #PO867,Paid In Full
VB868,INV-3823,Rawabi Masar Trading (fictional),8/26/2026,"30,281.40",Purchase Order #PO868,Paid In Full
VB869,INV-5358,Sahab Najd Solutions (fictional),8/28/2026,"8,888.04",Purchase Order #PO869,Paid In Full
VB870,INV-4659,Rimal Madar Contracting (fictional),7/23/2026,"31,627.12",Purchase Order #PO870,Paid In Full
VB871,INV-2770,Taqa Sahab Services (fictional),9/16/2026,"4,765.78",Purchase Order #PO871,Paid In Full
VB872,INV-5106,Wadi Dana Solutions (fictional),8/15/2026,"6,406.64",Purchase Order #PO872,Paid In Full
VB873,INV-2382,Sahab Tamayuz Services (fictional),9/1/2026,"4,430.80",Purchase Order #PO873,Paid In Full
VB874,INV-4341,Waha Madar Est. (fictional),10/3/2026,"19,522.58",Purchase Order #PO874,Paid In Full
VB875,INV-3012,Noor Najd Trading (fictional),9/23/2026,"18,223.92",Purchase Order #PO875,Paid In Full
VB876,INV-3345,Najd Najd Contracting (fictional),10/2/2026,"21,242.26",Purchase Order #PO876,Paid In Full
VB877,INV-5154,Wadi Dana Solutions (fictional),10/3/2026,"33,894.98",Purchase Order #PO877,Paid In Full
VB878,INV-5239,Shams Madar Contracting (fictional),8/27/2026,"28,783.36",Purchase Order #PO878,Paid In Full
VB879,INV-5034,Rimal Madar Contracting (fictional),10/15/2026,"2,304.57",Purchase Order #PO879,Paid In Full
VB880,INV-2413,Sahab Tamayuz Services (fictional),9/15/2026,"35,720.16",Purchase Order #PO880,Paid In Full
VB881,INV-5020,Jazeera Noor Supplies (fictional),9/23/2026,"7,416.96",Purchase Order #PO881,Paid In Full
VB882,INV-2380,Sarh Noor Services (fictional),9/26/2026,"4,367.94",Purchase Order #PO882,Paid In Full
VB883,INV-2655,Rimal Qimma Services (fictional),8/12/2026,"5,293.80",Purchase Order #PO883,Paid In Full
VB884,INV-5425,Waha Taqa Services (fictional),10/12/2026,"16,727.32",Purchase Order #PO884,Paid In Full
VB885,INV-2651,Noor Masar Contracting (fictional),9/8/2026,"1,165.68",Purchase Order #PO885,Paid In Full
VB886,INV-4923,Qimma Waha Est. (fictional),9/28/2026,"10,888.83",Purchase Order #PO886,Paid In Full
VB887,INV-2719,Masar Wadi Services (fictional),8/15/2026,"7,872.12",Purchase Order #PO887,Paid In Full
VB888,INV-2516,Buruj Dana Trading (fictional),8/5/2026,"20,817.54",Purchase Order #PO888,Paid In Full
VB889,INV-1908,Bina Rawabi Est. (fictional),9/23/2026,"29,013.72",Purchase Order #PO889,Paid In Full
VB890,INV-5285,Shams Madar Contracting (fictional),9/10/2026,"1,638.86",Purchase Order #PO890,Paid In Full
VB891,INV-5457,Taqa Rimal Solutions (fictional),9/30/2026,"18,552.84",Purchase Order #PO891,Paid In Full
VB892,INV-3339,Buruj Waha Supplies (fictional),8/13/2026,"34,527.95",Purchase Order #PO892,Paid In Full
VB893,INV-3142,Taqa Noor Solutions (fictional),7/26/2026,"31,826.16",Purchase Order #PO893,Paid In Full
VB894,INV-5617,Sahab Sarh Est. (fictional),8/8/2026,"32,993.90",Purchase Order #PO894,Paid In Full
VB895,INV-2045,Shams Noor Trading (fictional),9/11/2026,"17,859.52",Purchase Order #PO895,Paid In Full
VB896,INV-5040,Jazeera Noor Supplies (fictional),8/15/2026,"25,020.14",Purchase Order #PO896,Paid In Full
VB897,INV-5227,Nakheel Qimma Supplies (fictional),9/23/2026,"14,176.97",Purchase Order #PO897,Paid In Full
VB898,INV-2713,Rimal Qimma Services (fictional),8/9/2026,"34,578.47",Purchase Order #PO898,Paid In Full
VB899,INV-5458,Waha Taqa Services (fictional),10/18/2026,"18,877.20",Purchase Order #PO899,Paid In Full
VB900,INV-5184,Wadi Dana Solutions (fictional),8/8/2026,"2,778.78",Purchase Order #PO900,Paid In Full
VB901,INV-2116,Sarh Rimal Trading (fictional),8/28/2026,"7,682.47",Purchase Order #PO901,Paid In Full
VB902,INV-3994,Rimal Madar Contracting (fictional),7/10/2026,"1,761.51",Purchase Order #PO902,Paid In Full
VB903,INV-4167,Rimal Madar Contracting (fictional),7/26/2026,"22,815.32",Purchase Order #PO903,Paid In Full
VB904,INV-3376,Najd Najd Contracting (fictional),7/22/2026,"19,464.27",Purchase Order #PO904,Paid In Full
VB905,INV-2126,Sarh Rimal Trading (fictional),10/2/2026,"22,220.52",Purchase Order #PO905,Paid In Full
VB906,INV-2881,Dana Rimal Trading (fictional),8/9/2026,"12,109.46",Purchase Order #PO906,Paid In Full
VB907,INV-3356,Buruj Waha Supplies (fictional),8/8/2026,"9,865.22",Purchase Order #PO907,Paid In Full
VB908,INV-2747,Masar Wadi Services (fictional),8/29/2026,"20,693.33",Purchase Order #PO908,Paid In Full
VB909,INV-2153,Sarh Rimal Trading (fictional),7/28/2026,"12,520.20",Purchase Order #PO909,Paid In Full
VB910,INV-4973,Qimma Waha Est. (fictional),9/5/2026,"10,818.75",Purchase Order #PO910,Paid In Full
VB911,INV-4017,Rimal Madar Contracting (fictional),7/27/2026,"32,453.14",Purchase Order #PO911,Paid In Full
VB912,INV-3161,Taqa Noor Solutions (fictional),9/30/2026,"39,156.92",Purchase Order #PO912,Paid In Full
VB913,INV-5805,Rimal Madar Contracting (fictional),8/24/2026,"31,977.36",Purchase Order #PO913,Paid In Full
VB914,INV-2194,Madar Jazeera Trading (fictional),10/16/2026,"10,214.25",Purchase Order #PO914,Paid In Full
VB915,INV-5005,Qimma Waha Est. (fictional),9/7/2026,"8,278.90",Purchase Order #PO915,Paid In Full
VB916,INV-2524,Buruj Dana Trading (fictional),10/8/2026,"4,861.64",Purchase Order #PO916,Paid In Full
VB917,INV-2216,Madar Jazeera Trading (fictional),7/20/2026,"4,756.72",Purchase Order #PO917,Paid In Full
VB918,INV-2895,Dana Rimal Trading (fictional),8/9/2026,"7,294.30",Purchase Order #PO918,Paid In Full
VB919,INV-5487,Taqa Rimal Solutions (fictional),7/30/2026,"4,610.40",Purchase Order #PO919,Paid In Full
VB920,INV-1509,Tamayuz Jazeera Trading (fictional),9/26/2026,"18,647.30",Purchase Order #PO920,Paid In Full
VB921,INV-5536,Buruj Noor Solutions (fictional),8/18/2026,"28,360.80",Purchase Order #PO921,Paid In Full
VB922,INV-2255,Madar Jazeera Trading (fictional),9/20/2026,"27,866.74",Purchase Order #PO922,Paid In Full
VB923,INV-5581,Buruj Noor Solutions (fictional),7/26/2026,"2,690.16",Purchase Order #PO923,Paid In Full
VB924,INV-4073,Rimal Madar Contracting (fictional),8/5/2026,"31,304.70",Purchase Order #PO924,Paid In Full
VB925,INV-5036,Qimma Waha Est. (fictional),7/21/2026,"13,616.64",Purchase Order #PO925,Paid In Full
VB926,INV-1862,Tamayuz Bina Trading (fictional),10/12/2026,"32,607.64",Purchase Order #PO926,Paid In Full
VB927,INV-3044,Noor Najd Trading (fictional),8/27/2026,"10,288.59",Purchase Order #PO927,Paid In Full
VB928,INV-5278,Nakheel Qimma Supplies (fictional),7/24/2026,"2,491.17",Purchase Order #PO928,Paid In Full
VB929,INV-5193,Wadi Dana Solutions (fictional),10/3/2026,"20,200.32",Purchase Order #PO929,Paid In Full
VB930,INV-4361,Jazeera Qimma Solutions (fictional),9/17/2026,"8,537.74",Purchase Order #PO930,Paid In Full
VB931,INV-2088,Shams Noor Trading (fictional),8/11/2026,"28,551.84",Purchase Order #PO931,Paid In Full
VB932,INV-4374,Waha Madar Est. (fictional),7/30/2026,"36,981.62",Purchase Order #PO932,Paid In Full
VB933,INV-2819,Taqa Sahab Services (fictional),7/17/2026,"37,916.19",Purchase Order #PO933,Paid In Full
VB934,INV-5494,Waha Taqa Services (fictional),8/26/2026,"32,742.09",Purchase Order #PO934,Paid In Full
VB935,INV-1880,Tamayuz Bina Trading (fictional),9/11/2026,"29,285.93",Purchase Order #PO935,Paid In Full
VB936,INV-3294,Rimal Sahab Supplies (fictional),7/24/2026,"2,835.42",Purchase Order #PO936,Paid In Full
VB937,INV-2058,Najd Madar Supplies (fictional),10/9/2026,"12,375.00",Purchase Order #PO937,Paid In Full
VB938,INV-1396,Bina Sarh Est. (fictional),9/6/2026,"16,460.56",Purchase Order #PO938,Paid In Full
VB939,INV-5468,Tamayuz Shams Solutions (fictional),10/4/2026,"12,197.57",Purchase Order #PO939,Paid In Full
VB940,INV-4243,Najd Sahab Contracting (fictional),7/14/2026,"20,680.17",Purchase Order #PO940,Paid In Full
VB941,INV-2538,Buruj Dana Trading (fictional),7/28/2026,"2,230.14",Purchase Order #PO941,Paid In Full
VB942,INV-5069,Rimal Madar Contracting (fictional),8/4/2026,"8,371.44",Purchase Order #PO942,Paid In Full
VB943,INV-1923,Bina Rawabi Est. (fictional),9/25/2026,"8,842.62",Purchase Order #PO943,Paid In Full
VB944,INV-3057,Noor Najd Trading (fictional),8/15/2026,"5,028.40",Purchase Order #PO944,Paid In Full
VB945,INV-4372,Jazeera Qimma Solutions (fictional),8/10/2026,"9,673.28",Purchase Order #PO945,Paid In Full
VB946,INV-1658,Nakheel Najd Trading (fictional),9/27/2026,"33,739.44",Purchase Order #PO946,Paid In Full
VB947,INV-3406,Buruj Waha Supplies (fictional),7/24/2026,"4,798.26",Purchase Order #PO947,Paid In Full
VB948,INV-5069,Qimma Waha Est. (fictional),7/25/2026,"31,123.04",Purchase Order #PO948,Paid In Full
VB949,INV-4718,Rimal Madar Contracting (fictional),7/18/2026,"38,229.84",Purchase Order #PO949,Paid In Full
VB950,INV-2016,Shams Bina Solutions (fictional),8/13/2026,"14,075.01",Purchase Order #PO950,Paid In Full
VB951,INV-2423,Sarh Noor Services (fictional),8/2/2026,"19,893.13",Purchase Order #PO951,Paid In Full
VB952,INV-2467,Sahab Tamayuz Services (fictional),9/26/2026,"35,814.18",Purchase Order #PO952,Paid In Full
VB953,INV-5849,Rimal Madar Contracting (fictional),8/31/2026,"26,323.31",Purchase Order #PO953,Paid In Full
VB954,INV-4181,Rimal Madar Contracting (fictional),7/19/2026,"27,136.20",Purchase Order #PO954,Paid In Full
VB955,INV-2460,Sarh Noor Services (fictional),8/24/2026,"25,931.92",Purchase Order #PO955,Paid In Full
VB956,INV-5084,Qimma Waha Est. (fictional),10/11/2026,"9,454.56",Purchase Order #PO956,Paid In Full
VB957,INV-5700,Rimal Madar Contracting (fictional),8/7/2026,"13,510.52",Purchase Order #PO957,Paid In Full
VB958,INV-2037,Shams Bina Solutions (fictional),7/24/2026,"25,554.15",Purchase Order #PO958,Paid In Full
VB959,INV-2096,Shams Bina Solutions (fictional),7/17/2026,"15,020.40",Purchase Order #PO959,Paid In Full
VB960,INV-3330,Rimal Madar Contracting (fictional),8/3/2026,"25,801.65",Purchase Order #PO960,Paid In Full
VB961,INV-5133,Qimma Waha Est. (fictional),8/21/2026,"9,332.40",Purchase Order #PO961,Paid In Full
VB962,INV-4090,Rimal Madar Contracting (fictional),10/20/2026,"4,292.82",Purchase Order #PO962,Paid In Full
VB963,INV-1405,Bina Sarh Est. (fictional),10/2/2026,"24,238.40",Purchase Order #PO963,Paid In Full
VB964,INV-2835,Taqa Sahab Services (fictional),10/11/2026,"3,021.91",Purchase Order #PO964,Paid In Full
VB965,INV-4410,Jazeera Qimma Solutions (fictional),8/18/2026,"33,037.47",Purchase Order #PO965,Paid In Full
VB966,INV-3833,Rawabi Masar Trading (fictional),8/10/2026,"14,678.61",Purchase Order #PO966,Paid In Full
VB967,INV-2932,Dana Rimal Trading (fictional),9/15/2026,"35,079.39",Purchase Order #PO967,Paid In Full
VB968,INV-5099,Jazeera Noor Supplies (fictional),9/16/2026,"6,000.30",Purchase Order #PO968,Paid In Full
VB969,INV-1965,Rimal Madar Contracting (fictional),9/10/2026,"29,047.00",Purchase Order #PO969,Paid In Full
VB970,INV-5425,Dana Madar Est. (fictional),7/24/2026,"11,689.86",Purchase Order #PO970,Paid In Full
VB971,INV-5318,Shams Madar Contracting (fictional),10/4/2026,"14,997.60",Purchase Order #PO971,Paid In Full
VB972,INV-5145,Qimma Waha Est. (fictional),10/2/2026,"9,333.41",Purchase Order #PO972,Paid In Full
VB973,INV-5751,Rimal Madar Contracting (fictional),8/7/2026,"15,064.96",Purchase Order #PO973,Paid In Full
VB974,INV-1516,Tamayuz Jazeera Trading (fictional),8/9/2026,"18,527.80",Purchase Order #PO974,Paid In Full
VB975,INV-2312,Madar Jazeera Trading (fictional),9/19/2026,"21,443.94",Purchase Order #PO975,Paid In Full
VB976,INV-5337,Nakheel Sarh Solutions (fictional),8/16/2026,"4,090.65",Purchase Order #PO976,Paid In Full
VB977,INV-3844,Rawabi Masar Trading (fictional),9/8/2026,"18,866.33",Purchase Order #PO977,Paid In Full
VB978,INV-5330,Nakheel Qimma Supplies (fictional),8/31/2026,"25,174.62",Purchase Order #PO978,Paid In Full
VB979,INV-5201,Wadi Dana Solutions (fictional),9/13/2026,"17,612.10",Purchase Order #PO979,Paid In Full
VB980,INV-5514,Waha Taqa Services (fictional),8/25/2026,"14,413.10",Purchase Order #PO980,Paid In Full
VB981,INV-2990,Dana Rimal Trading (fictional),9/6/2026,"11,424.36",Purchase Order #PO981,Paid In Full
VB982,INV-3026,Dana Rimal Trading (fictional),7/30/2026,"30,259.00",Purchase Order #PO982,Paid In Full
VB983,INV-4894,Bina Taqa Est. (fictional),9/19/2026,"31,031.32",Purchase Order #PO983,Paid In Full
VB984,INV-2478,Sarh Noor Services (fictional),8/14/2026,"10,714.80",Purchase Order #PO984,Paid In Full
VB985,INV-5350,Shams Madar Contracting (fictional),9/14/2026,"31,105.81",Purchase Order #PO985,Paid In Full
VB986,INV-5356,Nakheel Sarh Solutions (fictional),8/9/2026,"4,201.25",Purchase Order #PO986,Paid In Full
VB987,INV-5117,Rimal Madar Contracting (fictional),10/20/2026,"6,630.92",Purchase Order #PO987,Paid In Full
VB988,INV-5392,Nakheel Sarh Solutions (fictional),9/5/2026,"12,646.70",Purchase Order #PO988,Paid In Full
VB989,INV-3342,Rimal Madar Contracting (fictional),8/13/2026,"3,736.72",Purchase Order #PO989,Paid In Full
VB990,INV-3084,Dana Rimal Trading (fictional),7/9/2026,"29,854.44",Purchase Order #PO990,Paid In Full
VB991,INV-3863,Rawabi Masar Trading (fictional),7/31/2026,"19,371.84",Purchase Order #PO991,Paid In Full
VB992,INV-5673,Sahab Sarh Est. (fictional),7/30/2026,"41,407.32",Purchase Order #PO992,Paid In Full
VB993,INV-5478,Dana Madar Est. (fictional),9/22/2026,"20,953.24",Purchase Order #PO993,Paid In Full
VB994,INV-2201,Sarh Rimal Trading (fictional),9/17/2026,"36,285.04",Purchase Order #PO994,Paid In Full
VB995,INV-3098,Dana Rimal Trading (fictional),9/16/2026,"7,883.60",Purchase Order #PO995,Paid In Full
VB996,INV-3147,Dana Rimal Trading (fictional),9/7/2026,"19,314.04",Purchase Order #PO996,Paid In Full
VB997,INV-5156,Rimal Madar Contracting (fictional),7/17/2026,"27,789.00",Purchase Order #PO997,Paid In Full
VB998,INV-5120,Jazeera Noor Supplies (fictional),9/16/2026,"27,402.32",Purchase Order #PO998,Paid In Full
VB999,INV-2363,Madar Jazeera Trading (fictional),10/12/2026,"8,470.77",Purchase Order #PO999,Paid In Full
VB1000,INV-3917,Rawabi Masar Trading (fictional),9/30/2026,"11,650.83",Purchase Order #PO1000,Paid In Full
VB1001,INV-5258,Wadi Dana Solutions (fictional),9/22/2026,"22,307.34",Purchase Order #PO1001,Paid In Full
VB1002,INV-5298,Wadi Dana Solutions (fictional),7/12/2026,"31,737.11",Purchase Order #PO1002,Paid In Full
VB1003,INV-1718,Nakheel Najd Trading (fictional),9/3/2026,"8,725.68",Purchase Order #PO1003,Paid In Full
VB1004,INV-4114,Rimal Madar Contracting (fictional),9/27/2026,"17,638.40",Purchase Order #PO1004,Paid In Full
VB1005,INV-5564,Waha Taqa Services (fictional),10/17/2026,"16,254.48",Purchase Order #PO1005,Paid In Full
VB1006,INV-1968,Bina Rawabi Est. (fictional),9/17/2026,"26,936.14",Purchase Order #PO1006,Paid In Full
VB1007,INV-2238,Sarh Rimal Trading (fictional),9/17/2026,"27,293.40",Purchase Order #PO1007,Paid In Full
VB1008,INV-1771,Nakheel Najd Trading (fictional),8/14/2026,"19,539.10",Purchase Order #PO1008,Paid In Full
VB1009,INV-3000,Rimal Madar Contracting (fictional),8/25/2026,"38,573.25",Purchase Order #PO1009,Paid In Full
VB1010,INV-5210,Rimal Madar Contracting (fictional),9/11/2026,"19,141.67",Purchase Order #PO1010,Paid In Full
VB1011,INV-3953,Rawabi Masar Trading (fictional),8/21/2026,"17,565.84",Purchase Order #PO1011,Paid In Full
VB1012,INV-4385,Waha Madar Est. (fictional),9/23/2026,"27,509.00",Purchase Order #PO1012,Paid In Full
VB1013,INV-2444,Buruj Dana Services (fictional),8/20/2026,"1,065.73",Purchase Order #PO1013,Paid In Full
VB1014,INV-3328,Rimal Sahab Supplies (fictional),7/25/2026,"16,766.55",Purchase Order #PO1014,Paid In Full
VB1015,INV-2526,Sahab Tamayuz Services (fictional),8/22/2026,"5,766.54",Purchase Order #PO1015,Paid In Full
VB1016,INV-3983,Rawabi Masar Trading (fictional),8/3/2026,"5,027.58",Purchase Order #PO1016,Paid In Full
VB1017,INV-4467,Taqa Shams Trading (fictional),9/7/2026,"13,681.14",Purchase Order #PO1017,Paid In Full
VB1018,INV-4420,Waha Madar Est. (fictional),8/23/2026,"16,417.60",Purchase Order #PO1018,Paid In Full
VB1019,INV-3375,Rimal Madar Contracting (fictional),8/24/2026,"24,186.55",Purchase Order #PO1019,Paid In Full
VB1020,INV-5499,Tamayuz Shams Solutions (fictional),7/27/2026,"27,946.24",Purchase Order #PO1020,Paid In Full
VB1021,INV-1982,Rimal Madar Contracting (fictional),8/31/2026,"24,870.04",Purchase Order #PO1021,Paid In Full
VB1022,INV-5511,Dana Madar Est. (fictional),8/25/2026,"4,401.48",Purchase Order #PO1022,Paid In Full
VB1023,INV-5350,Nakheel Qimma Supplies (fictional),7/21/2026,"20,772.45",Purchase Order #PO1023,Paid In Full
VB1024,INV-5762,Rimal Madar Contracting (fictional),8/1/2026,"11,940.39",Purchase Order #PO1024,Paid In Full
VB1025,INV-3207,Dana Rimal Trading (fictional),8/18/2026,"4,372.32",Purchase Order #PO1025,Paid In Full
VB1026,INV-2404,Madar Jazeera Trading (fictional),9/11/2026,"9,636.00",Purchase Order #PO1026,Paid In Full
VB1027,INV-3056,Rimal Madar Contracting (fictional),9/2/2026,"33,870.54",Purchase Order #PO1027,Paid In Full
VB1028,INV-5580,Waha Taqa Services (fictional),10/17/2026,"21,171.32",Purchase Order #PO1028,Paid In Full
VB1029,INV-5529,Taqa Rimal Solutions (fictional),9/17/2026,"26,273.50",Purchase Order #PO1029,Paid In Full
VB1030,INV-2541,Sahab Tamayuz Services (fictional),7/29/2026,"39,834.08",Purchase Order #PO1030,Paid In Full
VB1031,INV-2136,Sarh Qimma Services (fictional),9/12/2026,"12,551.70",Purchase Order #PO1031,Paid In Full
VB1032,INV-5357,Shams Madar Contracting (fictional),7/30/2026,"4,641.12",Purchase Order #PO1032,Paid In Full
VB1033,INV-2793,Masar Wadi Services (fictional),10/16/2026,"22,271.68",Purchase Order #PO1033,Paid In Full
VB1034,INV-3453,Buruj Waha Supplies (fictional),8/19/2026,"19,547.84",Purchase Order #PO1034,Paid In Full
VB1035,INV-5541,Taqa Rimal Solutions (fictional),10/8/2026,"5,891.10",Purchase Order #PO1035,Paid In Full
VB1036,INV-5409,Nakheel Sarh Solutions (fictional),9/4/2026,"6,622.44",Purchase Order #PO1036,Paid In Full
VB1037,INV-5182,Qimma Waha Est. (fictional),7/28/2026,"12,807.12",Purchase Order #PO1037,Paid In Full
VB1038,INV-1790,Nakheel Najd Trading (fictional),7/10/2026,"4,214.28",Purchase Order #PO1038,Paid In Full
VB1039,INV-2171,Sarh Qimma Services (fictional),7/15/2026,"34,454.76",Purchase Order #PO1039,Paid In Full
VB1040,INV-5561,Taqa Rimal Solutions (fictional),8/27/2026,"11,446.17",Purchase Order #PO1040,Paid In Full
VB1041,INV-2549,Sahab Tamayuz Services (fictional),8/17/2026,"27,567.59",Purchase Order #PO1041,Paid In Full
VB1042,INV-4909,Bina Taqa Est. (fictional),7/14/2026,"27,721.20",Purchase Order #PO1042,Paid In Full
VB1043,INV-5591,Taqa Rimal Solutions (fictional),9/2/2026,"8,857.89",Purchase Order #PO1043,Paid In Full
VB1044,INV-4468,Jazeera Qimma Solutions (fictional),9/4/2026,"4,639.59",Purchase Order #PO1044,Paid In Full
VB1045,INV-4438,Waha Madar Est. (fictional),8/21/2026,"17,126.34",Purchase Order #PO1045,Paid In Full
VB1046,INV-2681,Noor Masar Contracting (fictional),7/27/2026,"21,731.70",Purchase Order #PO1046,Paid In Full
VB1047,INV-4765,Rimal Madar Contracting (fictional),10/11/2026,"15,363.20",Purchase Order #PO1047,Paid In Full
VB1048,INV-2480,Buruj Dana Services (fictional),9/26/2026,"4,409.89",Purchase Order #PO1048,Paid In Full
VB1049,INV-4488,Taqa Shams Trading (fictional),7/27/2026,"2,196.80",Purchase Order #PO1049,Paid In Full
VB1050,INV-4264,Najd Sahab Contracting (fictional),9/1/2026,"25,614.98",Purchase Order #PO1050,Paid In Full
VB1051,INV-5862,Rimal Madar Contracting (fictional),7/27/2026,"30,713.06",Purchase Order #PO1051,Paid In Full
VB1052,INV-4795,Rimal Madar Contracting (fictional),8/28/2026,"29,248.24",Purchase Order #PO1052,Paid In Full
VB1053,INV-3343,Rimal Sahab Supplies (fictional),9/23/2026,"34,814.40",Purchase Order #PO1053,Paid In Full
VB1054,INV-2876,Taqa Sahab Services (fictional),8/9/2026,"29,216.60",Purchase Order #PO1054,Paid In Full
VB1055,INV-3235,Dana Rimal Trading (fictional),10/5/2026,"3,857.63",Purchase Order #PO1055,Paid In Full
VB1056,INV-3387,Rimal Madar Contracting (fictional),8/17/2026,"23,175.36",Purchase Order #PO1056,Paid In Full
VB1057,INV-2180,Sarh Qimma Services (fictional),9/5/2026,"19,325.46",Purchase Order #PO1057,Paid In Full
VB1058,INV-5165,Jazeera Noor Supplies (fictional),8/31/2026,"17,878.12",Purchase Order #PO1058,Paid In Full
VB1059,INV-3993,Rawabi Masar Trading (fictional),9/6/2026,"15,873.86",Purchase Order #PO1059,Paid In Full
VB1060,INV-1524,Tamayuz Jazeera Trading (fictional),10/1/2026,"15,139.84",Purchase Order #PO1060,Paid In Full
VB1061,INV-2568,Sahab Tamayuz Services (fictional),8/20/2026,"29,559.30",Purchase Order #PO1061,Paid In Full
VB1062,INV-5372,Nakheel Qimma Supplies (fictional),9/17/2026,"3,692.80",Purchase Order #PO1062,Paid In Full
VB1063,INV-2016,Rimal Madar Contracting (fictional),9/29/2026,"19,440.27",Purchase Order #PO1063,Paid In Full
VB1064,INV-2114,Shams Bina Solutions (fictional),8/8/2026,"28,183.68",Purchase Order #PO1064,Paid In Full
VB1065,INV-3116,Noor Najd Trading (fictional),8/30/2026,"12,900.16",Purchase Order #PO1065,Paid In Full
VB1066,INV-4484,Waha Madar Est. (fictional),8/23/2026,"20,232.68",Purchase Order #PO1066,Paid In Full
VB1067,INV-1835,Nakheel Najd Trading (fictional),7/26/2026,"16,582.23",Purchase Order #PO1067,Paid In Full
VB1068,INV-2137,Shams Noor Trading (fictional),9/20/2026,"31,193.62",Purchase Order #PO1068,Paid In Full
VB1069,INV-4005,Rawabi Masar Trading (fictional),7/16/2026,"3,189.41",Purchase Order #PO1069,Paid In Full
VB1070,INV-5233,Qimma Waha Est. (fictional),9/20/2026,"7,162.38",Purchase Order #PO1070,Paid In Full
VB1071,INV-4498,Taqa Shams Trading (fictional),9/22/2026,"13,239.95",Purchase Order #PO1071,Paid In Full
VB1072,INV-2230,Sarh Qimma Services (fictional),9/26/2026,"13,165.71",Purchase Order #PO1072,Paid In Full
VB1073,INV-4804,Rimal Madar Contracting (fictional),9/29/2026,"10,853.80",Purchase Order #PO1073,Paid In Full
VB1074,INV-2598,Sahab Tamayuz Services (fictional),9/7/2026,"33,354.96",Purchase Order #PO1074,Paid In Full
VB1075,INV-2446,Madar Jazeera Trading (fictional),7/18/2026,"11,932.31",Purchase Order #PO1075,Paid In Full
VB1076,INV-1457,Bina Sarh Est. (fictional),10/3/2026,"4,933.83",Purchase Order #PO1076,Paid In Full
VB1077,INV-5520,Tamayuz Shams Solutions (fictional),7/18/2026,"36,475.40",Purchase Order #PO1077,Paid In Full
VB1078,INV-2651,Sahab Tamayuz Services (fictional),7/30/2026,"27,182.76",Purchase Order #PO1078,Paid In Full
VB1079,INV-5192,Jazeera Noor Supplies (fictional),9/4/2026,"17,452.00",Purchase Order #PO1079,Paid In Full
VB1080,INV-4515,Taqa Shams Trading (fictional),7/15/2026,"33,118.40",Purchase Order #PO1080,Paid In Full
VB1081,INV-4859,Rimal Madar Contracting (fictional),9/9/2026,"1,326.51",Purchase Order #PO1081,Paid In Full
VB1082,INV-1918,Tamayuz Bina Trading (fictional),7/27/2026,"30,803.74",Purchase Order #PO1082,Paid In Full
VB1083,INV-3081,Rimal Madar Contracting (fictional),10/2/2026,"23,080.32",Purchase Order #PO1083,Paid In Full
VB1084,INV-4931,Bina Taqa Est. (fictional),8/6/2026,"16,844.85",Purchase Order #PO1084,Paid In Full
VB1085,INV-4286,Najd Sahab Contracting (fictional),8/21/2026,"40,204.50",Purchase Order #PO1085,Paid In Full
VB1086,INV-5250,Jazeera Noor Supplies (fictional),9/28/2026,"11,597.40",Purchase Order #PO1086,Paid In Full
VB1087,INV-2484,Madar Jazeera Trading (fictional),8/16/2026,"36,357.36",Purchase Order #PO1087,Paid In Full
VB1088,INV-2698,Noor Masar Contracting (fictional),8/11/2026,"15,890.76",Purchase Order #PO1088,Paid In Full
VB1089,INV-3132,Rimal Madar Contracting (fictional),10/11/2026,"26,532.60",Purchase Order #PO1089,Paid In Full
VB1090,INV-5553,Tamayuz Shams Solutions (fictional),8/27/2026,"6,855.60",Purchase Order #PO1090,Paid In Full
VB1091,INV-3245,Dana Rimal Trading (fictional),8/16/2026,"21,664.02",Purchase Order #PO1091,Paid In Full
VB1092,INV-5628,Taqa Rimal Solutions (fictional),7/29/2026,"12,862.50",Purchase Order #PO1092,Paid In Full
VB1093,INV-2919,Taqa Sahab Services (fictional),8/30/2026,"12,222.56",Purchase Order #PO1093,Paid In Full
VB1094,INV-5897,Rimal Madar Contracting (fictional),9/5/2026,"16,735.60",Purchase Order #PO1094,Paid In Full
VB1095,INV-2511,Sarh Noor Services (fictional),7/25/2026,"21,174.50",Purchase Order #PO1095,Paid In Full
VB1096,INV-4064,Bina Afaq Contracting (fictional),9/12/2026,"5,309.24",Purchase Order #PO1096,Paid In Full
VB1097,INV-4093,Bina Afaq Contracting (fictional),9/3/2026,"28,429.20",Purchase Order #PO1097,Paid In Full
VB1098,INV-2555,Buruj Dana Trading (fictional),10/8/2026,"22,015.00",Purchase Order #PO1098,Paid In Full
VB1099,INV-4300,Najd Sahab Contracting (fictional),10/9/2026,"4,555.20",Purchase Order #PO1099,Paid In Full
VB1100,INV-2833,Masar Wadi Services (fictional),8/16/2026,"30,801.98",Purchase Order #PO1100,Paid In Full
VB1101,INV-1894,Nakheel Najd Trading (fictional),7/28/2026,"46,587.06",Purchase Order #PO1101,Paid In Full
VB1102,INV-1905,Nakheel Najd Trading (fictional),8/7/2026,"48,073.81",Purchase Order #PO1102,Paid In Full
VB1103,INV-1913,Nakheel Najd Trading (fictional),8/15/2026,"45,605.70",Purchase Order #PO1103,Paid In Full
VB1104,INV-4535,Waha Madar Est. (fictional),9/23/2026,"8,844.70",Purchase Order #PO1104,Paid In Full
VB1105,INV-4570,Waha Madar Est. (fictional),9/24/2026,"9,070.92",Purchase Order #PO1105,Paid In Full
VB1106,INV-4582,Waha Madar Est. (fictional),10/1/2026,"9,100.46",Purchase Order #PO1106,Paid In Full
VB1107,INV-4358A,Rimal Madar Contracting (fictional),9/1/2026,"5,735.04",Purchase Order #PO570,Paid In Full
VB1108,INV-5184,Rimal Madar Contracting (fictional),8/4/2026,"30,763.78",Purchase Order #PO277,Paid In Full
VB1109,INV-2688,Dana Rimal Trading (fictional),10/2/2026,"24,279.20",Purchase Order #PO595,Paid In Full
VB1110,INV-3502,Taqa Quick Est. (fictional),8/3/2026,"4,925.78",Purchase Order #PO1107,Paid In Full
VB1111,INV-3087,Dana Quick Contracting (fictional),8/17/2026,"33,172.44",Purchase Order #PO1108,Paid In Full
VB1112,INV-4961,Bina Taqa Est. (fictional),8/13/2026,"79,730.27",Purchase Order #PO1109,Paid In Full
VB1113,INV-4999,Bina Taqa Est. (fictional),10/3/2026,"5,834.18",Purchase Order #PO1110,Paid In Full
VB1114,INV-2755,Rimal Qimma Services (fictional),9/12/2026,"66,766.20",Purchase Order #PO1111,Paid In Full
VB1115,INV-4310,Najd Sahab Contracting (fictional),8/29/2026,"62,352.72",Purchase Order #PO1112,Paid In Full
VB1116,INV-2192,Shams Noor Trading (fictional),8/8/2026,"2,714.04",Purchase Order #PO1113,Paid In Full
VB1117,INV-5550,Dana Madar Est. (fictional),7/20/2026,"46,395.00",Purchase Order #PO1114,Paid In Full
VB1118,INV-3443,Dana Rawabi Est. (fictional),7/28/2026,"40,184.82",Purchase Order #PO1115,Paid In Full
VB1119,INV-5301,Jazeera Noor Supplies (fictional),9/16/2026,"6,228.75",Purchase Order #PO1116,Paid In Full
VB1120,INV-4918,Rimal Madar Contracting (fictional),9/15/2026,"38,819.25",Purchase Order #PO1117,Paid In Full
VB1121,INV-4133,Bina Afaq Contracting (fictional),8/24/2026,"37,347.65",Purchase Order #PO1118,Paid In Full
VB1122,INV-3396,Rimal Sahab Supplies (fictional),7/25/2026,"5,020.88",Purchase Order #PO1119,Paid In Full
VB1123,INV-114,Najd Madar Supplies (fictional),7/12/2026,"25,000.00",Purchase Order #PO1120,Paid In Full
VB1124,INV-115,Najd Madar Supplies (fictional),7/18/2026,"20,000.00",Purchase Order #PO1121,Paid In Full
VB1125,INV-116,Najd Madar Supplies (fictional),9/20/2026,"15,000.00",Purchase Order #PO1122,Paid In Full
VB1126,INV-117,Najd Madar Supplies (fictional),10/12/2026,"30,000.00",Purchase Order #PO1123,Paid In Full
VB1127,INV-118,Najd Madar Supplies (fictional),9/3/2026,"30,000.00",Purchase Order #PO1124,Paid In Full
VB99999,CXL-1,Bina Taqa Est. (fictional),7/21/2026,"4,307.95",Purchase Order #PO1,Cancelled
