ID,Supplier,Supplier Invoice No,Supplier Invoice Date,Grand Total,Status,Purchase Order (Purchase Invoice Item)
ACC-PINV-2026-00001,Bina Taqa Est. (fictional),INV-4395,2026-07-21,4307.95,Paid,PUR-ORD-2026-00001
,,,,,,PUR-ORD-2026-00001
ACC-PINV-2026-00002,Rimal Madar Contracting (fictional),INV-5017,2026-07-16,27039.1,Paid,PUR-ORD-2026-00002
ACC-PINV-2026-00003,Waha Taqa Services (fictional),INV-4844,2026-08-09,32127.76,Paid,PUR-ORD-2026-00003
ACC-PINV-2026-00004,Noor Najd Trading (fictional),INV-2223,2026-09-17,5643.7,Paid,PUR-ORD-2026-00004
ACC-PINV-2026-00005,Jazeera Qimma Solutions (fictional),INV-3768,2026-07-15,34742.4,Paid,PUR-ORD-2026-00005
ACC-PINV-2026-00006,Rimal Madar Contracting (fictional),INV-5057,2026-08-22,6280.04,Paid,PUR-ORD-2026-00006
ACC-PINV-2026-00007,Jazeera Noor Supplies (fictional),INV-4606,2026-10-01,23443.68,Paid,PUR-ORD-2026-00007
ACC-PINV-2026-00008,Noor Najd Trading (fictional),INV-2276,2026-07-14,17073.36,Paid,PUR-ORD-2026-00008
ACC-PINV-2026-00009,Taqa Shams Trading (fictional),INV-4001,2026-10-18,29448.0,Paid,PUR-ORD-2026-00009
ACC-PINV-2026-00010,Jazeera Noor Supplies (fictional),INV-4629,2026-08-08,15391.08,Paid,PUR-ORD-2026-00010
ACC-PINV-2026-00011,Sarh Noor Services (fictional),INV-1759,2026-07-31,11969.55,Paid,PUR-ORD-2026-00011
ACC-PINV-2026-00012,Najd Najd Contracting (fictional),INV-2951,2026-08-31,28252.38,Paid,PUR-ORD-2026-00012
ACC-PINV-2026-00013,Rimal Madar Contracting (fictional),INV-4812,2026-09-29,13609.56,Paid,PUR-ORD-2026-00013
ACC-PINV-2026-00014,Buruj Dana Services (fictional),INV-1893,2026-09-02,20234.55,Paid,PUR-ORD-2026-00014
ACC-PINV-2026-00015,Qimma Waha Est. (fictional),INV-4220,2026-10-05,9233.0,Paid,PUR-ORD-2026-00015
ACC-PINV-2026-00016,Rimal Madar Contracting (fictional),INV-5023,2026-08-14,20158.16,Paid,PUR-ORD-2026-00016
ACC-PINV-2026-00017,Dana Rimal Trading (fictional),INV-2131,2026-09-17,36822.34,Paid,PUR-ORD-2026-00017
ACC-PINV-2026-00018,Rimal Madar Contracting (fictional),INV-5037,2026-09-04,32038.08,Paid,PUR-ORD-2026-00018
ACC-PINV-2026-00019,Taqa Sahab Services (fictional),INV-2211,2026-08-09,22545.76,Paid,PUR-ORD-2026-00019
ACC-PINV-2026-00020,Shams Bina Solutions (fictional),INV-1588,2026-09-25,14696.4,Paid,PUR-ORD-2026-00020
ACC-PINV-2026-00021,Wadi Dana Solutions (fictional),INV-4416,2026-09-25,26988.28,Paid,PUR-ORD-2026-00021
ACC-PINV-2026-00022,Buruj Waha Supplies (fictional),INV-2992,2026-08-17,16348.75,Paid,PUR-ORD-2026-00022
ACC-PINV-2026-00023,Bina Sarh Est. (fictional),INV-1107,2026-09-20,16611.48,Paid,PUR-ORD-2026-00023
ACC-PINV-2026-00024,Noor Najd Trading (fictional),INV-2307,2026-08-03,27716.64,Paid,PUR-ORD-2026-00024
ACC-PINV-2026-00025,Rawabi Masar Trading (fictional),INV-3236,2026-08-03,18367.26,Paid,PUR-ORD-2026-00025
ACC-PINV-2026-00026,Noor Masar Contracting (fictional),INV-1922,2026-10-19,4920.43,Paid,PUR-ORD-2026-00026
ACC-PINV-2026-00027,Jazeera Noor Supplies (fictional),INV-4675,2026-08-29,30033.15,Paid,PUR-ORD-2026-00027
ACC-PINV-2026-00028,Najd Najd Contracting (fictional),INV-2989,2026-08-09,16452.15,Paid,PUR-ORD-2026-00028
ACC-PINV-2026-00029,Dana Rimal Trading (fictional),INV-2172,2026-08-19,3539.01,Paid,PUR-ORD-2026-00029
ACC-PINV-2026-00030,Sahab Tamayuz Services (fictional),INV-1873,2026-10-20,27650.95,Paid,PUR-ORD-2026-00030
ACC-PINV-2026-00031,Bina Taqa Est. (fictional),INV-4448,2026-07-17,6948.87,Paid,PUR-ORD-2026-00031
ACC-PINV-2026-00032,Rimal Madar Contracting (fictional),INV-2421,2026-09-15,34614.88,Paid,PUR-ORD-2026-00032
ACC-PINV-2026-00033,Madar Jazeera Trading (fictional),INV-1795,2026-08-17,30276.09,Paid,PUR-ORD-2026-00033
ACC-PINV-2026-00034,Jazeera Noor Supplies (fictional),INV-4699,2026-08-06,21838.88,Paid,PUR-ORD-2026-00034
ACC-PINV-2026-00035,Rawabi Masar Trading (fictional),INV-3261,2026-09-01,38909.0,Paid,PUR-ORD-2026-00035
ACC-PINV-2026-00036,Wadi Dana Solutions (fictional),INV-4443,2026-07-25,7040.07,Paid,PUR-ORD-2026-00036
ACC-PINV-2026-00037,Tamayuz Jazeera Trading (fictional),INV-1116,2026-09-07,22617.7,Paid,PUR-ORD-2026-00037
ACC-PINV-2026-00038,Bina Afaq Contracting (fictional),INV-3452,2026-09-18,4852.82,Paid,PUR-ORD-2026-00038
ACC-PINV-2026-00039,Rimal Madar Contracting (fictional),INV-3051,2026-07-22,19614.84,Paid,PUR-ORD-2026-00039
ACC-PINV-2026-00040,Taqa Rimal Solutions (fictional),INV-4883,2026-09-17,22924.4,Paid,PUR-ORD-2026-00040
ACC-PINV-2026-00041,Buruj Dana Trading (fictional),INV-1799,2026-08-01,22746.4,Paid,PUR-ORD-2026-00041
ACC-PINV-2026-00042,Najd Najd Contracting (fictional),INV-3024,2026-09-08,38630.34,Paid,PUR-ORD-2026-00042
ACC-PINV-2026-00043,Waha Madar Est. (fictional),INV-3611,2026-08-21,11847.52,Paid,PUR-ORD-2026-00043
ACC-PINV-2026-00044,Rimal Sahab Supplies (fictional),INV-2628,2026-09-05,31887.58,Paid,PUR-ORD-2026-00044
ACC-PINV-2026-00045,Bina Afaq Contracting (fictional),INV-3459,2026-08-01,19020.45,Paid,PUR-ORD-2026-00045
ACC-PINV-2026-00046,Taqa Shams Trading (fictional),INV-4009,2026-07-31,14289.1,Paid,PUR-ORD-2026-00046
ACC-PINV-2026-00047,Rimal Sahab Supplies (fictional),INV-2665,2026-10-07,12760.02,Paid,PUR-ORD-2026-00047
ACC-PINV-2026-00048,Noor Najd Trading (fictional),INV-2321,2026-09-15,37311.34,Paid,PUR-ORD-2026-00048
ACC-PINV-2026-00049,Taqa Noor Solutions (fictional),INV-2623,2026-08-27,6554.59,Paid,PUR-ORD-2026-00049
ACC-PINV-2026-00050,Bina Rawabi Est. (fictional),INV-1328,2026-09-12,9342.64,Paid,PUR-ORD-2026-00050
ACC-PINV-2026-00051,Madar Jazeera Trading (fictional),INV-1803,2026-09-12,9046.08,Paid,PUR-ORD-2026-00051
ACC-PINV-2026-00052,Sarh Qimma Services (fictional),INV-1583,2026-09-14,28782.6,Paid,PUR-ORD-2026-00052
ACC-PINV-2026-00053,Noor Najd Trading (fictional),INV-2379,2026-08-22,1897.07,Paid,PUR-ORD-2026-00053
ACC-PINV-2026-00054,Bina Afaq Contracting (fictional),INV-3475,2026-07-16,37263.52,Paid,PUR-ORD-2026-00054
ACC-PINV-2026-00055,Noor Najd Trading (fictional),INV-2408,2026-09-16,16659.86,Paid,PUR-ORD-2026-00055
ACC-PINV-2026-00056,Qimma Waha Est. (fictional),INV-4248,2026-09-04,3167.08,Paid,PUR-ORD-2026-00056
ACC-PINV-2026-00057,Buruj Noor Solutions (fictional),INV-4978,2026-09-09,26146.98,Paid,PUR-ORD-2026-00057
ACC-PINV-2026-00058,Wadi Dana Solutions (fictional),INV-4481,2026-10-13,8222.06,Paid,PUR-ORD-2026-00058
ACC-PINV-2026-00059,Taqa Sahab Services (fictional),INV-2228,2026-09-22,23677.84,Paid,PUR-ORD-2026-00059
ACC-PINV-2026-00060,Bina Taqa Est. (fictional),INV-4457,2026-08-16,27461.55,Paid,PUR-ORD-2026-00060
ACC-PINV-2026-00061,Dana Rimal Trading (fictional),INV-2218,2026-09-15,17772.24,Paid,PUR-ORD-2026-00061
ACC-PINV-2026-00062,Rimal Madar Contracting (fictional),INV-5076,2026-07-18,34553.76,Paid,PUR-ORD-2026-00062
ACC-PINV-2026-00063,Qimma Waha Est. (fictional),INV-4277,2026-08-15,13374.06,Paid,PUR-ORD-2026-00063
ACC-PINV-2026-00064,Buruj Noor Solutions (fictional),INV-4987,2026-09-04,26455.17,Paid,PUR-ORD-2026-00064
ACC-PINV-2026-00065,Wadi Dana Solutions (fictional),INV-4505,2026-08-11,4928.17,Paid,PUR-ORD-2026-00065
ACC-PINV-2026-00066,Nakheel Qimma Supplies (fictional),INV-4459,2026-09-22,32749.86,Paid,PUR-ORD-2026-00066
ACC-PINV-2026-00067,Rimal Madar Contracting (fictional),INV-5132,2026-08-15,10665.6,Paid,PUR-ORD-2026-00067
ACC-PINV-2026-00068,Rimal Madar Contracting (fictional),INV-2439,2026-08-25,6992.85,Paid,PUR-ORD-2026-00068
ACC-PINV-2026-00069,Dana Madar Est. (fictional),INV-4798,2026-09-06,16764.0,Paid,PUR-ORD-2026-00069
ACC-PINV-2026-00070,Dana Madar Est. (fictional),INV-4833,2026-08-23,23300.25,Paid,PUR-ORD-2026-00070
ACC-PINV-2026-00071,Shams Noor Trading (fictional),INV-1523,2026-10-18,33702.82,Paid,PUR-ORD-2026-00071
ACC-PINV-2026-00072,Rimal Madar Contracting (fictional),INV-4124,2026-08-05,35030.94,Paid,PUR-ORD-2026-00072
ACC-PINV-2026-00073,Buruj Dana Trading (fictional),INV-1809,2026-08-02,3673.22,Paid,PUR-ORD-2026-00073
ACC-PINV-2026-00074,Jazeera Qimma Solutions (fictional),INV-3825,2026-08-17,22629.48,Paid,PUR-ORD-2026-00074
ACC-PINV-2026-00075,Noor Masar Contracting (fictional),INV-1976,2026-07-30,30775.0,Paid,PUR-ORD-2026-00075
ACC-PINV-2026-00076,Rimal Madar Contracting (fictional),INV-2455,2026-08-24,24779.02,Paid,PUR-ORD-2026-00076
ACC-PINV-2026-00077,Qimma Waha Est. (fictional),INV-4304,2026-07-22,3651.55,Paid,PUR-ORD-2026-00077
ACC-PINV-2026-00078,Nakheel Sarh Solutions (fictional),INV-4973,2026-07-22,12932.1,Paid,PUR-ORD-2026-00078
ACC-PINV-2026-00079,Rimal Madar Contracting (fictional),INV-3606,2026-09-29,37233.65,Paid,PUR-ORD-2026-00079
ACC-PINV-2026-00080,Sarh Qimma Services (fictional),INV-1627,2026-08-17,21420.04,Paid,PUR-ORD-2026-00080
ACC-PINV-2026-00081,Taqa Sahab Services (fictional),INV-2269,2026-07-19,23912.44,Paid,PUR-ORD-2026-00081
ACC-PINV-2026-00082,Nakheel Sarh Solutions (fictional),INV-5013,2026-07-17,24518.94,Paid,PUR-ORD-2026-00082
ACC-PINV-2026-00083,Sarh Rimal Trading (fictional),INV-1598,2026-07-20,10363.44,Paid,PUR-ORD-2026-00083
ACC-PINV-2026-00084,Buruj Noor Solutions (fictional),INV-5012,2026-08-09,17197.32,Paid,PUR-ORD-2026-00084
ACC-PINV-2026-00085,Sahab Sarh Est. (fictional),INV-4995,2026-08-27,22115.52,Paid,PUR-ORD-2026-00085
ACC-PINV-2026-00086,Rimal Madar Contracting (fictional),INV-2462,2026-07-23,4742.13,Paid,PUR-ORD-2026-00086
ACC-PINV-2026-00087,Rimal Madar Contracting (fictional),INV-2497,2026-09-27,30226.0,Paid,PUR-ORD-2026-00087
ACC-PINV-2026-00088,Najd Najd Contracting (fictional),INV-3040,2026-08-14,18157.12,Paid,PUR-ORD-2026-00088
ACC-PINV-2026-00089,Rimal Qimma Services (fictional),INV-2149,2026-07-19,4687.07,Paid,PUR-ORD-2026-00089
ACC-PINV-2026-00090,Dana Rimal Trading (fictional),INV-2250,2026-08-28,4696.55,Paid,PUR-ORD-2026-00090
ACC-PINV-2026-00091,Rimal Madar Contracting (fictional),INV-3775,2026-09-30,31603.38,Paid,PUR-ORD-2026-00091
ACC-PINV-2026-00092,Wadi Dana Solutions (fictional),INV-4520,2026-07-25,15404.55,Paid,PUR-ORD-2026-00092
ACC-PINV-2026-00093,Qimma Waha Est. (fictional),INV-4314,2026-10-12,30350.46,Paid,PUR-ORD-2026-00093
ACC-PINV-2026-00094,Buruj Noor Solutions (fictional),INV-5021,2026-08-24,35179.97,Paid,PUR-ORD-2026-00094
ACC-PINV-2026-00095,Nakheel Qimma Supplies (fictional),INV-4479,2026-08-10,37468.2,Paid,PUR-ORD-2026-00095
ACC-PINV-2026-00096,Jazeera Noor Supplies (fictional),INV-4727,2026-10-09,15784.92,Paid,PUR-ORD-2026-00096
ACC-PINV-2026-00097,Sahab Sarh Est. (fictional),INV-5026,2026-10-07,33375.84,Paid,PUR-ORD-2026-00097
ACC-PINV-2026-00098,Buruj Dana Trading (fictional),INV-1829,2026-08-06,13322.32,Paid,PUR-ORD-2026-00098
ACC-PINV-2026-00099,Nakheel Najd Trading (fictional),INV-1054,2026-10-06,29909.04,Paid,PUR-ORD-2026-00099
ACC-PINV-2026-00100,Rimal Madar Contracting (fictional),INV-4143,2026-09-11,35942.68,Paid,PUR-ORD-2026-00100
ACC-PINV-2026-00101,Sarh Noor Services (fictional),INV-1774,2026-09-19,6109.81,Paid,PUR-ORD-2026-00101
,,,,,,PUR-ORD-2026-00101
ACC-PINV-2026-00102,Rimal Madar Contracting (fictional),INV-5108,2026-08-31,32136.0,Paid,PUR-ORD-2026-00102
ACC-PINV-2026-00103,Buruj Noor Solutions (fictional),INV-5048,2026-10-04,33710.64,Paid,PUR-ORD-2026-00103
ACC-PINV-2026-00104,Dana Madar Est. (fictional),INV-4873,2026-08-22,2973.96,Paid,PUR-ORD-2026-00104
ACC-PINV-2026-00105,Tamayuz Shams Solutions (fictional),INV-4835,2026-09-25,32078.31,Paid,PUR-ORD-2026-00105
ACC-PINV-2026-00106,Bina Rawabi Est. (fictional),INV-1335,2026-08-02,24386.65,Paid,PUR-ORD-2026-00106
ACC-PINV-2026-00107,Rimal Madar Contracting (fictional),INV-4176,2026-07-30,33833.63,Paid,PUR-ORD-2026-00107
ACC-PINV-2026-00108,Sahab Sarh Est. (fictional),INV-5082,2026-10-13,35017.94,Paid,PUR-ORD-2026-00108
ACC-PINV-2026-00109,Bina Taqa Est. (fictional),INV-4481,2026-08-29,36557.64,Paid,PUR-ORD-2026-00109
ACC-PINV-2026-00110,Dana Madar Est. (fictional),INV-4916,2026-09-18,24397.2,Paid,PUR-ORD-2026-00110
ACC-PINV-2026-00111,Taqa Rimal Solutions (fictional),INV-4913,2026-10-01,12739.02,Paid,PUR-ORD-2026-00111
ACC-PINV-2026-00112,Buruj Dana Trading (fictional),INV-1870,2026-09-03,21021.5,Paid,PUR-ORD-2026-00112
ACC-PINV-2026-00113,Nakheel Najd Trading (fictional),INV-1085,2026-10-10,5912.55,Paid,PUR-ORD-2026-00113
ACC-PINV-2026-00114,Rimal Madar Contracting (fictional),INV-1353,2026-09-25,27322.24,Paid,PUR-ORD-2026-00114
ACC-PINV-2026-00115,Najd Madar Supplies (fictional),INV-1212,2026-07-13,5638.6,Paid,PUR-ORD-2026-00115
ACC-PINV-2026-00116,Rawabi Masar Trading (fictional),INV-3303,2026-09-27,34804.35,Paid,PUR-ORD-2026-00116
ACC-PINV-2026-00117,Shams Madar Contracting (fictional),INV-4883,2026-08-09,18704.64,Paid,PUR-ORD-2026-00117
ACC-PINV-2026-00118,Madar Jazeera Trading (fictional),INV-1830,2026-08-08,18155.8,Paid,PUR-ORD-2026-00118
ACC-PINV-2026-00119,Noor Masar Contracting (fictional),INV-2004,2026-07-27,8688.74,Paid,PUR-ORD-2026-00119
ACC-PINV-2026-00120,Sahab Najd Solutions (fictional),INV-4994,2026-08-11,1228.32,Paid,PUR-ORD-2026-00120
ACC-PINV-2026-00121,Dana Madar Est. (fictional),INV-4966,2026-08-30,5757.19,Paid,PUR-ORD-2026-00121
ACC-PINV-2026-00122,Rimal Qimma Services (fictional),INV-2201,2026-08-09,15344.4,Paid,PUR-ORD-2026-00122
ACC-PINV-2026-00123,Shams Noor Trading (fictional),INV-1532,2026-09-09,4586.22,Paid,PUR-ORD-2026-00123
ACC-PINV-2026-00124,Rimal Sahab Supplies (fictional),INV-2694,2026-09-19,25257.68,Paid,PUR-ORD-2026-00124
ACC-PINV-2026-00125,Dana Rimal Trading (fictional),INV-2308,2026-08-26,33539.7,Paid,PUR-ORD-2026-00125
ACC-PINV-2026-00126,Nakheel Sarh Solutions (fictional),INV-5035,2026-08-19,3653.95,Paid,PUR-ORD-2026-00126
ACC-PINV-2026-00127,Dana Rimal Trading (fictional),INV-2347,2026-08-25,24920.28,Paid,PUR-ORD-2026-00127
ACC-PINV-2026-00128,Shams Noor Trading (fictional),INV-1590,2026-08-21,25978.05,Paid,PUR-ORD-2026-00128
ACC-PINV-2026-00129,Sarh Noor Services (fictional),INV-1783,2026-09-13,2672.76,Paid,PUR-ORD-2026-00129
ACC-PINV-2026-00130,Buruj Dana Trading (fictional),INV-1919,2026-09-24,8273.7,Paid,PUR-ORD-2026-00130
ACC-PINV-2026-00131,Jazeera Qimma Solutions (fictional),INV-3873,2026-09-07,28729.96,Paid,PUR-ORD-2026-00131
ACC-PINV-2026-00132,Rimal Madar Contracting (fictional),INV-5144,2026-07-16,27522.04,Paid,PUR-ORD-2026-00132
ACC-PINV-2026-00133,Sarh Qimma Services (fictional),INV-1641,2026-09-09,39954.18,Paid,PUR-ORD-2026-00133
ACC-PINV-2026-00134,Qimma Waha Est. (fictional),INV-4337,2026-07-20,22031.08,Paid,PUR-ORD-2026-00134
ACC-PINV-2026-00135,Rimal Madar Contracting (fictional),INV-1400,2026-08-29,5087.79,Paid,PUR-ORD-2026-00135
ACC-PINV-2026-00136,Wadi Dana Solutions (fictional),INV-4528,2026-08-05,24378.9,Paid,PUR-ORD-2026-00136
ACC-PINV-2026-00137,Rawabi Masar Trading (fictional),INV-3315,2026-10-11,15912.06,Paid,PUR-ORD-2026-00137
ACC-PINV-2026-00138,Jazeera Qimma Solutions (fictional),INV-3885,2026-09-18,19263.08,Paid,PUR-ORD-2026-00138
ACC-PINV-2026-00139,Nakheel Qimma Supplies (fictional),INV-4496,2026-08-13,33410.52,Paid,PUR-ORD-2026-00139
ACC-PINV-2026-00140,Tamayuz Shams Solutions (fictional),INV-4891,2026-08-09,3703.84,Paid,PUR-ORD-2026-00140
ACC-PINV-2026-00141,Waha Madar Est. (fictional),INV-3664,2026-08-31,24661.62,Paid,PUR-ORD-2026-00141
ACC-PINV-2026-00142,Bina Taqa Est. (fictional),INV-4535,2026-08-17,35291.55,Paid,PUR-ORD-2026-00142
ACC-PINV-2026-00143,Nakheel Sarh Solutions (fictional),INV-5059,2026-07-29,9768.15,Paid,PUR-ORD-2026-00143
ACC-PINV-2026-00144,Buruj Dana Services (fictional),INV-1945,2026-08-14,28430.88,Paid,PUR-ORD-2026-00144
ACC-PINV-2026-00145,Sarh Noor Services (fictional),INV-1793,2026-08-02,28305.42,Paid,PUR-ORD-2026-00145
ACC-PINV-2026-00146,Rimal Madar Contracting (fictional),INV-1423,2026-08-08,19565.86,Paid,PUR-ORD-2026-00146
ACC-PINV-2026-00147,Masar Wadi Services (fictional),INV-2424,2026-07-09,9474.45,Paid,PUR-ORD-2026-00147
ACC-PINV-2026-00148,Buruj Waha Supplies (fictional),INV-3014,2026-09-17,3160.08,Paid,PUR-ORD-2026-00148
ACC-PINV-2026-00149,Najd Sahab Contracting (fictional),INV-3946,2026-08-21,22003.92,Paid,PUR-ORD-2026-00149
ACC-PINV-2026-00150,Bina Rawabi Est. (fictional),INV-1386,2026-09-07,13677.36,Paid,PUR-ORD-2026-00150
ACC-PINV-2026-00151,Shams Noor Trading (fictional),INV-1623,2026-07-17,22709.06,Paid,PUR-ORD-2026-00151
ACC-PINV-2026-00152,Tamayuz Shams Solutions (fictional),INV-4904,2026-10-05,18799.13,Paid,PUR-ORD-2026-00152
ACC-PINV-2026-00153,Rimal Madar Contracting (fictional),INV-2509,2026-08-01,23379.2,Paid,PUR-ORD-2026-00153
ACC-PINV-2026-00154,Noor Masar Contracting (fictional),INV-2045,2026-08-16,4306.15,Paid,PUR-ORD-2026-00154
ACC-PINV-2026-00155,Bina Sarh Est. (fictional),INV-1151,2026-08-09,37355.68,Paid,PUR-ORD-2026-00155
ACC-PINV-2026-00156,Wadi Dana Solutions (fictional),INV-4587,2026-08-25,10899.7,Paid,PUR-ORD-2026-00156
ACC-PINV-2026-00157,Taqa Rimal Solutions (fictional),INV-4935,2026-07-19,1584.74,Paid,PUR-ORD-2026-00157
ACC-PINV-2026-00158,Tamayuz Jazeera Trading (fictional),INV-1135,2026-09-14,3803.13,Paid,PUR-ORD-2026-00158
ACC-PINV-2026-00159,Rimal Madar Contracting (fictional),INV-4233,2026-10-10,31806.0,Paid,PUR-ORD-2026-00159
ACC-PINV-2026-00160,Tamayuz Bina Trading (fictional),INV-1555,2026-08-26,4511.68,Paid,PUR-ORD-2026-00160
ACC-PINV-2026-00161,Taqa Rimal Solutions (fictional),INV-4991,2026-08-23,5536.32,Paid,PUR-ORD-2026-00161
ACC-PINV-2026-00162,Noor Masar Contracting (fictional),INV-2101,2026-09-19,12318.0,Paid,PUR-ORD-2026-00162
ACC-PINV-2026-00163,Taqa Shams Trading (fictional),INV-4032,2026-09-04,20749.5,Paid,PUR-ORD-2026-00163
ACC-PINV-2026-00164,Dana Rimal Trading (fictional),INV-2361,2026-08-09,4381.23,Paid,PUR-ORD-2026-00164
ACC-PINV-2026-00165,Rimal Madar Contracting (fictional),INV-1434,2026-09-19,31640.55,Paid,PUR-ORD-2026-00165
ACC-PINV-2026-00166,Bina Taqa Est. (fictional),INV-4590,2026-09-05,35955.92,Paid,PUR-ORD-2026-00166
ACC-PINV-2026-00167,Rimal Madar Contracting (fictional),INV-5204,2026-09-19,32927.4,Paid,PUR-ORD-2026-00167
ACC-PINV-2026-00168,Rimal Madar Contracting (fictional),INV-2550,2026-08-07,31920.64,Paid,PUR-ORD-2026-00168
ACC-PINV-2026-00169,Tamayuz Bina Trading (fictional),INV-1593,2026-08-16,28553.76,Paid,PUR-ORD-2026-00169
ACC-PINV-2026-00170,Buruj Waha Supplies (fictional),INV-3042,2026-07-27,37560.6,Paid,PUR-ORD-2026-00170
ACC-PINV-2026-00171,Rimal Madar Contracting (fictional),INV-5231,2026-08-01,21907.8,Paid,PUR-ORD-2026-00171
ACC-PINV-2026-00172,Rimal Madar Contracting (fictional),INV-5280,2026-09-14,36516.8,Paid,PUR-ORD-2026-00172
ACC-PINV-2026-00173,Tamayuz Shams Solutions (fictional),INV-4946,2026-08-08,20339.0,Paid,PUR-ORD-2026-00173
ACC-PINV-2026-00174,Wadi Dana Solutions (fictional),INV-4598,2026-08-26,20363.4,Paid,PUR-ORD-2026-00174
ACC-PINV-2026-00175,Waha Madar Est. (fictional),INV-3702,2026-09-25,22577.94,Paid,PUR-ORD-2026-00175
ACC-PINV-2026-00176,Taqa Shams Trading (fictional),INV-4055,2026-10-13,18102.63,Paid,PUR-ORD-2026-00176
ACC-PINV-2026-00177,Najd Sahab Contracting (fictional),INV-3966,2026-08-20,37629.54,Paid,PUR-ORD-2026-00177
ACC-PINV-2026-00178,Waha Taqa Services (fictional),INV-4863,2026-09-01,30940.84,Paid,PUR-ORD-2026-00178
ACC-PINV-2026-00179,Sahab Najd Solutions (fictional),INV-5025,2026-08-13,32096.7,Paid,PUR-ORD-2026-00179
ACC-PINV-2026-00180,Taqa Sahab Services (fictional),INV-2291,2026-08-27,24283.46,Paid,PUR-ORD-2026-00180
ACC-PINV-2026-00181,Bina Afaq Contracting (fictional),INV-3525,2026-09-30,6677.7,Paid,PUR-ORD-2026-00181
ACC-PINV-2026-00182,Tamayuz Jazeera Trading (fictional),INV-1147,2026-08-15,19864.7,Paid,PUR-ORD-2026-00182
ACC-PINV-2026-00183,Rimal Madar Contracting (fictional),INV-5116,2026-09-10,9097.02,Paid,PUR-ORD-2026-00183
ACC-PINV-2026-00184,Rimal Madar Contracting (fictional),INV-5299,2026-08-01,27078.7,Paid,PUR-ORD-2026-00184
ACC-PINV-2026-00185,Noor Najd Trading (fictional),INV-2423,2026-07-19,3373.56,Paid,PUR-ORD-2026-00185
ACC-PINV-2026-00186,Nakheel Sarh Solutions (fictional),INV-5079,2026-07-22,18159.24,Paid,PUR-ORD-2026-00186
ACC-PINV-2026-00187,Bina Afaq Contracting (fictional),INV-3580,2026-08-11,21159.9,Paid,PUR-ORD-2026-00187
ACC-PINV-2026-00188,Tamayuz Jazeera Trading (fictional),INV-1200,2026-09-05,39766.4,Paid,PUR-ORD-2026-00188
ACC-PINV-2026-00189,Rimal Madar Contracting (fictional),INV-3095,2026-08-16,30509.5,Paid,PUR-ORD-2026-00189
ACC-PINV-2026-00190,Najd Madar Supplies (fictional),INV-1232,2026-09-27,12740.7,Paid,PUR-ORD-2026-00190
ACC-PINV-2026-00191,Rimal Madar Contracting (fictional),INV-5155,2026-08-28,25947.68,Paid,PUR-ORD-2026-00191
ACC-PINV-2026-00192,Buruj Waha Supplies (fictional),INV-3049,2026-08-28,12340.08,Paid,PUR-ORD-2026-00192
ACC-PINV-2026-00193,Najd Najd Contracting (fictional),INV-3084,2026-08-12,22539.96,Paid,PUR-ORD-2026-00193
ACC-PINV-2026-00194,Nakheel Qimma Supplies (fictional),INV-4549,2026-09-25,29333.15,Paid,PUR-ORD-2026-00194
ACC-PINV-2026-00195,Rimal Sahab Supplies (fictional),INV-2723,2026-07-17,27160.65,Paid,PUR-ORD-2026-00195
ACC-PINV-2026-00196,Tamayuz Jazeera Trading (fictional),INV-1236,2026-10-07,33152.56,Paid,PUR-ORD-2026-00196
ACC-PINV-2026-00197,Nakheel Najd Trading (fictional),INV-1136,2026-09-01,23531.7,Paid,PUR-ORD-2026-00197
ACC-PINV-2026-00198,Dana Madar Est. (fictional),INV-4983,2026-10-01,27452.48,Paid,PUR-ORD-2026-00198
ACC-PINV-2026-00199,Rimal Madar Contracting (fictional),INV-5330,2026-08-17,8563.8,Paid,PUR-ORD-2026-00199
ACC-PINV-2026-00200,Nakheel Najd Trading (fictional),INV-1147,2026-08-16,25996.76,Paid,PUR-ORD-2026-00200
ACC-PINV-2026-00201,Rimal Qimma Services (fictional),INV-2217,2026-09-13,29093.79,Paid,PUR-ORD-2026-00201
,,,,,,PUR-ORD-2026-00201
ACC-PINV-2026-00202,Rimal Madar Contracting (fictional),INV-1474,2026-07-25,33564.0,Paid,PUR-ORD-2026-00202
ACC-PINV-2026-00203,Taqa Sahab Services (fictional),INV-2312,2026-08-07,5959.16,Paid,PUR-ORD-2026-00203
ACC-PINV-2026-00204,Taqa Sahab Services (fictional),INV-2350,2026-08-19,27111.48,Paid,PUR-ORD-2026-00204
ACC-PINV-2026-00205,Nakheel Qimma Supplies (fictional),INV-4600,2026-09-01,24908.4,Paid,PUR-ORD-2026-00205
ACC-PINV-2026-00206,Jazeera Qimma Solutions (fictional),INV-3923,2026-10-17,14200.35,Paid,PUR-ORD-2026-00206
ACC-PINV-2026-00207,Sarh Rimal Trading (fictional),INV-1633,2026-07-17,36045.0,Paid,PUR-ORD-2026-00207
ACC-PINV-2026-00208,Najd Madar Supplies (fictional),INV-1251,2026-10-03,11768.64,Paid,PUR-ORD-2026-00208
ACC-PINV-2026-00209,Madar Jazeera Trading (fictional),INV-1848,2026-09-15,29274.66,Paid,PUR-ORD-2026-00209
ACC-PINV-2026-00210,Rimal Sahab Supplies (fictional),INV-2759,2026-08-17,4614.75,Paid,PUR-ORD-2026-00210
ACC-PINV-2026-00211,Sahab Sarh Est. (fictional),INV-5135,2026-10-15,15623.99,Paid,PUR-ORD-2026-00211
ACC-PINV-2026-00212,Waha Taqa Services (fictional),INV-4878,2026-08-30,9697.14,Paid,PUR-ORD-2026-00212
ACC-PINV-2026-00213,Waha Madar Est. (fictional),INV-3754,2026-08-30,31723.8,Paid,PUR-ORD-2026-00213
ACC-PINV-2026-00214,Najd Madar Supplies (fictional),INV-1263,2026-08-28,35185.54,Paid,PUR-ORD-2026-00214
ACC-PINV-2026-00215,Tamayuz Jazeera Trading (fictional),INV-1276,2026-08-19,37360.32,Paid,PUR-ORD-2026-00215
ACC-PINV-2026-00216,Jazeera Noor Supplies (fictional),INV-4759,2026-09-23,19066.3,Paid,PUR-ORD-2026-00216
ACC-PINV-2026-00217,Rimal Madar Contracting (fictional),INV-3636,2026-07-23,2063.35,Paid,PUR-ORD-2026-00217
ACC-PINV-2026-00218,Shams Noor Trading (fictional),INV-1641,2026-07-30,5920.42,Paid,PUR-ORD-2026-00218
ACC-PINV-2026-00219,Qimma Waha Est. (fictional),INV-4374,2026-08-06,37483.3,Paid,PUR-ORD-2026-00219
ACC-PINV-2026-00220,Buruj Noor Solutions (fictional),INV-5083,2026-09-17,19667.75,Paid,PUR-ORD-2026-00220
ACC-PINV-2026-00221,Nakheel Qimma Supplies (fictional),INV-4660,2026-09-30,9288.4,Paid,PUR-ORD-2026-00221
ACC-PINV-2026-00222,Masar Wadi Services (fictional),INV-2461,2026-10-01,26726.34,Paid,PUR-ORD-2026-00222
ACC-PINV-2026-00223,Tamayuz Jazeera Trading (fictional),INV-1304,2026-08-27,37291.36,Paid,PUR-ORD-2026-00223
ACC-PINV-2026-00224,Sahab Tamayuz Services (fictional),INV-1880,2026-08-26,13374.33,Paid,PUR-ORD-2026-00224
ACC-PINV-2026-00225,Bina Sarh Est. (fictional),INV-1180,2026-09-26,29530.8,Paid,PUR-ORD-2026-00225
ACC-PINV-2026-00226,Buruj Dana Trading (fictional),INV-1932,2026-09-19,18024.7,Paid,PUR-ORD-2026-00226
ACC-PINV-2026-00227,Tamayuz Shams Solutions (fictional),INV-4988,2026-10-08,40698.44,Paid,PUR-ORD-2026-00227
ACC-PINV-2026-00228,Nakheel Najd Trading (fictional),INV-1160,2026-07-15,22563.69,Paid,PUR-ORD-2026-00228
ACC-PINV-2026-00229,Taqa Noor Solutions (fictional),INV-2655,2026-10-03,26661.0,Paid,PUR-ORD-2026-00229
ACC-PINV-2026-00230,Dana Rimal Trading (fictional),INV-2418,2026-09-09,29060.72,Paid,PUR-ORD-2026-00230
ACC-PINV-2026-00231,Tamayuz Shams Solutions (fictional),INV-5029,2026-10-13,5850.2,Paid,PUR-ORD-2026-00231
ACC-PINV-2026-00232,Dana Madar Est. (fictional),INV-5022,2026-07-20,41480.04,Paid,PUR-ORD-2026-00232
ACC-PINV-2026-00233,Nakheel Sarh Solutions (fictional),INV-5129,2026-08-24,4274.37,Paid,PUR-ORD-2026-00233
ACC-PINV-2026-00234,Bina Sarh Est. (fictional),INV-1237,2026-09-12,8157.24,Paid,PUR-ORD-2026-00234
ACC-PINV-2026-00235,Noor Najd Trading (fictional),INV-2438,2026-07-11,3003.66,Paid,PUR-ORD-2026-00235
ACC-PINV-2026-00236,Noor Masar Contracting (fictional),INV-2142,2026-09-11,14074.86,Paid,PUR-ORD-2026-00236
ACC-PINV-2026-00237,Najd Madar Supplies (fictional),INV-1318,2026-07-25,25849.68,Paid,PUR-ORD-2026-00237
ACC-PINV-2026-00238,Madar Jazeera Trading (fictional),INV-1882,2026-09-26,10536.57,Paid,PUR-ORD-2026-00238
ACC-PINV-2026-00239,Noor Masar Contracting (fictional),INV-2179,2026-07-26,2138.0,Paid,PUR-ORD-2026-00239
ACC-PINV-2026-00240,Sarh Qimma Services (fictional),INV-1685,2026-08-30,23039.44,Paid,PUR-ORD-2026-00240
ACC-PINV-2026-00241,Waha Madar Est. (fictional),INV-3796,2026-10-16,28487.04,Paid,PUR-ORD-2026-00241
ACC-PINV-2026-00242,Taqa Shams Trading (fictional),INV-4114,2026-07-08,38244.0,Paid,PUR-ORD-2026-00242
ACC-PINV-2026-00243,Sahab Sarh Est. (fictional),INV-5143,2026-08-04,25589.88,Paid,PUR-ORD-2026-00243
ACC-PINV-2026-00244,Sahab Najd Solutions (fictional),INV-5065,2026-08-17,24629.89,Paid,PUR-ORD-2026-00244
ACC-PINV-2026-00245,Sahab Tamayuz Services (fictional),INV-1915,2026-08-13,34703.96,Paid,PUR-ORD-2026-00245
ACC-PINV-2026-00246,Taqa Rimal Solutions (fictional),INV-5041,2026-08-18,9343.08,Paid,PUR-ORD-2026-00246
ACC-PINV-2026-00247,Taqa Shams Trading (fictional),INV-4142,2026-10-02,30426.06,Paid,PUR-ORD-2026-00247
ACC-PINV-2026-00248,Sarh Noor Services (fictional),INV-1848,2026-07-27,2792.88,Paid,PUR-ORD-2026-00248
ACC-PINV-2026-00249,Buruj Noor Solutions (fictional),INV-5138,2026-10-06,28360.8,Paid,PUR-ORD-2026-00249
ACC-PINV-2026-00250,Qimma Waha Est. (fictional),INV-4427,2026-08-23,15170.75,Paid,PUR-ORD-2026-00250
ACC-PINV-2026-00251,Rimal Madar Contracting (fictional),INV-3805,2026-08-05,30723.0,Paid,PUR-ORD-2026-00251
ACC-PINV-2026-00252,Rimal Sahab Supplies (fictional),INV-2773,2026-09-24,10399.52,Paid,PUR-ORD-2026-00252
ACC-PINV-2026-00253,Nakheel Qimma Supplies (fictional),INV-4708,2026-09-05,38383.74,Paid,PUR-ORD-2026-00253
ACC-PINV-2026-00254,Jazeera Noor Supplies (fictional),INV-4801,2026-09-23,13734.15,Paid,PUR-ORD-2026-00254
ACC-PINV-2026-00255,Bina Rawabi Est. (fictional),INV-1398,2026-10-03,32641.44,Paid,PUR-ORD-2026-00255
ACC-PINV-2026-00256,Qimma Waha Est. (fictional),INV-4478,2026-07-23,29397.24,Paid,PUR-ORD-2026-00256
ACC-PINV-2026-00257,Dana Madar Est. (fictional),INV-5042,2026-09-06,34347.6,Paid,PUR-ORD-2026-00257
ACC-PINV-2026-00258,Bina Rawabi Est. (fictional),INV-1432,2026-08-24,18826.88,Paid,PUR-ORD-2026-00258
ACC-PINV-2026-00259,Wadi Dana Solutions (fictional),INV-4647,2026-07-27,11557.22,Paid,PUR-ORD-2026-00259
ACC-PINV-2026-00260,Shams Bina Solutions (fictional),INV-1602,2026-08-23,37932.84,Paid,PUR-ORD-2026-00260
ACC-PINV-2026-00261,Shams Bina Solutions (fictional),INV-1660,2026-08-24,33018.12,Paid,PUR-ORD-2026-00261
ACC-PINV-2026-00262,Bina Taqa Est. (fictional),INV-4599,2026-10-03,31694.23,Paid,PUR-ORD-2026-00262
ACC-PINV-2026-00263,Sahab Tamayuz Services (fictional),INV-1943,2026-09-12,34058.4,Paid,PUR-ORD-2026-00263
ACC-PINV-2026-00264,Rimal Madar Contracting (fictional),INV-1517,2026-10-01,22888.91,Paid,PUR-ORD-2026-00264
ACC-PINV-2026-00265,Nakheel Qimma Supplies (fictional),INV-4750,2026-09-07,11973.6,Paid,PUR-ORD-2026-00265
ACC-PINV-2026-00266,Shams Bina Solutions (fictional),INV-1685,2026-08-19,2763.42,Paid,PUR-ORD-2026-00266
ACC-PINV-2026-00267,Noor Najd Trading (fictional),INV-2479,2026-09-08,5455.94,Paid,PUR-ORD-2026-00267
ACC-PINV-2026-00268,Madar Jazeera Trading (fictional),INV-1912,2026-07-26,21486.42,Paid,PUR-ORD-2026-00268
ACC-PINV-2026-00269,Rimal Qimma Services (fictional),INV-2267,2026-10-17,23723.2,Paid,PUR-ORD-2026-00269
ACC-PINV-2026-00270,Dana Rimal Trading (fictional),INV-2429,2026-07-26,8747.76,Paid,PUR-ORD-2026-00270
ACC-PINV-2026-00271,Shams Noor Trading (fictional),INV-1695,2026-08-19,32052.76,Paid,PUR-ORD-2026-00271
ACC-PINV-2026-00272,Najd Najd Contracting (fictional),INV-3117,2026-08-21,31369.76,Paid,PUR-ORD-2026-00272
ACC-PINV-2026-00273,Rimal Madar Contracting (fictional),INV-3832,2026-09-15,14259.07,Paid,PUR-ORD-2026-00273
ACC-PINV-2026-00274,Rawabi Masar Trading (fictional),INV-3375,2026-08-13,30129.0,Paid,PUR-ORD-2026-00274
ACC-PINV-2026-00275,Nakheel Najd Trading (fictional),INV-1195,2026-09-20,4755.85,Paid,PUR-ORD-2026-00275
ACC-PINV-2026-00276,Sahab Sarh Est. (fictional),INV-5195,2026-09-18,12354.3,Paid,PUR-ORD-2026-00276
ACC-PINV-2026-00277,Rimal Madar Contracting (fictional),INV-5184,2026-08-04,30763.78,Paid,PUR-ORD-2026-00277
ACC-PINV-2026-00278,Najd Najd Contracting (fictional),INV-3137,2026-08-09,5793.6,Paid,PUR-ORD-2026-00278
ACC-PINV-2026-00279,Nakheel Sarh Solutions (fictional),INV-5173,2026-08-11,3793.73,Paid,PUR-ORD-2026-00279
ACC-PINV-2026-00280,Dana Madar Est. (fictional),INV-5055,2026-09-15,7485.0,Paid,PUR-ORD-2026-00280
ACC-PINV-2026-00281,Nakheel Najd Trading (fictional),INV-1230,2026-10-09,27312.24,Paid,PUR-ORD-2026-00281
ACC-PINV-2026-00282,Buruj Dana Trading (fictional),INV-1980,2026-07-19,15920.71,Paid,PUR-ORD-2026-00282
ACC-PINV-2026-00283,Buruj Noor Solutions (fictional),INV-5171,2026-07-20,31616.0,Paid,PUR-ORD-2026-00283
ACC-PINV-2026-00284,Buruj Dana Trading (fictional),INV-2008,2026-07-22,9375.62,Paid,PUR-ORD-2026-00284
ACC-PINV-2026-00285,Dana Rimal Trading (fictional),INV-2480,2026-09-27,4521.77,Paid,PUR-ORD-2026-00285
ACC-PINV-2026-00286,Nakheel Najd Trading (fictional),INV-1271,2026-09-10,32833.57,Paid,PUR-ORD-2026-00286
ACC-PINV-2026-00287,Sahab Tamayuz Services (fictional),INV-1972,2026-09-14,37613.74,Paid,PUR-ORD-2026-00287
ACC-PINV-2026-00288,Taqa Sahab Services (fictional),INV-2384,2026-07-25,26787.23,Paid,PUR-ORD-2026-00288
ACC-PINV-2026-00289,Sarh Qimma Services (fictional),INV-1698,2026-09-17,17020.3,Paid,PUR-ORD-2026-00289
ACC-PINV-2026-00290,Buruj Waha Supplies (fictional),INV-3101,2026-09-06,26475.25,Paid,PUR-ORD-2026-00290
ACC-PINV-2026-00291,Rimal Qimma Services (fictional),INV-2320,2026-07-26,23948.6,Paid,PUR-ORD-2026-00291
ACC-PINV-2026-00292,Sarh Noor Services (fictional),INV-1855,2026-08-16,16714.2,Paid,PUR-ORD-2026-00292
ACC-PINV-2026-00293,Bina Afaq Contracting (fictional),INV-3626,2026-08-30,5260.36,Paid,PUR-ORD-2026-00293
ACC-PINV-2026-00294,Noor Najd Trading (fictional),INV-2493,2026-09-04,5851.89,Paid,PUR-ORD-2026-00294
ACC-PINV-2026-00295,Rimal Madar Contracting (fictional),INV-5225,2026-08-26,6545.0,Paid,PUR-ORD-2026-00295
ACC-PINV-2026-00296,Nakheel Najd Trading (fictional),INV-1297,2026-09-15,9016.2,Paid,PUR-ORD-2026-00296
ACC-PINV-2026-00297,Najd Madar Supplies (fictional),INV-1374,2026-10-09,41158.25,Paid,PUR-ORD-2026-00297
ACC-PINV-2026-00298,Bina Taqa Est. (fictional),INV-4623,2026-08-13,19200.3,Paid,PUR-ORD-2026-00298
ACC-PINV-2026-00299,Rimal Madar Contracting (fictional),INV-3152,2026-09-08,2083.92,Paid,PUR-ORD-2026-00299
ACC-PINV-2026-00300,Bina Taqa Est. (fictional),INV-4637,2026-07-20,39361.28,Paid,PUR-ORD-2026-00300
ACC-PINV-2026-00301,Noor Masar Contracting (fictional),INV-2235,2026-09-04,36792.0,Paid,PUR-ORD-2026-00301
,,,,,,PUR-ORD-2026-00301
ACC-PINV-2026-00302,Rimal Madar Contracting (fictional),INV-1542,2026-07-06,14146.4,Paid,PUR-ORD-2026-00302
ACC-PINV-2026-00303,Bina Taqa Est. (fictional),INV-4693,2026-08-09,23710.5,Paid,PUR-ORD-2026-00303
ACC-PINV-2026-00304,Nakheel Najd Trading (fictional),INV-1348,2026-07-30,11435.6,Paid,PUR-ORD-2026-00304
ACC-PINV-2026-00305,Sahab Tamayuz Services (fictional),INV-2009,2026-08-21,13713.44,Paid,PUR-ORD-2026-00305
ACC-PINV-2026-00306,Najd Madar Supplies (fictional),INV-1382,2026-07-12,17539.08,Paid,PUR-ORD-2026-00306
ACC-PINV-2026-00307,Sahab Tamayuz Services (fictional),INV-2069,2026-07-16,9589.56,Paid,PUR-ORD-2026-00307
ACC-PINV-2026-00308,Rimal Madar Contracting (fictional),INV-5274,2026-08-11,35108.58,Paid,PUR-ORD-2026-00308
ACC-PINV-2026-00309,Sarh Qimma Services (fictional),INV-1712,2026-09-19,26371.62,Paid,PUR-ORD-2026-00309
ACC-PINV-2026-00310,Najd Madar Supplies (fictional),INV-1394,2026-09-01,18427.77,Paid,PUR-ORD-2026-00310
ACC-PINV-2026-00311,Najd Najd Contracting (fictional),INV-3175,2026-10-10,34658.75,Paid,PUR-ORD-2026-00311
ACC-PINV-2026-00312,Noor Najd Trading (fictional),INV-2524,2026-09-26,37346.04,Paid,PUR-ORD-2026-00312
ACC-PINV-2026-00313,Rimal Madar Contracting (fictional),INV-2609,2026-09-26,3231.1,Paid,PUR-ORD-2026-00313
ACC-PINV-2026-00314,Noor Masar Contracting (fictional),INV-2294,2026-09-18,13004.1,Paid,PUR-ORD-2026-00314
ACC-PINV-2026-00315,Waha Madar Est. (fictional),INV-3813,2026-10-01,29196.64,Paid,PUR-ORD-2026-00315
ACC-PINV-2026-00316,Noor Najd Trading (fictional),INV-2569,2026-07-11,23808.72,Paid,PUR-ORD-2026-00316
ACC-PINV-2026-00317,Buruj Noor Solutions (fictional),INV-5201,2026-09-19,37255.7,Paid,PUR-ORD-2026-00317
ACC-PINV-2026-00318,Taqa Rimal Solutions (fictional),INV-5051,2026-08-31,30667.45,Paid,PUR-ORD-2026-00318
ACC-PINV-2026-00319,Rimal Madar Contracting (fictional),INV-5332,2026-08-04,24574.35,Paid,PUR-ORD-2026-00319
ACC-PINV-2026-00320,Tamayuz Bina Trading (fictional),INV-1622,2026-07-20,18443.76,Paid,PUR-ORD-2026-00320
ACC-PINV-2026-00321,Najd Najd Contracting (fictional),INV-3195,2026-07-30,41791.36,Paid,PUR-ORD-2026-00321
ACC-PINV-2026-00322,Shams Bina Solutions (fictional),INV-1718,2026-10-01,5308.1,Paid,PUR-ORD-2026-00322
ACC-PINV-2026-00323,Rimal Madar Contracting (fictional),INV-1599,2026-08-18,21133.58,Paid,PUR-ORD-2026-00323
ACC-PINV-2026-00324,Rimal Madar Contracting (fictional),INV-5370,2026-07-19,1744.57,Paid,PUR-ORD-2026-00324
ACC-PINV-2026-00325,Rawabi Masar Trading (fictional),INV-3426,2026-07-11,11128.92,Paid,PUR-ORD-2026-00325
ACC-PINV-2026-00326,Rawabi Masar Trading (fictional),INV-3453,2026-08-09,2734.48,Paid,PUR-ORD-2026-00326
ACC-PINV-2026-00327,Noor Najd Trading (fictional),INV-2594,2026-08-10,21046.96,Paid,PUR-ORD-2026-00327
ACC-PINV-2026-00328,Noor Masar Contracting (fictional),INV-2346,2026-08-25,33887.0,Paid,PUR-ORD-2026-00328
ACC-PINV-2026-00329,Rimal Madar Contracting (fictional),INV-1649,2026-07-14,34646.2,Paid,PUR-ORD-2026-00329
ACC-PINV-2026-00330,Jazeera Qimma Solutions (fictional),INV-3951,2026-08-29,16480.92,Paid,PUR-ORD-2026-00330
ACC-PINV-2026-00331,Rimal Madar Contracting (fictional),INV-3671,2026-08-01,34418.57,Paid,PUR-ORD-2026-00331
ACC-PINV-2026-00332,Waha Taqa Services (fictional),INV-4910,2026-07-18,27424.46,Paid,PUR-ORD-2026-00332
ACC-PINV-2026-00333,Rimal Sahab Supplies (fictional),INV-2824,2026-10-02,16510.91,Paid,PUR-ORD-2026-00333
ACC-PINV-2026-00334,Rimal Madar Contracting (fictional),INV-1683,2026-09-02,18885.24,Paid,PUR-ORD-2026-00334
ACC-PINV-2026-00335,Rimal Madar Contracting (fictional),INV-1720,2026-09-17,32248.44,Paid,PUR-ORD-2026-00335
ACC-PINV-2026-00336,Shams Bina Solutions (fictional),INV-1734,2026-07-19,10605.3,Paid,PUR-ORD-2026-00336
ACC-PINV-2026-00337,Dana Madar Est. (fictional),INV-5103,2026-08-30,36323.64,Paid,PUR-ORD-2026-00337
ACC-PINV-2026-00338,Rimal Madar Contracting (fictional),INV-5387,2026-08-31,13620.72,Paid,PUR-ORD-2026-00338
ACC-PINV-2026-00339,Sarh Noor Services (fictional),INV-1911,2026-08-13,13582.08,Paid,PUR-ORD-2026-00339
ACC-PINV-2026-00340,Waha Madar Est. (fictional),INV-3843,2026-08-01,36858.1,Paid,PUR-ORD-2026-00340
ACC-PINV-2026-00341,Bina Rawabi Est. (fictional),INV-1473,2026-08-06,29601.36,Paid,PUR-ORD-2026-00341
ACC-PINV-2026-00342,Waha Taqa Services (fictional),INV-4937,2026-08-05,34300.91,Paid,PUR-ORD-2026-00342
ACC-PINV-2026-00343,Taqa Noor Solutions (fictional),INV-2686,2026-08-24,37846.0,Paid,PUR-ORD-2026-00343
ACC-PINV-2026-00344,Rimal Madar Contracting (fictional),INV-1756,2026-07-20,33956.94,Paid,PUR-ORD-2026-00344
ACC-PINV-2026-00345,Nakheel Najd Trading (fictional),INV-1383,2026-07-31,38139.2,Paid,PUR-ORD-2026-00345
ACC-PINV-2026-00346,Rimal Madar Contracting (fictional),INV-2666,2026-07-08,26041.44,Paid,PUR-ORD-2026-00346
ACC-PINV-2026-00347,Najd Najd Contracting (fictional),INV-3214,2026-07-17,16454.55,Paid,PUR-ORD-2026-00347
ACC-PINV-2026-00348,Rimal Madar Contracting (fictional),INV-4242,2026-09-16,35673.31,Paid,PUR-ORD-2026-00348
ACC-PINV-2026-00349,Sahab Tamayuz Services (fictional),INV-2098,2026-08-02,15381.64,Paid,PUR-ORD-2026-00349
ACC-PINV-2026-00350,Noor Najd Trading (fictional),INV-2639,2026-09-29,25409.2,Paid,PUR-ORD-2026-00350
ACC-PINV-2026-00351,Bina Rawabi Est. (fictional),INV-1502,2026-09-25,4796.34,Paid,PUR-ORD-2026-00351
ACC-PINV-2026-00352,Wadi Dana Solutions (fictional),INV-4655,2026-09-21,10779.93,Paid,PUR-ORD-2026-00352
ACC-PINV-2026-00353,Taqa Shams Trading (fictional),INV-4194,2026-08-21,2848.5,Paid,PUR-ORD-2026-00353
ACC-PINV-2026-00354,Buruj Waha Supplies (fictional),INV-3132,2026-08-17,18047.15,Paid,PUR-ORD-2026-00354
ACC-PINV-2026-00355,Tamayuz Shams Solutions (fictional),INV-5081,2026-07-28,16010.32,Paid,PUR-ORD-2026-00355
ACC-PINV-2026-00356,Tamayuz Shams Solutions (fictional),INV-5114,2026-08-01,35257.82,Paid,PUR-ORD-2026-00356
ACC-PINV-2026-00357,Buruj Dana Trading (fictional),INV-2063,2026-08-30,25649.54,Paid,PUR-ORD-2026-00357
ACC-PINV-2026-00358,Najd Najd Contracting (fictional),INV-3224,2026-08-28,1545.74,Paid,PUR-ORD-2026-00358
ACC-PINV-2026-00359,Rimal Madar Contracting (fictional),INV-4253,2026-07-29,35728.9,Paid,PUR-ORD-2026-00359
ACC-PINV-2026-00360,Waha Taqa Services (fictional),INV-4985,2026-09-21,27410.34,Paid,PUR-ORD-2026-00360
ACC-PINV-2026-00361,Qimma Waha Est. (fictional),INV-4512,2026-10-07,19649.76,Paid,PUR-ORD-2026-00361
ACC-PINV-2026-00362,Buruj Dana Trading (fictional),INV-2113,2026-08-11,7574.66,Paid,PUR-ORD-2026-00362
ACC-PINV-2026-00363,Shams Bina Solutions (fictional),INV-1780,2026-08-01,8532.92,Paid,PUR-ORD-2026-00363
ACC-PINV-2026-00364,Rimal Madar Contracting (fictional),INV-3690,2026-09-30,7274.88,Paid,PUR-ORD-2026-00364
ACC-PINV-2026-00365,Rimal Madar Contracting (fictional),INV-3706,2026-08-06,27505.8,Paid,PUR-ORD-2026-00365
ACC-PINV-2026-00366,Waha Madar Est. (fictional),INV-3857,2026-08-17,9895.77,Paid,PUR-ORD-2026-00366
ACC-PINV-2026-00367,Noor Najd Trading (fictional),INV-2675,2026-08-18,30925.0,Paid,PUR-ORD-2026-00367
ACC-PINV-2026-00368,Rimal Madar Contracting (fictional),INV-1782,2026-08-25,32993.73,Paid,PUR-ORD-2026-00368
ACC-PINV-2026-00369,Waha Taqa Services (fictional),INV-5028,2026-09-28,33067.92,Paid,PUR-ORD-2026-00369
ACC-PINV-2026-00370,Sarh Qimma Services (fictional),INV-1737,2026-10-01,5503.14,Paid,PUR-ORD-2026-00370
ACC-PINV-2026-00371,Buruj Noor Solutions (fictional),INV-5259,2026-09-03,11985.0,Paid,PUR-ORD-2026-00371
ACC-PINV-2026-00372,Sarh Qimma Services (fictional),INV-1760,2026-07-30,34752.9,Paid,PUR-ORD-2026-00372
ACC-PINV-2026-00373,Taqa Shams Trading (fictional),INV-4247,2026-09-05,16851.86,Paid,PUR-ORD-2026-00373
ACC-PINV-2026-00374,Shams Bina Solutions (fictional),INV-1834,2026-10-01,11913.0,Paid,PUR-ORD-2026-00374
ACC-PINV-2026-00375,Rimal Madar Contracting (fictional),INV-5413,2026-09-05,34226.4,Paid,PUR-ORD-2026-00375
ACC-PINV-2026-00376,Taqa Rimal Solutions (fictional),INV-5073,2026-08-10,29559.6,Paid,PUR-ORD-2026-00376
ACC-PINV-2026-00377,Rimal Madar Contracting (fictional),INV-3864,2026-07-26,31498.58,Paid,PUR-ORD-2026-00377
ACC-PINV-2026-00378,Rimal Madar Contracting (fictional),INV-2673,2026-07-11,27213.36,Paid,PUR-ORD-2026-00378
ACC-PINV-2026-00379,Waha Madar Est. (fictional),INV-3898,2026-08-27,19704.23,Paid,PUR-ORD-2026-00379
ACC-PINV-2026-00380,Madar Jazeera Trading (fictional),INV-1934,2026-07-23,21885.22,Paid,PUR-ORD-2026-00380
ACC-PINV-2026-00381,Jazeera Qimma Solutions (fictional),INV-3964,2026-08-06,19225.6,Paid,PUR-ORD-2026-00381
ACC-PINV-2026-00382,Bina Sarh Est. (fictional),INV-1258,2026-08-28,8160.2,Paid,PUR-ORD-2026-00382
ACC-PINV-2026-00383,Noor Najd Trading (fictional),INV-2710,2026-09-23,36678.07,Paid,PUR-ORD-2026-00383
ACC-PINV-2026-00384,Rimal Madar Contracting (fictional),INV-5402,2026-09-27,11918.34,Paid,PUR-ORD-2026-00384
ACC-PINV-2026-00385,Qimma Waha Est. (fictional),INV-4528,2026-07-19,7536.78,Paid,PUR-ORD-2026-00385
ACC-PINV-2026-00386,Noor Najd Trading (fictional),INV-2744,2026-08-30,7402.8,Paid,PUR-ORD-2026-00386
ACC-PINV-2026-00387,Noor Najd Trading (fictional),INV-2777,2026-07-20,30802.5,Paid,PUR-ORD-2026-00387
ACC-PINV-2026-00388,Sarh Noor Services (fictional),INV-1958,2026-08-09,9700.88,Paid,PUR-ORD-2026-00388
ACC-PINV-2026-00389,Sahab Sarh Est. (fictional),INV-5249,2026-09-30,5483.27,Paid,PUR-ORD-2026-00389
ACC-PINV-2026-00390,Noor Najd Trading (fictional),INV-2789,2026-09-21,35239.17,Paid,PUR-ORD-2026-00390
ACC-PINV-2026-00391,Rimal Madar Contracting (fictional),INV-4308,2026-09-21,6579.56,Paid,PUR-ORD-2026-00391
ACC-PINV-2026-00392,Buruj Waha Supplies (fictional),INV-3150,2026-09-22,4954.25,Paid,PUR-ORD-2026-00392
ACC-PINV-2026-00393,Shams Madar Contracting (fictional),INV-4904,2026-08-07,10801.88,Paid,PUR-ORD-2026-00393
ACC-PINV-2026-00394,Rimal Madar Contracting (fictional),INV-2729,2026-09-20,14444.16,Paid,PUR-ORD-2026-00394
ACC-PINV-2026-00395,Sahab Sarh Est. (fictional),INV-5294,2026-07-31,36950.88,Paid,PUR-ORD-2026-00395
ACC-PINV-2026-00396,Sahab Najd Solutions (fictional),INV-5078,2026-09-07,36890.62,Paid,PUR-ORD-2026-00396
ACC-PINV-2026-00397,Buruj Dana Services (fictional),INV-1997,2026-09-25,22228.32,Paid,PUR-ORD-2026-00397
ACC-PINV-2026-00398,Bina Sarh Est. (fictional),INV-1272,2026-08-28,28102.36,Paid,PUR-ORD-2026-00398
ACC-PINV-2026-00399,Buruj Waha Supplies (fictional),INV-3196,2026-08-04,31726.62,Paid,PUR-ORD-2026-00399
ACC-PINV-2026-00400,Wadi Dana Solutions (fictional),INV-4667,2026-08-22,36294.66,Paid,PUR-ORD-2026-00400
ACC-PINV-2026-00401,Bina Rawabi Est. (fictional),INV-1531,2026-08-25,24357.35,Paid,PUR-ORD-2026-00401
,,,,,,PUR-ORD-2026-00401
ACC-PINV-2026-00402,Waha Taqa Services (fictional),INV-5043,2026-08-14,9270.34,Paid,PUR-ORD-2026-00402
ACC-PINV-2026-00403,Sarh Rimal Trading (fictional),INV-1642,2026-09-29,34073.26,Paid,PUR-ORD-2026-00403
ACC-PINV-2026-00404,Sarh Rimal Trading (fictional),INV-1696,2026-08-25,7012.08,Paid,PUR-ORD-2026-00404
ACC-PINV-2026-00405,Buruj Dana Trading (fictional),INV-2138,2026-08-10,29856.32,Paid,PUR-ORD-2026-00405
ACC-PINV-2026-00406,Nakheel Najd Trading (fictional),INV-1400,2026-08-09,8762.08,Paid,PUR-ORD-2026-00406
ACC-PINV-2026-00407,Buruj Waha Supplies (fictional),INV-3242,2026-07-26,12423.84,Paid,PUR-ORD-2026-00407
ACC-PINV-2026-00408,Taqa Noor Solutions (fictional),INV-2717,2026-09-27,2513.52,Paid,PUR-ORD-2026-00408
ACC-PINV-2026-00409,Sarh Qimma Services (fictional),INV-1791,2026-08-29,22665.42,Paid,PUR-ORD-2026-00409
ACC-PINV-2026-00410,Buruj Dana Services (fictional),INV-2048,2026-10-15,23930.76,Paid,PUR-ORD-2026-00410
ACC-PINV-2026-00411,Rimal Madar Contracting (fictional),INV-5424,2026-07-18,29878.64,Paid,PUR-ORD-2026-00411
ACC-PINV-2026-00412,Tamayuz Shams Solutions (fictional),INV-5162,2026-10-12,12684.49,Paid,PUR-ORD-2026-00412
ACC-PINV-2026-00413,Rimal Madar Contracting (fictional),INV-2778,2026-10-11,38881.98,Paid,PUR-ORD-2026-00413
ACC-PINV-2026-00414,Taqa Rimal Solutions (fictional),INV-5133,2026-08-13,14652.0,Paid,PUR-ORD-2026-00414
ACC-PINV-2026-00415,Qimma Waha Est. (fictional),INV-4545,2026-10-10,17823.93,Paid,PUR-ORD-2026-00415
ACC-PINV-2026-00416,Najd Sahab Contracting (fictional),INV-3997,2026-08-25,31546.56,Paid,PUR-ORD-2026-00416
ACC-PINV-2026-00417,Buruj Dana Services (fictional),INV-2063,2026-08-23,12158.85,Paid,PUR-ORD-2026-00417
ACC-PINV-2026-00418,Tamayuz Bina Trading (fictional),INV-1639,2026-08-10,32169.72,Paid,PUR-ORD-2026-00418
ACC-PINV-2026-00419,Sahab Tamayuz Services (fictional),INV-2146,2026-09-15,6902.19,Paid,PUR-ORD-2026-00419
ACC-PINV-2026-00420,Rimal Sahab Supplies (fictional),INV-2877,2026-07-21,31651.2,Paid,PUR-ORD-2026-00420
ACC-PINV-2026-00421,Taqa Shams Trading (fictional),INV-4260,2026-10-19,23755.05,Paid,PUR-ORD-2026-00421
ACC-PINV-2026-00422,Buruj Dana Services (fictional),INV-2081,2026-09-18,21071.67,Paid,PUR-ORD-2026-00422
ACC-PINV-2026-00423,Shams Madar Contracting (fictional),INV-4958,2026-07-17,6330.1,Paid,PUR-ORD-2026-00423
ACC-PINV-2026-00424,Rimal Madar Contracting (fictional),INV-3174,2026-08-31,26604.3,Paid,PUR-ORD-2026-00424
ACC-PINV-2026-00425,Sahab Sarh Est. (fictional),INV-5350,2026-09-27,12400.5,Paid,PUR-ORD-2026-00425
ACC-PINV-2026-00426,Rimal Madar Contracting (fictional),INV-3750,2026-09-07,37605.95,Paid,PUR-ORD-2026-00426
ACC-PINV-2026-00427,Rimal Madar Contracting (fictional),INV-5470,2026-07-25,12436.02,Paid,PUR-ORD-2026-00427
ACC-PINV-2026-00428,Rawabi Masar Trading (fictional),INV-3505,2026-08-11,16007.54,Paid,PUR-ORD-2026-00428
ACC-PINV-2026-00429,Shams Bina Solutions (fictional),INV-1871,2026-10-01,35481.6,Paid,PUR-ORD-2026-00429
ACC-PINV-2026-00430,Taqa Noor Solutions (fictional),INV-2755,2026-07-20,5490.56,Paid,PUR-ORD-2026-00430
ACC-PINV-2026-00431,Shams Noor Trading (fictional),INV-1730,2026-10-01,10652.36,Paid,PUR-ORD-2026-00431
ACC-PINV-2026-00432,Sahab Najd Solutions (fictional),INV-5091,2026-10-09,23792.11,Paid,PUR-ORD-2026-00432
ACC-PINV-2026-00433,Sarh Noor Services (fictional),INV-1995,2026-08-11,7296.16,Paid,PUR-ORD-2026-00433
ACC-PINV-2026-00434,Rimal Madar Contracting (fictional),INV-5450,2026-08-22,10489.62,Paid,PUR-ORD-2026-00434
ACC-PINV-2026-00435,Rimal Madar Contracting (fictional),INV-3183,2026-07-18,17084.01,Paid,PUR-ORD-2026-00435
ACC-PINV-2026-00436,Buruj Dana Trading (fictional),INV-2192,2026-09-30,18506.2,Paid,PUR-ORD-2026-00436
ACC-PINV-2026-00437,Bina Rawabi Est. (fictional),INV-1559,2026-10-11,21576.84,Paid,PUR-ORD-2026-00437
ACC-PINV-2026-00438,Madar Jazeera Trading (fictional),INV-1948,2026-09-11,34463.4,Paid,PUR-ORD-2026-00438
ACC-PINV-2026-00439,Sarh Qimma Services (fictional),INV-1821,2026-10-02,10147.0,Paid,PUR-ORD-2026-00439
ACC-PINV-2026-00440,Sahab Sarh Est. (fictional),INV-5371,2026-09-25,31636.5,Paid,PUR-ORD-2026-00440
ACC-PINV-2026-00441,Rimal Sahab Supplies (fictional),INV-2897,2026-09-12,18012.8,Paid,PUR-ORD-2026-00441
ACC-PINV-2026-00442,Jazeera Qimma Solutions (fictional),INV-3978,2026-10-08,3272.58,Paid,PUR-ORD-2026-00442
ACC-PINV-2026-00443,Taqa Sahab Services (fictional),INV-2411,2026-08-09,32226.34,Paid,PUR-ORD-2026-00443
ACC-PINV-2026-00444,Buruj Noor Solutions (fictional),INV-5275,2026-07-24,15799.35,Paid,PUR-ORD-2026-00444
ACC-PINV-2026-00445,Wadi Dana Solutions (fictional),INV-4726,2026-08-07,17771.46,Paid,PUR-ORD-2026-00445
ACC-PINV-2026-00446,Buruj Dana Trading (fictional),INV-2241,2026-07-25,4928.22,Paid,PUR-ORD-2026-00446
ACC-PINV-2026-00447,Madar Jazeera Trading (fictional),INV-1981,2026-10-05,17108.6,Paid,PUR-ORD-2026-00447
ACC-PINV-2026-00448,Nakheel Najd Trading (fictional),INV-1426,2026-08-08,25289.76,Paid,PUR-ORD-2026-00448
ACC-PINV-2026-00449,Shams Bina Solutions (fictional),INV-1890,2026-10-12,31843.57,Paid,PUR-ORD-2026-00449
ACC-PINV-2026-00450,Qimma Waha Est. (fictional),INV-4597,2026-07-23,9122.88,Paid,PUR-ORD-2026-00450
ACC-PINV-2026-00451,Taqa Shams Trading (fictional),INV-4296,2026-07-20,19675.08,Paid,PUR-ORD-2026-00451
ACC-PINV-2026-00452,Shams Noor Trading (fictional),INV-1780,2026-07-16,3440.22,Paid,PUR-ORD-2026-00452
ACC-PINV-2026-00453,Bina Rawabi Est. (fictional),INV-1608,2026-09-07,9844.32,Paid,PUR-ORD-2026-00453
ACC-PINV-2026-00454,Taqa Noor Solutions (fictional),INV-2777,2026-07-16,34917.4,Paid,PUR-ORD-2026-00454
ACC-PINV-2026-00455,Shams Bina Solutions (fictional),INV-1941,2026-07-11,33291.04,Paid,PUR-ORD-2026-00455
ACC-PINV-2026-00456,Tamayuz Jazeera Trading (fictional),INV-1352,2026-09-13,3572.01,Paid,PUR-ORD-2026-00456
ACC-PINV-2026-00457,Taqa Rimal Solutions (fictional),INV-5144,2026-09-23,34306.25,Paid,PUR-ORD-2026-00457
ACC-PINV-2026-00458,Buruj Dana Services (fictional),INV-2117,2026-09-30,19297.45,Paid,PUR-ORD-2026-00458
ACC-PINV-2026-00459,Sarh Rimal Trading (fictional),INV-1751,2026-09-24,8003.77,Paid,PUR-ORD-2026-00459
ACC-PINV-2026-00460,Noor Najd Trading (fictional),INV-2848,2026-09-08,29209.77,Paid,PUR-ORD-2026-00460
ACC-PINV-2026-00461,Rimal Madar Contracting (fictional),INV-5496,2026-10-04,28380.95,Paid,PUR-ORD-2026-00461
ACC-PINV-2026-00462,Jazeera Qimma Solutions (fictional),INV-3989,2026-09-05,10830.27,Paid,PUR-ORD-2026-00462
ACC-PINV-2026-00463,Dana Madar Est. (fictional),INV-5151,2026-09-11,9366.5,Paid,PUR-ORD-2026-00463
ACC-PINV-2026-00464,Jazeera Qimma Solutions (fictional),INV-3998,2026-08-03,29509.75,Paid,PUR-ORD-2026-00464
ACC-PINV-2026-00465,Rimal Sahab Supplies (fictional),INV-2938,2026-10-07,22500.35,Paid,PUR-ORD-2026-00465
ACC-PINV-2026-00466,Sarh Noor Services (fictional),INV-2017,2026-08-23,32438.9,Paid,PUR-ORD-2026-00466
ACC-PINV-2026-00467,Sarh Noor Services (fictional),INV-2077,2026-08-04,27426.9,Paid,PUR-ORD-2026-00467
ACC-PINV-2026-00468,Taqa Noor Solutions (fictional),INV-2804,2026-07-21,10193.04,Paid,PUR-ORD-2026-00468
ACC-PINV-2026-00469,Bina Afaq Contracting (fictional),INV-3665,2026-09-13,34810.08,Paid,PUR-ORD-2026-00469
ACC-PINV-2026-00470,Tamayuz Bina Trading (fictional),INV-1652,2026-07-24,24014.2,Paid,PUR-ORD-2026-00470
ACC-PINV-2026-00471,Sarh Rimal Trading (fictional),INV-1809,2026-09-09,24706.22,Paid,PUR-ORD-2026-00471
ACC-PINV-2026-00472,Shams Bina Solutions (fictional),INV-1948,2026-07-19,30466.17,Paid,PUR-ORD-2026-00472
ACC-PINV-2026-00473,Sahab Tamayuz Services (fictional),INV-2193,2026-09-04,13960.8,Paid,PUR-ORD-2026-00473
ACC-PINV-2026-00474,Rimal Madar Contracting (fictional),INV-5500,2026-08-28,36335.0,Paid,PUR-ORD-2026-00474
ACC-PINV-2026-00475,Nakheel Qimma Supplies (fictional),INV-4777,2026-08-12,26112.24,Paid,PUR-ORD-2026-00475
ACC-PINV-2026-00476,Najd Madar Supplies (fictional),INV-1445,2026-09-18,8293.38,Paid,PUR-ORD-2026-00476
ACC-PINV-2026-00477,Qimma Waha Est. (fictional),INV-4615,2026-09-24,20189.0,Paid,PUR-ORD-2026-00477
ACC-PINV-2026-00478,Rimal Madar Contracting (fictional),INV-5555,2026-07-21,4124.4,Paid,PUR-ORD-2026-00478
ACC-PINV-2026-00479,Taqa Shams Trading (fictional),INV-4343,2026-07-21,38883.3,Paid,PUR-ORD-2026-00479
ACC-PINV-2026-00480,Sarh Noor Services (fictional),INV-2084,2026-08-20,5771.97,Paid,PUR-ORD-2026-00480
ACC-PINV-2026-00481,Taqa Rimal Solutions (fictional),INV-5200,2026-10-01,14103.6,Paid,PUR-ORD-2026-00481
ACC-PINV-2026-00482,Tamayuz Shams Solutions (fictional),INV-5200,2026-10-03,15992.32,Paid,PUR-ORD-2026-00482
ACC-PINV-2026-00483,Bina Sarh Est. (fictional),INV-1309,2026-09-30,41383.44,Paid,PUR-ORD-2026-00483
ACC-PINV-2026-00484,Bina Rawabi Est. (fictional),INV-1668,2026-09-02,25443.36,Paid,PUR-ORD-2026-00484
ACC-PINV-2026-00485,Buruj Dana Services (fictional),INV-2128,2026-07-31,15744.68,Paid,PUR-ORD-2026-00485
ACC-PINV-2026-00486,Bina Afaq Contracting (fictional),INV-3693,2026-09-28,26337.2,Paid,PUR-ORD-2026-00486
ACC-PINV-2026-00487,Waha Madar Est. (fictional),INV-3907,2026-08-14,4332.36,Paid,PUR-ORD-2026-00487
ACC-PINV-2026-00488,Rimal Madar Contracting (fictional),INV-5577,2026-08-02,20891.34,Paid,PUR-ORD-2026-00488
ACC-PINV-2026-00489,Rimal Madar Contracting (fictional),INV-3766,2026-09-27,29397.73,Paid,PUR-ORD-2026-00489
ACC-PINV-2026-00490,Taqa Rimal Solutions (fictional),INV-5233,2026-08-02,2794.57,Paid,PUR-ORD-2026-00490
ACC-PINV-2026-00491,Sarh Noor Services (fictional),INV-2140,2026-08-06,31138.47,Paid,PUR-ORD-2026-00491
ACC-PINV-2026-00492,Rimal Madar Contracting (fictional),INV-2828,2026-08-11,32996.6,Paid,PUR-ORD-2026-00492
ACC-PINV-2026-00493,Dana Rimal Trading (fictional),INV-2492,2026-09-04,25656.96,Paid,PUR-ORD-2026-00493
ACC-PINV-2026-00494,Najd Najd Contracting (fictional),INV-3260,2026-09-13,27520.92,Paid,PUR-ORD-2026-00494
ACC-PINV-2026-00495,Buruj Dana Trading (fictional),INV-2281,2026-07-19,31771.46,Paid,PUR-ORD-2026-00495
ACC-PINV-2026-00496,Sarh Qimma Services (fictional),INV-1844,2026-10-02,21164.0,Paid,PUR-ORD-2026-00496
ACC-PINV-2026-00497,Nakheel Qimma Supplies (fictional),INV-4807,2026-08-15,25075.17,Paid,PUR-ORD-2026-00497
ACC-PINV-2026-00498,Sarh Qimma Services (fictional),INV-1899,2026-09-01,15492.75,Paid,PUR-ORD-2026-00498
ACC-PINV-2026-00499,Rimal Madar Contracting (fictional),INV-3919,2026-09-26,5551.92,Paid,PUR-ORD-2026-00499
ACC-PINV-2026-00500,Tamayuz Jazeera Trading (fictional),INV-1359,2026-08-27,11555.85,Paid,PUR-ORD-2026-00500
ACC-PINV-2026-00501,Najd Madar Supplies (fictional),INV-1455,2026-10-04,33442.89,Paid,PUR-ORD-2026-00501
,,,,,,PUR-ORD-2026-00501
ACC-PINV-2026-00502,Najd Najd Contracting (fictional),INV-3267,2026-10-06,33598.48,Paid,PUR-ORD-2026-00502
ACC-PINV-2026-00503,Rawabi Masar Trading (fictional),INV-3564,2026-08-10,9410.56,Paid,PUR-ORD-2026-00503
ACC-PINV-2026-00504,Rawabi Masar Trading (fictional),INV-3572,2026-08-20,5676.51,Paid,PUR-ORD-2026-00504
ACC-PINV-2026-00505,Madar Jazeera Trading (fictional),INV-2015,2026-09-26,5779.02,Paid,PUR-ORD-2026-00505
ACC-PINV-2026-00506,Masar Wadi Services (fictional),INV-2521,2026-10-17,26660.55,Paid,PUR-ORD-2026-00506
ACC-PINV-2026-00507,Rawabi Masar Trading (fictional),INV-3604,2026-08-15,28242.0,Paid,PUR-ORD-2026-00507
ACC-PINV-2026-00508,Nakheel Najd Trading (fictional),INV-1486,2026-08-12,35825.72,Paid,PUR-ORD-2026-00508
ACC-PINV-2026-00509,Tamayuz Jazeera Trading (fictional),INV-1382,2026-08-13,5639.7,Paid,PUR-ORD-2026-00509
ACC-PINV-2026-00510,Waha Taqa Services (fictional),INV-5053,2026-10-04,39937.0,Paid,PUR-ORD-2026-00510
ACC-PINV-2026-00511,Sahab Sarh Est. (fictional),INV-5385,2026-09-15,17352.58,Paid,PUR-ORD-2026-00511
ACC-PINV-2026-00512,Rimal Madar Contracting (fictional),INV-4855,2026-08-07,15215.06,Paid,PUR-ORD-2026-00512
ACC-PINV-2026-00513,Rimal Madar Contracting (fictional),INV-3943,2026-09-16,18511.02,Paid,PUR-ORD-2026-00513
ACC-PINV-2026-00514,Taqa Shams Trading (fictional),INV-4366,2026-07-17,15810.7,Paid,PUR-ORD-2026-00514
ACC-PINV-2026-00515,Taqa Noor Solutions (fictional),INV-2831,2026-09-08,4294.62,Paid,PUR-ORD-2026-00515
ACC-PINV-2026-00516,Buruj Noor Solutions (fictional),INV-5313,2026-09-10,14501.55,Paid,PUR-ORD-2026-00516
ACC-PINV-2026-00517,Taqa Rimal Solutions (fictional),INV-5255,2026-08-23,20508.18,Paid,PUR-ORD-2026-00517
ACC-PINV-2026-00518,Tamayuz Jazeera Trading (fictional),INV-1415,2026-07-21,27198.78,Paid,PUR-ORD-2026-00518
ACC-PINV-2026-00519,Buruj Waha Supplies (fictional),INV-3266,2026-09-29,6928.74,Paid,PUR-ORD-2026-00519
ACC-PINV-2026-00520,Noor Masar Contracting (fictional),INV-2363,2026-08-02,3724.86,Paid,PUR-ORD-2026-00520
ACC-PINV-2026-00521,Masar Wadi Services (fictional),INV-2543,2026-07-13,33704.84,Paid,PUR-ORD-2026-00521
ACC-PINV-2026-00522,Wadi Dana Solutions (fictional),INV-4757,2026-09-23,4005.54,Paid,PUR-ORD-2026-00522
ACC-PINV-2026-00523,Tamayuz Bina Trading (fictional),INV-1672,2026-09-20,29056.32,Paid,PUR-ORD-2026-00523
ACC-PINV-2026-00524,Jazeera Qimma Solutions (fictional),INV-4024,2026-10-03,28028.63,Paid,PUR-ORD-2026-00524
ACC-PINV-2026-00525,Taqa Noor Solutions (fictional),INV-2877,2026-07-14,37079.9,Paid,PUR-ORD-2026-00525
ACC-PINV-2026-00526,Noor Masar Contracting (fictional),INV-2412,2026-10-16,29188.32,Paid,PUR-ORD-2026-00526
ACC-PINV-2026-00527,Waha Taqa Services (fictional),INV-5076,2026-10-09,19068.35,Paid,PUR-ORD-2026-00527
ACC-PINV-2026-00528,Rimal Madar Contracting (fictional),INV-3791,2026-08-09,37725.38,Paid,PUR-ORD-2026-00528
ACC-PINV-2026-00529,Waha Madar Est. (fictional),INV-3967,2026-08-12,37728.45,Paid,PUR-ORD-2026-00529
ACC-PINV-2026-00530,Dana Madar Est. (fictional),INV-5183,2026-07-24,20752.44,Paid,PUR-ORD-2026-00530
ACC-PINV-2026-00531,Dana Rimal Trading (fictional),INV-2551,2026-08-11,33773.4,Paid,PUR-ORD-2026-00531
ACC-PINV-2026-00532,Dana Rimal Trading (fictional),INV-2611,2026-09-22,3972.49,Paid,PUR-ORD-2026-00532
ACC-PINV-2026-00533,Buruj Noor Solutions (fictional),INV-5344,2026-08-03,26123.79,Paid,PUR-ORD-2026-00533
ACC-PINV-2026-00534,Taqa Sahab Services (fictional),INV-2435,2026-08-19,15030.7,Paid,PUR-ORD-2026-00534
ACC-PINV-2026-00535,Shams Noor Trading (fictional),INV-1800,2026-09-27,3123.36,Paid,PUR-ORD-2026-00535
ACC-PINV-2026-00536,Sahab Najd Solutions (fictional),INV-5115,2026-08-25,28591.3,Paid,PUR-ORD-2026-00536
ACC-PINV-2026-00537,Waha Madar Est. (fictional),INV-3980,2026-09-08,11625.84,Paid,PUR-ORD-2026-00537
ACC-PINV-2026-00538,Shams Noor Trading (fictional),INV-1840,2026-10-04,4843.2,Paid,PUR-ORD-2026-00538
ACC-PINV-2026-00539,Tamayuz Shams Solutions (fictional),INV-5254,2026-09-16,8228.0,Paid,PUR-ORD-2026-00539
ACC-PINV-2026-00540,Rimal Madar Contracting (fictional),INV-1826,2026-07-21,12707.28,Paid,PUR-ORD-2026-00540
ACC-PINV-2026-00541,Sarh Qimma Services (fictional),INV-1910,2026-07-26,14784.27,Paid,PUR-ORD-2026-00541
ACC-PINV-2026-00542,Dana Rimal Trading (fictional),INV-2664,2026-09-08,14070.55,Paid,PUR-ORD-2026-00542
ACC-PINV-2026-00543,Sarh Noor Services (fictional),INV-2170,2026-08-24,17810.8,Paid,PUR-ORD-2026-00543
ACC-PINV-2026-00544,Dana Madar Est. (fictional),INV-5224,2026-08-30,15684.24,Paid,PUR-ORD-2026-00544
ACC-PINV-2026-00545,Tamayuz Jazeera Trading (fictional),INV-1461,2026-07-28,2353.74,Paid,PUR-ORD-2026-00545
ACC-PINV-2026-00546,Sarh Qimma Services (fictional),INV-1937,2026-08-23,10741.94,Paid,PUR-ORD-2026-00546
ACC-PINV-2026-00547,Najd Najd Contracting (fictional),INV-3284,2026-09-27,3080.28,Paid,PUR-ORD-2026-00547
ACC-PINV-2026-00548,Sarh Noor Services (fictional),INV-2221,2026-08-28,2867.01,Paid,PUR-ORD-2026-00548
ACC-PINV-2026-00549,Buruj Noor Solutions (fictional),INV-5375,2026-08-04,27356.77,Paid,PUR-ORD-2026-00549
ACC-PINV-2026-00550,Sahab Tamayuz Services (fictional),INV-2241,2026-09-27,14039.04,Paid,PUR-ORD-2026-00550
ACC-PINV-2026-00551,Tamayuz Shams Solutions (fictional),INV-5312,2026-07-25,18398.82,Paid,PUR-ORD-2026-00551
ACC-PINV-2026-00552,Jazeera Qimma Solutions (fictional),INV-4042,2026-09-05,28337.25,Paid,PUR-ORD-2026-00552
ACC-PINV-2026-00553,Noor Najd Trading (fictional),INV-2891,2026-10-02,21855.44,Paid,PUR-ORD-2026-00553
ACC-PINV-2026-00554,Bina Afaq Contracting (fictional),INV-3743,2026-10-10,2683.84,Paid,PUR-ORD-2026-00554
ACC-PINV-2026-00555,Wadi Dana Solutions (fictional),INV-4804,2026-10-03,32404.32,Paid,PUR-ORD-2026-00555
ACC-PINV-2026-00556,Waha Madar Est. (fictional),INV-4006,2026-08-10,31296.65,Paid,PUR-ORD-2026-00556
ACC-PINV-2026-00557,Sarh Rimal Trading (fictional),INV-1824,2026-09-28,16657.68,Paid,PUR-ORD-2026-00557
ACC-PINV-2026-00558,Najd Sahab Contracting (fictional),INV-4038,2026-08-14,28976.61,Paid,PUR-ORD-2026-00558
ACC-PINV-2026-00559,Nakheel Sarh Solutions (fictional),INV-5190,2026-09-19,33894.48,Paid,PUR-ORD-2026-00559
ACC-PINV-2026-00560,Shams Noor Trading (fictional),INV-1896,2026-07-28,12301.52,Paid,PUR-ORD-2026-00560
ACC-PINV-2026-00561,Rimal Madar Contracting (fictional),INV-3844,2026-08-12,34070.23,Paid,PUR-ORD-2026-00561
ACC-PINV-2026-00562,Noor Masar Contracting (fictional),INV-2445,2026-10-03,3267.45,Paid,PUR-ORD-2026-00562
ACC-PINV-2026-00563,Sarh Qimma Services (fictional),INV-1945,2026-09-27,11934.0,Paid,PUR-ORD-2026-00563
ACC-PINV-2026-00564,Wadi Dana Solutions (fictional),INV-4829,2026-08-25,9017.02,Paid,PUR-ORD-2026-00564
ACC-PINV-2026-00565,Buruj Dana Services (fictional),INV-2167,2026-08-31,29272.38,Paid,PUR-ORD-2026-00565
ACC-PINV-2026-00566,Sahab Najd Solutions (fictional),INV-5166,2026-09-26,5705.82,Paid,PUR-ORD-2026-00566
ACC-PINV-2026-00567,Jazeera Qimma Solutions (fictional),INV-4083,2026-09-29,35928.56,Paid,PUR-ORD-2026-00567
ACC-PINV-2026-00568,Waha Taqa Services (fictional),INV-5102,2026-08-03,14882.4,Paid,PUR-ORD-2026-00568
ACC-PINV-2026-00569,Nakheel Qimma Supplies (fictional),INV-4857,2026-08-11,30619.68,Paid,PUR-ORD-2026-00569
ACC-PINV-2026-00570,Rimal Madar Contracting (fictional),INV-4358,2026-08-31,5735.04,Paid,PUR-ORD-2026-00570
ACC-PINV-2026-00571,Rimal Sahab Supplies (fictional),INV-2969,2026-07-28,20594.88,Paid,PUR-ORD-2026-00571
ACC-PINV-2026-00572,Taqa Noor Solutions (fictional),INV-2894,2026-07-18,10464.3,Paid,PUR-ORD-2026-00572
ACC-PINV-2026-00573,Buruj Dana Services (fictional),INV-2176,2026-07-30,29881.04,Paid,PUR-ORD-2026-00573
ACC-PINV-2026-00574,Qimma Waha Est. (fictional),INV-4646,2026-07-20,18333.21,Paid,PUR-ORD-2026-00574
ACC-PINV-2026-00575,Bina Taqa Est. (fictional),INV-4705,2026-10-18,2794.15,Paid,PUR-ORD-2026-00575
ACC-PINV-2026-00576,Rimal Qimma Services (fictional),INV-2357,2026-08-28,19233.43,Paid,PUR-ORD-2026-00576
ACC-PINV-2026-00577,Rimal Sahab Supplies (fictional),INV-2990,2026-07-26,35236.04,Paid,PUR-ORD-2026-00577
ACC-PINV-2026-00578,Rawabi Masar Trading (fictional),INV-3623,2026-08-02,39639.73,Paid,PUR-ORD-2026-00578
ACC-PINV-2026-00579,Waha Madar Est. (fictional),INV-4016,2026-08-23,13162.9,Paid,PUR-ORD-2026-00579
ACC-PINV-2026-00580,Sarh Qimma Services (fictional),INV-2001,2026-09-26,2948.99,Paid,PUR-ORD-2026-00580
ACC-PINV-2026-00581,Rimal Madar Contracting (fictional),INV-3960,2026-09-21,13278.0,Paid,PUR-ORD-2026-00581
ACC-PINV-2026-00582,Rimal Madar Contracting (fictional),INV-4897,2026-10-04,29448.72,Paid,PUR-ORD-2026-00582
ACC-PINV-2026-00583,Taqa Noor Solutions (fictional),INV-2935,2026-09-05,27217.4,Paid,PUR-ORD-2026-00583
ACC-PINV-2026-00584,Rimal Madar Contracting (fictional),INV-3192,2026-08-27,21736.1,Paid,PUR-ORD-2026-00584
ACC-PINV-2026-00585,Buruj Noor Solutions (fictional),INV-5401,2026-07-14,9318.32,Paid,PUR-ORD-2026-00585
ACC-PINV-2026-00586,Rimal Madar Contracting (fictional),INV-2866,2026-08-11,23578.72,Paid,PUR-ORD-2026-00586
ACC-PINV-2026-00587,Nakheel Najd Trading (fictional),INV-1509,2026-08-05,29882.46,Paid,PUR-ORD-2026-00587
ACC-PINV-2026-00588,Noor Masar Contracting (fictional),INV-2491,2026-09-28,4397.67,Paid,PUR-ORD-2026-00588
ACC-PINV-2026-00589,Nakheel Qimma Supplies (fictional),INV-4878,2026-08-09,34175.5,Paid,PUR-ORD-2026-00589
ACC-PINV-2026-00590,Sahab Tamayuz Services (fictional),INV-2258,2026-08-09,18463.06,Paid,PUR-ORD-2026-00590
ACC-PINV-2026-00591,Sahab Tamayuz Services (fictional),INV-2267,2026-07-28,2239.14,Paid,PUR-ORD-2026-00591
ACC-PINV-2026-00592,Rimal Qimma Services (fictional),INV-2413,2026-09-10,15934.1,Paid,PUR-ORD-2026-00592
ACC-PINV-2026-00593,Bina Taqa Est. (fictional),INV-4714,2026-08-18,8588.16,Paid,PUR-ORD-2026-00593
ACC-PINV-2026-00594,Bina Sarh Est. (fictional),INV-1317,2026-10-12,22357.98,Paid,PUR-ORD-2026-00594
ACC-PINV-2026-00595,Dana Rimal Trading (fictional),INV-2688,2026-10-02,24279.2,Paid,PUR-ORD-2026-00595
ACC-PINV-2026-00596,Bina Rawabi Est. (fictional),INV-1706,2026-09-17,27734.42,Paid,PUR-ORD-2026-00596
ACC-PINV-2026-00597,Tamayuz Bina Trading (fictional),INV-1688,2026-07-29,11420.64,Paid,PUR-ORD-2026-00597
ACC-PINV-2026-00598,Najd Madar Supplies (fictional),INV-1506,2026-07-30,32665.62,Paid,PUR-ORD-2026-00598
ACC-PINV-2026-00599,Taqa Sahab Services (fictional),INV-2495,2026-09-25,2708.53,Paid,PUR-ORD-2026-00599
ACC-PINV-2026-00600,Rimal Madar Contracting (fictional),INV-3872,2026-07-17,7915.2,Paid,PUR-ORD-2026-00600
ACC-PINV-2026-00601,Rimal Sahab Supplies (fictional),INV-3022,2026-09-19,39035.83,Paid,PUR-ORD-2026-00601
,,,,,,PUR-ORD-2026-00601
ACC-PINV-2026-00602,Rimal Madar Contracting (fictional),INV-4923,2026-08-09,12750.24,Paid,PUR-ORD-2026-00602
ACC-PINV-2026-00603,Sarh Qimma Services (fictional),INV-2053,2026-10-05,27179.25,Paid,PUR-ORD-2026-00603
ACC-PINV-2026-00604,Nakheel Qimma Supplies (fictional),INV-4929,2026-08-04,27334.65,Paid,PUR-ORD-2026-00604
ACC-PINV-2026-00605,Najd Madar Supplies (fictional),INV-1545,2026-09-16,10183.28,Paid,PUR-ORD-2026-00605
ACC-PINV-2026-00606,Sarh Qimma Services (fictional),INV-2065,2026-09-26,25168.64,Paid,PUR-ORD-2026-00606
ACC-PINV-2026-00607,Noor Masar Contracting (fictional),INV-2531,2026-10-06,20258.22,Paid,PUR-ORD-2026-00607
ACC-PINV-2026-00608,Najd Najd Contracting (fictional),INV-3295,2026-08-16,26368.3,Paid,PUR-ORD-2026-00608
ACC-PINV-2026-00609,Sahab Najd Solutions (fictional),INV-5204,2026-07-20,39273.35,Paid,PUR-ORD-2026-00609
ACC-PINV-2026-00610,Waha Madar Est. (fictional),INV-4031,2026-09-06,24057.24,Paid,PUR-ORD-2026-00610
ACC-PINV-2026-00611,Bina Rawabi Est. (fictional),INV-1750,2026-09-30,9634.12,Paid,PUR-ORD-2026-00611
ACC-PINV-2026-00612,Waha Taqa Services (fictional),INV-5118,2026-09-07,24128.06,Paid,PUR-ORD-2026-00612
ACC-PINV-2026-00613,Waha Taqa Services (fictional),INV-5171,2026-08-18,34784.79,Paid,PUR-ORD-2026-00613
ACC-PINV-2026-00614,Bina Rawabi Est. (fictional),INV-1767,2026-08-10,25357.27,Paid,PUR-ORD-2026-00614
ACC-PINV-2026-00615,Buruj Noor Solutions (fictional),INV-5409,2026-09-17,19360.0,Paid,PUR-ORD-2026-00615
ACC-PINV-2026-00616,Bina Taqa Est. (fictional),INV-4723,2026-09-29,20654.2,Paid,PUR-ORD-2026-00616
ACC-PINV-2026-00617,Najd Najd Contracting (fictional),INV-3306,2026-07-31,22185.58,Paid,PUR-ORD-2026-00617
ACC-PINV-2026-00618,Rimal Sahab Supplies (fictional),INV-3065,2026-07-17,20911.2,Paid,PUR-ORD-2026-00618
ACC-PINV-2026-00619,Taqa Sahab Services (fictional),INV-2524,2026-07-25,4394.44,Paid,PUR-ORD-2026-00619
ACC-PINV-2026-00620,Sarh Qimma Services (fictional),INV-2076,2026-09-08,8221.5,Paid,PUR-ORD-2026-00620
ACC-PINV-2026-00621,Sahab Tamayuz Services (fictional),INV-2286,2026-07-24,36227.75,Paid,PUR-ORD-2026-00621
ACC-PINV-2026-00622,Masar Wadi Services (fictional),INV-2589,2026-09-19,24410.82,Paid,PUR-ORD-2026-00622
ACC-PINV-2026-00623,Sahab Sarh Est. (fictional),INV-5421,2026-07-17,21743.56,Paid,PUR-ORD-2026-00623
ACC-PINV-2026-00624,Najd Madar Supplies (fictional),INV-1602,2026-08-26,30517.55,Paid,PUR-ORD-2026-00624
ACC-PINV-2026-00625,Masar Wadi Services (fictional),INV-2633,2026-09-28,23292.96,Paid,PUR-ORD-2026-00625
ACC-PINV-2026-00626,Nakheel Qimma Supplies (fictional),INV-4958,2026-07-10,26858.4,Paid,PUR-ORD-2026-00626
ACC-PINV-2026-00627,Rimal Sahab Supplies (fictional),INV-3087,2026-08-16,32862.36,Paid,PUR-ORD-2026-00627
ACC-PINV-2026-00628,Bina Sarh Est. (fictional),INV-1334,2026-08-07,10200.5,Paid,PUR-ORD-2026-00628
ACC-PINV-2026-00629,Rimal Madar Contracting (fictional),INV-1833,2026-07-28,6517.92,Paid,PUR-ORD-2026-00629
ACC-PINV-2026-00630,Bina Rawabi Est. (fictional),INV-1787,2026-09-07,28702.35,Paid,PUR-ORD-2026-00630
ACC-PINV-2026-00631,Tamayuz Bina Trading (fictional),INV-1708,2026-10-14,25204.48,Paid,PUR-ORD-2026-00631
ACC-PINV-2026-00632,Rimal Madar Contracting (fictional),INV-4402,2026-08-18,8400.09,Paid,PUR-ORD-2026-00632
ACC-PINV-2026-00633,Shams Noor Trading (fictional),INV-1936,2026-09-11,11373.92,Paid,PUR-ORD-2026-00633
ACC-PINV-2026-00634,Nakheel Qimma Supplies (fictional),INV-4987,2026-07-17,37296.81,Paid,PUR-ORD-2026-00634
ACC-PINV-2026-00635,Taqa Sahab Services (fictional),INV-2578,2026-10-02,40282.2,Paid,PUR-ORD-2026-00635
ACC-PINV-2026-00636,Tamayuz Bina Trading (fictional),INV-1768,2026-08-08,15185.5,Paid,PUR-ORD-2026-00636
ACC-PINV-2026-00637,Rimal Sahab Supplies (fictional),INV-3113,2026-07-17,7814.43,Paid,PUR-ORD-2026-00637
ACC-PINV-2026-00638,Sarh Rimal Trading (fictional),INV-1873,2026-07-11,3945.43,Paid,PUR-ORD-2026-00638
ACC-PINV-2026-00639,Sarh Noor Services (fictional),INV-2243,2026-08-12,40233.38,Paid,PUR-ORD-2026-00639
ACC-PINV-2026-00640,Nakheel Sarh Solutions (fictional),INV-5216,2026-07-12,26583.0,Paid,PUR-ORD-2026-00640
ACC-PINV-2026-00641,Bina Afaq Contracting (fictional),INV-3800,2026-08-08,40354.66,Paid,PUR-ORD-2026-00641
ACC-PINV-2026-00642,Sahab Sarh Est. (fictional),INV-5465,2026-07-27,5760.56,Paid,PUR-ORD-2026-00642
ACC-PINV-2026-00643,Wadi Dana Solutions (fictional),INV-4880,2026-08-18,2689.9,Paid,PUR-ORD-2026-00643
ACC-PINV-2026-00644,Rimal Madar Contracting (fictional),INV-5505,2026-08-22,38998.08,Paid,PUR-ORD-2026-00644
ACC-PINV-2026-00645,Qimma Waha Est. (fictional),INV-4679,2026-09-21,38724.24,Paid,PUR-ORD-2026-00645
ACC-PINV-2026-00646,Rimal Madar Contracting (fictional),INV-5601,2026-08-07,18534.96,Paid,PUR-ORD-2026-00646
ACC-PINV-2026-00647,Waha Taqa Services (fictional),INV-5185,2026-08-20,14859.81,Paid,PUR-ORD-2026-00647
ACC-PINV-2026-00648,Najd Madar Supplies (fictional),INV-1651,2026-08-02,31201.92,Paid,PUR-ORD-2026-00648
ACC-PINV-2026-00649,Buruj Dana Services (fictional),INV-2234,2026-10-11,9650.08,Paid,PUR-ORD-2026-00649
ACC-PINV-2026-00650,Jazeera Qimma Solutions (fictional),INV-4134,2026-10-06,35137.08,Paid,PUR-ORD-2026-00650
ACC-PINV-2026-00651,Bina Rawabi Est. (fictional),INV-1828,2026-08-29,2272.78,Paid,PUR-ORD-2026-00651
ACC-PINV-2026-00652,Rimal Sahab Supplies (fictional),INV-3120,2026-08-05,2655.78,Paid,PUR-ORD-2026-00652
ACC-PINV-2026-00653,Sarh Rimal Trading (fictional),INV-1885,2026-09-03,9799.2,Paid,PUR-ORD-2026-00653
ACC-PINV-2026-00654,Waha Madar Est. (fictional),INV-4055,2026-09-18,35553.46,Paid,PUR-ORD-2026-00654
ACC-PINV-2026-00655,Rimal Madar Contracting (fictional),INV-2873,2026-07-13,33773.0,Paid,PUR-ORD-2026-00655
ACC-PINV-2026-00656,Najd Najd Contracting (fictional),INV-3326,2026-08-16,33295.65,Paid,PUR-ORD-2026-00656
ACC-PINV-2026-00657,Tamayuz Shams Solutions (fictional),INV-5363,2026-10-18,9593.73,Paid,PUR-ORD-2026-00657
ACC-PINV-2026-00658,Rimal Qimma Services (fictional),INV-2458,2026-09-28,38393.65,Paid,PUR-ORD-2026-00658
ACC-PINV-2026-00659,Shams Bina Solutions (fictional),INV-1981,2026-09-10,35615.7,Paid,PUR-ORD-2026-00659
ACC-PINV-2026-00660,Rimal Madar Contracting (fictional),INV-5514,2026-09-29,35376.15,Paid,PUR-ORD-2026-00660
ACC-PINV-2026-00661,Bina Rawabi Est. (fictional),INV-1872,2026-07-17,29871.66,Paid,PUR-ORD-2026-00661
ACC-PINV-2026-00662,Sahab Tamayuz Services (fictional),INV-2334,2026-10-04,38183.94,Paid,PUR-ORD-2026-00662
ACC-PINV-2026-00663,Shams Madar Contracting (fictional),INV-4968,2026-08-16,23986.77,Paid,PUR-ORD-2026-00663
ACC-PINV-2026-00664,Rimal Qimma Services (fictional),INV-2513,2026-07-15,8288.25,Paid,PUR-ORD-2026-00664
ACC-PINV-2026-00665,Noor Najd Trading (fictional),INV-2941,2026-10-04,11390.32,Paid,PUR-ORD-2026-00665
ACC-PINV-2026-00666,Rimal Madar Contracting (fictional),INV-3215,2026-08-20,36254.16,Paid,PUR-ORD-2026-00666
ACC-PINV-2026-00667,Wadi Dana Solutions (fictional),INV-4918,2026-08-14,39137.61,Paid,PUR-ORD-2026-00667
ACC-PINV-2026-00668,Taqa Noor Solutions (fictional),INV-2989,2026-07-08,25464.18,Paid,PUR-ORD-2026-00668
ACC-PINV-2026-00669,Tamayuz Shams Solutions (fictional),INV-5385,2026-08-30,26687.54,Paid,PUR-ORD-2026-00669
ACC-PINV-2026-00670,Tamayuz Bina Trading (fictional),INV-1819,2026-09-19,25546.0,Paid,PUR-ORD-2026-00670
ACC-PINV-2026-00671,Wadi Dana Solutions (fictional),INV-4975,2026-08-10,21301.56,Paid,PUR-ORD-2026-00671
ACC-PINV-2026-00672,Sahab Najd Solutions (fictional),INV-5214,2026-09-28,29864.35,Paid,PUR-ORD-2026-00672
ACC-PINV-2026-00673,Jazeera Qimma Solutions (fictional),INV-4146,2026-09-21,16576.8,Paid,PUR-ORD-2026-00673
ACC-PINV-2026-00674,Sarh Rimal Trading (fictional),INV-1924,2026-08-22,28740.84,Paid,PUR-ORD-2026-00674
ACC-PINV-2026-00675,Nakheel Najd Trading (fictional),INV-1537,2026-09-14,39090.6,Paid,PUR-ORD-2026-00675
ACC-PINV-2026-00676,Rimal Qimma Services (fictional),INV-2555,2026-08-08,19472.4,Paid,PUR-ORD-2026-00676
ACC-PINV-2026-00677,Buruj Dana Trading (fictional),INV-2299,2026-07-28,22620.25,Paid,PUR-ORD-2026-00677
ACC-PINV-2026-00678,Dana Rimal Trading (fictional),INV-2741,2026-09-09,23278.71,Paid,PUR-ORD-2026-00678
ACC-PINV-2026-00679,Sarh Rimal Trading (fictional),INV-1957,2026-07-26,19736.19,Paid,PUR-ORD-2026-00679
ACC-PINV-2026-00680,Sahab Najd Solutions (fictional),INV-5232,2026-09-10,23161.05,Paid,PUR-ORD-2026-00680
ACC-PINV-2026-00681,Nakheel Sarh Solutions (fictional),INV-5236,2026-09-27,7301.96,Paid,PUR-ORD-2026-00681
ACC-PINV-2026-00682,Rimal Madar Contracting (fictional),INV-3236,2026-09-04,8614.48,Paid,PUR-ORD-2026-00682
ACC-PINV-2026-00683,Tamayuz Jazeera Trading (fictional),INV-1469,2026-10-11,2191.3,Paid,PUR-ORD-2026-00683
ACC-PINV-2026-00684,Nakheel Qimma Supplies (fictional),INV-5047,2026-08-03,9704.94,Paid,PUR-ORD-2026-00684
ACC-PINV-2026-00685,Shams Bina Solutions (fictional),INV-2006,2026-09-30,36179.39,Paid,PUR-ORD-2026-00685
ACC-PINV-2026-00686,Masar Wadi Services (fictional),INV-2664,2026-08-19,8665.16,Paid,PUR-ORD-2026-00686
ACC-PINV-2026-00687,Jazeera Noor Supplies (fictional),INV-4860,2026-08-15,4164.18,Paid,PUR-ORD-2026-00687
ACC-PINV-2026-00688,Najd Madar Supplies (fictional),INV-1708,2026-09-14,20614.22,Paid,PUR-ORD-2026-00688
ACC-PINV-2026-00689,Wadi Dana Solutions (fictional),INV-4999,2026-09-23,31768.8,Paid,PUR-ORD-2026-00689
ACC-PINV-2026-00690,Buruj Dana Services (fictional),INV-2257,2026-09-03,14304.15,Paid,PUR-ORD-2026-00690
ACC-PINV-2026-00691,Waha Madar Est. (fictional),INV-4091,2026-08-13,22262.16,Paid,PUR-ORD-2026-00691
ACC-PINV-2026-00692,Taqa Sahab Services (fictional),INV-2610,2026-08-31,4269.12,Paid,PUR-ORD-2026-00692
ACC-PINV-2026-00693,Sahab Sarh Est. (fictional),INV-5509,2026-07-31,32611.4,Paid,PUR-ORD-2026-00693
ACC-PINV-2026-00694,Tamayuz Jazeera Trading (fictional),INV-1486,2026-08-14,4461.37,Paid,PUR-ORD-2026-00694
ACC-PINV-2026-00695,Buruj Noor Solutions (fictional),INV-5452,2026-07-06,30226.14,Paid,PUR-ORD-2026-00695
ACC-PINV-2026-00696,Sarh Noor Services (fictional),INV-2263,2026-09-06,8799.05,Paid,PUR-ORD-2026-00696
ACC-PINV-2026-00697,Sarh Rimal Trading (fictional),INV-1991,2026-09-13,35212.86,Paid,PUR-ORD-2026-00697
ACC-PINV-2026-00698,Buruj Dana Services (fictional),INV-2289,2026-08-18,4683.42,Paid,PUR-ORD-2026-00698
ACC-PINV-2026-00699,Rimal Madar Contracting (fictional),INV-4015,2026-10-07,18212.04,Paid,PUR-ORD-2026-00699
ACC-PINV-2026-00700,Najd Madar Supplies (fictional),INV-1757,2026-07-28,4192.92,Paid,PUR-ORD-2026-00700
ACC-PINV-2026-00701,Najd Madar Supplies (fictional),INV-1781,2026-08-24,3508.32,Paid,PUR-ORD-2026-00701
,,,,,,PUR-ORD-2026-00701
ACC-PINV-2026-00702,Rimal Madar Contracting (fictional),INV-4976,2026-10-07,16064.72,Paid,PUR-ORD-2026-00702
ACC-PINV-2026-00703,Rimal Madar Contracting (fictional),INV-3927,2026-09-25,19405.62,Paid,PUR-ORD-2026-00703
ACC-PINV-2026-00704,Tamayuz Shams Solutions (fictional),INV-5411,2026-09-06,25819.83,Paid,PUR-ORD-2026-00704
ACC-PINV-2026-00705,Noor Masar Contracting (fictional),INV-2541,2026-08-09,41361.34,Paid,PUR-ORD-2026-00705
ACC-PINV-2026-00706,Rimal Sahab Supplies (fictional),INV-3128,2026-09-25,35991.81,Paid,PUR-ORD-2026-00706
ACC-PINV-2026-00707,Rimal Madar Contracting (fictional),INV-5563,2026-07-31,17337.6,Paid,PUR-ORD-2026-00707
ACC-PINV-2026-00708,Nakheel Qimma Supplies (fictional),INV-5074,2026-09-24,22353.76,Paid,PUR-ORD-2026-00708
ACC-PINV-2026-00709,Sarh Rimal Trading (fictional),INV-2033,2026-09-20,10406.5,Paid,PUR-ORD-2026-00709
ACC-PINV-2026-00710,Rimal Madar Contracting (fictional),INV-3261,2026-07-18,2502.2,Paid,PUR-ORD-2026-00710
ACC-PINV-2026-00711,Rimal Qimma Services (fictional),INV-2599,2026-09-23,3066.14,Paid,PUR-ORD-2026-00711
ACC-PINV-2026-00712,Rimal Madar Contracting (fictional),INV-5638,2026-09-19,35725.84,Paid,PUR-ORD-2026-00712
ACC-PINV-2026-00713,Dana Rimal Trading (fictional),INV-2797,2026-09-04,9342.62,Paid,PUR-ORD-2026-00713
ACC-PINV-2026-00714,Sarh Noor Services (fictional),INV-2299,2026-08-27,1336.32,Paid,PUR-ORD-2026-00714
ACC-PINV-2026-00715,Rimal Madar Contracting (fictional),INV-3942,2026-07-29,23497.18,Paid,PUR-ORD-2026-00715
ACC-PINV-2026-00716,Sarh Rimal Trading (fictional),INV-2089,2026-09-17,9828.42,Paid,PUR-ORD-2026-00716
ACC-PINV-2026-00717,Taqa Rimal Solutions (fictional),INV-5267,2026-09-16,7853.8,Paid,PUR-ORD-2026-00717
ACC-PINV-2026-00718,Waha Madar Est. (fictional),INV-4143,2026-07-30,35248.08,Paid,PUR-ORD-2026-00718
ACC-PINV-2026-00719,Rimal Madar Contracting (fictional),INV-2911,2026-08-09,12367.14,Paid,PUR-ORD-2026-00719
ACC-PINV-2026-00720,Buruj Dana Services (fictional),INV-2340,2026-08-03,17996.64,Paid,PUR-ORD-2026-00720
ACC-PINV-2026-00721,Noor Najd Trading (fictional),INV-2959,2026-08-12,32121.0,Paid,PUR-ORD-2026-00721
ACC-PINV-2026-00722,Rimal Madar Contracting (fictional),INV-1846,2026-10-12,13899.0,Paid,PUR-ORD-2026-00722
ACC-PINV-2026-00723,Bina Taqa Est. (fictional),INV-4750,2026-08-07,21345.44,Paid,PUR-ORD-2026-00723
ACC-PINV-2026-00724,Waha Madar Est. (fictional),INV-4181,2026-10-06,28066.5,Paid,PUR-ORD-2026-00724
ACC-PINV-2026-00725,Waha Madar Est. (fictional),INV-4237,2026-09-25,19733.91,Paid,PUR-ORD-2026-00725
ACC-PINV-2026-00726,Nakheel Sarh Solutions (fictional),INV-5291,2026-08-02,20555.72,Paid,PUR-ORD-2026-00726
ACC-PINV-2026-00727,Buruj Dana Trading (fictional),INV-2331,2026-08-12,33377.85,Paid,PUR-ORD-2026-00727
ACC-PINV-2026-00728,Buruj Noor Solutions (fictional),INV-5491,2026-07-31,35181.72,Paid,PUR-ORD-2026-00728
ACC-PINV-2026-00729,Buruj Waha Supplies (fictional),INV-3276,2026-07-21,9548.91,Paid,PUR-ORD-2026-00729
ACC-PINV-2026-00730,Rimal Sahab Supplies (fictional),INV-3184,2026-08-23,35445.87,Paid,PUR-ORD-2026-00730
ACC-PINV-2026-00731,Najd Sahab Contracting (fictional),INV-4078,2026-09-12,18879.63,Paid,PUR-ORD-2026-00731
ACC-PINV-2026-00732,Waha Taqa Services (fictional),INV-5204,2026-09-25,11779.5,Paid,PUR-ORD-2026-00732
ACC-PINV-2026-00733,Jazeera Qimma Solutions (fictional),INV-4198,2026-08-20,4598.83,Paid,PUR-ORD-2026-00733
ACC-PINV-2026-00734,Buruj Dana Trading (fictional),INV-2357,2026-10-01,25899.51,Paid,PUR-ORD-2026-00734
ACC-PINV-2026-00735,Rimal Madar Contracting (fictional),INV-1876,2026-09-19,37670.13,Paid,PUR-ORD-2026-00735
ACC-PINV-2026-00736,Rimal Madar Contracting (fictional),INV-5679,2026-08-16,37801.76,Paid,PUR-ORD-2026-00736
ACC-PINV-2026-00737,Nakheel Qimma Supplies (fictional),INV-5081,2026-09-10,1323.67,Paid,PUR-ORD-2026-00737
ACC-PINV-2026-00738,Nakheel Najd Trading (fictional),INV-1559,2026-07-30,38274.6,Paid,PUR-ORD-2026-00738
ACC-PINV-2026-00739,Waha Taqa Services (fictional),INV-5257,2026-07-18,31410.32,Paid,PUR-ORD-2026-00739
ACC-PINV-2026-00740,Bina Taqa Est. (fictional),INV-4803,2026-08-02,16016.0,Paid,PUR-ORD-2026-00740
ACC-PINV-2026-00741,Rimal Madar Contracting (fictional),INV-4453,2026-07-27,25875.85,Paid,PUR-ORD-2026-00741
ACC-PINV-2026-00742,Rimal Madar Contracting (fictional),INV-4460,2026-08-07,14595.48,Paid,PUR-ORD-2026-00742
ACC-PINV-2026-00743,Waha Taqa Services (fictional),INV-5271,2026-10-11,31510.24,Paid,PUR-ORD-2026-00743
ACC-PINV-2026-00744,Sarh Qimma Services (fictional),INV-2125,2026-07-22,21373.0,Paid,PUR-ORD-2026-00744
ACC-PINV-2026-00745,Rimal Madar Contracting (fictional),INV-4984,2026-09-08,3616.88,Paid,PUR-ORD-2026-00745
ACC-PINV-2026-00746,Madar Jazeera Trading (fictional),INV-2073,2026-09-26,9969.65,Paid,PUR-ORD-2026-00746
ACC-PINV-2026-00747,Najd Madar Supplies (fictional),INV-1815,2026-07-21,14875.08,Paid,PUR-ORD-2026-00747
ACC-PINV-2026-00748,Dana Madar Est. (fictional),INV-5266,2026-09-08,20297.14,Paid,PUR-ORD-2026-00748
ACC-PINV-2026-00749,Rimal Madar Contracting (fictional),INV-4047,2026-08-26,33272.2,Paid,PUR-ORD-2026-00749
ACC-PINV-2026-00750,Rawabi Masar Trading (fictional),INV-3679,2026-07-19,29523.1,Paid,PUR-ORD-2026-00750
ACC-PINV-2026-00751,Taqa Noor Solutions (fictional),INV-3027,2026-08-22,30902.4,Paid,PUR-ORD-2026-00751
ACC-PINV-2026-00752,Rimal Madar Contracting (fictional),INV-4470,2026-09-04,38128.44,Paid,PUR-ORD-2026-00752
ACC-PINV-2026-00753,Rimal Madar Contracting (fictional),INV-2953,2026-10-14,18907.66,Paid,PUR-ORD-2026-00753
ACC-PINV-2026-00754,Qimma Waha Est. (fictional),INV-4686,2026-08-17,7405.7,Paid,PUR-ORD-2026-00754
ACC-PINV-2026-00755,Taqa Noor Solutions (fictional),INV-3036,2026-07-22,15578.1,Paid,PUR-ORD-2026-00755
ACC-PINV-2026-00756,Noor Masar Contracting (fictional),INV-2577,2026-09-23,32999.96,Paid,PUR-ORD-2026-00756
ACC-PINV-2026-00757,Rimal Madar Contracting (fictional),INV-5597,2026-10-15,8995.0,Paid,PUR-ORD-2026-00757
ACC-PINV-2026-00758,Rawabi Masar Trading (fictional),INV-3708,2026-10-10,31173.66,Paid,PUR-ORD-2026-00758
ACC-PINV-2026-00759,Najd Sahab Contracting (fictional),INV-4135,2026-10-02,13853.76,Paid,PUR-ORD-2026-00759
ACC-PINV-2026-00760,Buruj Dana Trading (fictional),INV-2406,2026-07-22,15925.68,Paid,PUR-ORD-2026-00760
ACC-PINV-2026-00761,Madar Jazeera Trading (fictional),INV-2096,2026-08-24,27503.84,Paid,PUR-ORD-2026-00761
ACC-PINV-2026-00762,Rimal Madar Contracting (fictional),INV-5726,2026-10-01,10423.95,Paid,PUR-ORD-2026-00762
ACC-PINV-2026-00763,Shams Madar Contracting (fictional),INV-5022,2026-09-20,8461.18,Paid,PUR-ORD-2026-00763
ACC-PINV-2026-00764,Shams Noor Trading (fictional),INV-1947,2026-07-23,28603.86,Paid,PUR-ORD-2026-00764
ACC-PINV-2026-00765,Bina Afaq Contracting (fictional),INV-3829,2026-08-01,25058.03,Paid,PUR-ORD-2026-00765
ACC-PINV-2026-00766,Madar Jazeera Trading (fictional),INV-2129,2026-08-10,9237.23,Paid,PUR-ORD-2026-00766
ACC-PINV-2026-00767,Rimal Madar Contracting (fictional),INV-5630,2026-10-07,27059.68,Paid,PUR-ORD-2026-00767
ACC-PINV-2026-00768,Bina Afaq Contracting (fictional),INV-3853,2026-08-13,38943.62,Paid,PUR-ORD-2026-00768
ACC-PINV-2026-00769,Shams Noor Trading (fictional),INV-1961,2026-09-29,19337.76,Paid,PUR-ORD-2026-00769
ACC-PINV-2026-00770,Taqa Noor Solutions (fictional),INV-3051,2026-09-04,11438.82,Paid,PUR-ORD-2026-00770
ACC-PINV-2026-00771,Rimal Madar Contracting (fictional),INV-5676,2026-08-02,27595.68,Paid,PUR-ORD-2026-00771
ACC-PINV-2026-00772,Rimal Madar Contracting (fictional),INV-4515,2026-08-23,16252.29,Paid,PUR-ORD-2026-00772
ACC-PINV-2026-00773,Bina Taqa Est. (fictional),INV-4852,2026-07-20,10455.51,Paid,PUR-ORD-2026-00773
ACC-PINV-2026-00774,Buruj Waha Supplies (fictional),INV-3283,2026-09-17,15763.42,Paid,PUR-ORD-2026-00774
ACC-PINV-2026-00775,Sahab Najd Solutions (fictional),INV-5275,2026-07-29,9937.83,Paid,PUR-ORD-2026-00775
ACC-PINV-2026-00776,Noor Masar Contracting (fictional),INV-2597,2026-09-14,9878.44,Paid,PUR-ORD-2026-00776
ACC-PINV-2026-00777,Rimal Madar Contracting (fictional),INV-3317,2026-08-26,18111.06,Paid,PUR-ORD-2026-00777
ACC-PINV-2026-00778,Rimal Madar Contracting (fictional),INV-2977,2026-10-07,32159.97,Paid,PUR-ORD-2026-00778
ACC-PINV-2026-00779,Sahab Najd Solutions (fictional),INV-5316,2026-07-20,17036.35,Paid,PUR-ORD-2026-00779
ACC-PINV-2026-00780,Rimal Madar Contracting (fictional),INV-4062,2026-09-02,17667.36,Paid,PUR-ORD-2026-00780
ACC-PINV-2026-00781,Sahab Sarh Est. (fictional),INV-5554,2026-07-08,25049.31,Paid,PUR-ORD-2026-00781
ACC-PINV-2026-00782,Shams Madar Contracting (fictional),INV-5077,2026-08-31,8793.12,Paid,PUR-ORD-2026-00782
ACC-PINV-2026-00783,Rimal Madar Contracting (fictional),INV-5765,2026-09-17,10803.24,Paid,PUR-ORD-2026-00783
ACC-PINV-2026-00784,Sarh Noor Services (fictional),INV-2355,2026-07-26,11992.95,Paid,PUR-ORD-2026-00784
ACC-PINV-2026-00785,Jazeera Noor Supplies (fictional),INV-4919,2026-07-29,37999.2,Paid,PUR-ORD-2026-00785
ACC-PINV-2026-00786,Dana Madar Est. (fictional),INV-5295,2026-09-08,27610.52,Paid,PUR-ORD-2026-00786
ACC-PINV-2026-00787,Wadi Dana Solutions (fictional),INV-5057,2026-09-28,31242.28,Paid,PUR-ORD-2026-00787
ACC-PINV-2026-00788,Noor Najd Trading (fictional),INV-2971,2026-07-12,9322.52,Paid,PUR-ORD-2026-00788
ACC-PINV-2026-00789,Bina Rawabi Est. (fictional),INV-1883,2026-08-29,3334.26,Paid,PUR-ORD-2026-00789
ACC-PINV-2026-00790,Bina Afaq Contracting (fictional),INV-3904,2026-08-18,10555.49,Paid,PUR-ORD-2026-00790
ACC-PINV-2026-00791,Shams Madar Contracting (fictional),INV-5088,2026-09-12,21171.5,Paid,PUR-ORD-2026-00791
ACC-PINV-2026-00792,Bina Afaq Contracting (fictional),INV-3952,2026-08-06,28529.4,Paid,PUR-ORD-2026-00792
ACC-PINV-2026-00793,Bina Sarh Est. (fictional),INV-1369,2026-09-07,12100.0,Paid,PUR-ORD-2026-00793
ACC-PINV-2026-00794,Rimal Madar Contracting (fictional),INV-4551,2026-10-10,20741.1,Paid,PUR-ORD-2026-00794
ACC-PINV-2026-00795,Sahab Sarh Est. (fictional),INV-5598,2026-08-13,11450.18,Paid,PUR-ORD-2026-00795
ACC-PINV-2026-00796,Rawabi Masar Trading (fictional),INV-3738,2026-08-27,22636.48,Paid,PUR-ORD-2026-00796
ACC-PINV-2026-00797,Jazeera Qimma Solutions (fictional),INV-4243,2026-08-30,30953.44,Paid,PUR-ORD-2026-00797
ACC-PINV-2026-00798,Najd Sahab Contracting (fictional),INV-4185,2026-08-18,26142.64,Paid,PUR-ORD-2026-00798
ACC-PINV-2026-00799,Najd Madar Supplies (fictional),INV-1862,2026-10-11,29652.35,Paid,PUR-ORD-2026-00799
ACC-PINV-2026-00800,Najd Madar Supplies (fictional),INV-1912,2026-08-31,21866.25,Paid,PUR-ORD-2026-00800
ACC-PINV-2026-00801,Taqa Sahab Services (fictional),INV-2642,2026-09-01,12121.4,Paid,PUR-ORD-2026-00801
,,,,,,PUR-ORD-2026-00801
ACC-PINV-2026-00802,Buruj Dana Trading (fictional),INV-2438,2026-08-13,22076.4,Paid,PUR-ORD-2026-00802
ACC-PINV-2026-00803,Buruj Dana Trading (fictional),INV-2457,2026-09-08,13560.6,Paid,PUR-ORD-2026-00803
ACC-PINV-2026-00804,Taqa Rimal Solutions (fictional),INV-5319,2026-09-12,20699.58,Paid,PUR-ORD-2026-00804
ACC-PINV-2026-00805,Waha Madar Est. (fictional),INV-4282,2026-09-02,8863.68,Paid,PUR-ORD-2026-00805
ACC-PINV-2026-00806,Taqa Sahab Services (fictional),INV-2695,2026-10-05,20346.13,Paid,PUR-ORD-2026-00806
ACC-PINV-2026-00807,Bina Afaq Contracting (fictional),INV-4004,2026-09-27,14243.28,Paid,PUR-ORD-2026-00807
ACC-PINV-2026-00808,Rimal Madar Contracting (fictional),INV-1907,2026-08-11,32223.35,Paid,PUR-ORD-2026-00808
ACC-PINV-2026-00809,Buruj Waha Supplies (fictional),INV-3328,2026-07-21,7510.32,Paid,PUR-ORD-2026-00809
ACC-PINV-2026-00810,Rawabi Masar Trading (fictional),INV-3768,2026-10-03,37460.71,Paid,PUR-ORD-2026-00810
ACC-PINV-2026-00811,Waha Madar Est. (fictional),INV-4292,2026-08-17,30633.17,Paid,PUR-ORD-2026-00811
ACC-PINV-2026-00812,Tamayuz Shams Solutions (fictional),INV-5459,2026-08-26,27900.6,Paid,PUR-ORD-2026-00812
ACC-PINV-2026-00813,Noor Masar Contracting (fictional),INV-2634,2026-07-12,4696.61,Paid,PUR-ORD-2026-00813
ACC-PINV-2026-00814,Najd Sahab Contracting (fictional),INV-4201,2026-07-30,34596.6,Paid,PUR-ORD-2026-00814
ACC-PINV-2026-00815,Rimal Madar Contracting (fictional),INV-3965,2026-08-28,25436.48,Paid,PUR-ORD-2026-00815
ACC-PINV-2026-00816,Taqa Rimal Solutions (fictional),INV-5345,2026-08-20,17125.56,Paid,PUR-ORD-2026-00816
ACC-PINV-2026-00817,Najd Madar Supplies (fictional),INV-1947,2026-08-09,13877.25,Paid,PUR-ORD-2026-00817
ACC-PINV-2026-00818,Nakheel Qimma Supplies (fictional),INV-5139,2026-09-01,3340.0,Paid,PUR-ORD-2026-00818
ACC-PINV-2026-00819,Buruj Dana Services (fictional),INV-2386,2026-09-06,34991.52,Paid,PUR-ORD-2026-00819
ACC-PINV-2026-00820,Qimma Waha Est. (fictional),INV-4743,2026-08-10,3959.91,Paid,PUR-ORD-2026-00820
ACC-PINV-2026-00821,Nakheel Qimma Supplies (fictional),INV-5146,2026-09-12,36514.6,Paid,PUR-ORD-2026-00821
ACC-PINV-2026-00822,Rimal Madar Contracting (fictional),INV-4091,2026-09-18,4383.68,Paid,PUR-ORD-2026-00822
ACC-PINV-2026-00823,Nakheel Najd Trading (fictional),INV-1582,2026-09-14,8601.56,Paid,PUR-ORD-2026-00823
ACC-PINV-2026-00824,Waha Taqa Services (fictional),INV-5284,2026-07-11,13299.24,Paid,PUR-ORD-2026-00824
ACC-PINV-2026-00825,Taqa Rimal Solutions (fictional),INV-5401,2026-08-23,25995.93,Paid,PUR-ORD-2026-00825
ACC-PINV-2026-00826,Qimma Waha Est. (fictional),INV-4762,2026-08-27,37219.0,Paid,PUR-ORD-2026-00826
ACC-PINV-2026-00827,Bina Afaq Contracting (fictional),INV-4045,2026-08-10,8317.53,Paid,PUR-ORD-2026-00827
ACC-PINV-2026-00828,Qimma Waha Est. (fictional),INV-4803,2026-09-25,7444.2,Paid,PUR-ORD-2026-00828
ACC-PINV-2026-00829,Madar Jazeera Trading (fictional),INV-2137,2026-10-02,8327.76,Paid,PUR-ORD-2026-00829
ACC-PINV-2026-00830,Dana Madar Est. (fictional),INV-5342,2026-10-16,22374.4,Paid,PUR-ORD-2026-00830
ACC-PINV-2026-00831,Rimal Madar Contracting (fictional),INV-4573,2026-08-05,16644.36,Paid,PUR-ORD-2026-00831
ACC-PINV-2026-00832,Rimal Madar Contracting (fictional),INV-4130,2026-08-17,4358.24,Paid,PUR-ORD-2026-00832
ACC-PINV-2026-00833,Qimma Waha Est. (fictional),INV-4860,2026-10-08,19488.36,Paid,PUR-ORD-2026-00833
ACC-PINV-2026-00834,Jazeera Noor Supplies (fictional),INV-4966,2026-09-11,27416.29,Paid,PUR-ORD-2026-00834
ACC-PINV-2026-00835,Rimal Sahab Supplies (fictional),INV-3237,2026-08-15,28250.04,Paid,PUR-ORD-2026-00835
ACC-PINV-2026-00836,Nakheel Najd Trading (fictional),INV-1601,2026-07-16,23441.4,Paid,PUR-ORD-2026-00836
ACC-PINV-2026-00837,Dana Rimal Trading (fictional),INV-2847,2026-09-11,30903.88,Paid,PUR-ORD-2026-00837
ACC-PINV-2026-00838,Taqa Shams Trading (fictional),INV-4404,2026-09-27,42193.69,Paid,PUR-ORD-2026-00838
ACC-PINV-2026-00839,Buruj Dana Services (fictional),INV-2420,2026-10-12,30843.04,Paid,PUR-ORD-2026-00839
ACC-PINV-2026-00840,Taqa Sahab Services (fictional),INV-2738,2026-07-22,30420.0,Paid,PUR-ORD-2026-00840
ACC-PINV-2026-00841,Shams Noor Trading (fictional),INV-2008,2026-07-27,8415.15,Paid,PUR-ORD-2026-00841
ACC-PINV-2026-00842,Shams Madar Contracting (fictional),INV-5144,2026-10-16,6549.68,Paid,PUR-ORD-2026-00842
ACC-PINV-2026-00843,Sahab Tamayuz Services (fictional),INV-2361,2026-09-20,5921.4,Paid,PUR-ORD-2026-00843
ACC-PINV-2026-00844,Taqa Noor Solutions (fictional),INV-3089,2026-09-03,21649.68,Paid,PUR-ORD-2026-00844
ACC-PINV-2026-00845,Madar Jazeera Trading (fictional),INV-2171,2026-07-25,8385.64,Paid,PUR-ORD-2026-00845
ACC-PINV-2026-00846,Jazeera Qimma Solutions (fictional),INV-4283,2026-07-16,24563.54,Paid,PUR-ORD-2026-00846
ACC-PINV-2026-00847,Jazeera Qimma Solutions (fictional),INV-4304,2026-07-09,19445.62,Paid,PUR-ORD-2026-00847
ACC-PINV-2026-00848,Rimal Qimma Services (fictional),INV-2630,2026-07-08,20122.24,Paid,PUR-ORD-2026-00848
ACC-PINV-2026-00849,Rimal Madar Contracting (fictional),INV-4606,2026-08-07,18627.57,Paid,PUR-ORD-2026-00849
ACC-PINV-2026-00850,Shams Madar Contracting (fictional),INV-5167,2026-10-01,8470.28,Paid,PUR-ORD-2026-00850
ACC-PINV-2026-00851,Sahab Najd Solutions (fictional),INV-5327,2026-08-09,23299.01,Paid,PUR-ORD-2026-00851
ACC-PINV-2026-00852,Najd Madar Supplies (fictional),INV-1970,2026-09-07,2799.28,Paid,PUR-ORD-2026-00852
ACC-PINV-2026-00853,Najd Madar Supplies (fictional),INV-1984,2026-08-11,7649.7,Paid,PUR-ORD-2026-00853
ACC-PINV-2026-00854,Rimal Madar Contracting (fictional),INV-3978,2026-08-13,14186.08,Paid,PUR-ORD-2026-00854
ACC-PINV-2026-00855,Najd Madar Supplies (fictional),INV-2023,2026-08-25,6240.6,Paid,PUR-ORD-2026-00855
ACC-PINV-2026-00856,Rawabi Masar Trading (fictional),INV-3779,2026-09-30,27776.47,Paid,PUR-ORD-2026-00856
ACC-PINV-2026-00857,Waha Taqa Services (fictional),INV-5332,2026-10-06,9209.3,Paid,PUR-ORD-2026-00857
ACC-PINV-2026-00858,Taqa Shams Trading (fictional),INV-4442,2026-09-15,39379.5,Paid,PUR-ORD-2026-00858
ACC-PINV-2026-00859,Shams Madar Contracting (fictional),INV-5205,2026-08-30,24341.28,Paid,PUR-ORD-2026-00859
ACC-PINV-2026-00860,Buruj Dana Trading (fictional),INV-2490,2026-08-11,41442.94,Paid,PUR-ORD-2026-00860
ACC-PINV-2026-00861,Qimma Waha Est. (fictional),INV-4886,2026-08-23,8305.22,Paid,PUR-ORD-2026-00861
ACC-PINV-2026-00862,Waha Taqa Services (fictional),INV-5384,2026-10-05,5553.9,Paid,PUR-ORD-2026-00862
ACC-PINV-2026-00863,Nakheel Qimma Supplies (fictional),INV-5193,2026-07-30,12501.72,Paid,PUR-ORD-2026-00863
ACC-PINV-2026-00864,Dana Madar Est. (fictional),INV-5383,2026-09-29,27317.84,Paid,PUR-ORD-2026-00864
ACC-PINV-2026-00865,Buruj Noor Solutions (fictional),INV-5514,2026-07-26,26670.93,Paid,PUR-ORD-2026-00865
ACC-PINV-2026-00866,Najd Sahab Contracting (fictional),INV-4215,2026-07-09,15583.77,Paid,PUR-ORD-2026-00866
ACC-PINV-2026-00867,Taqa Shams Trading (fictional),INV-4457,2026-09-30,40305.2,Paid,PUR-ORD-2026-00867
ACC-PINV-2026-00868,Rawabi Masar Trading (fictional),INV-3823,2026-08-26,30281.4,Paid,PUR-ORD-2026-00868
ACC-PINV-2026-00869,Sahab Najd Solutions (fictional),INV-5358,2026-08-28,8888.04,Paid,PUR-ORD-2026-00869
ACC-PINV-2026-00870,Rimal Madar Contracting (fictional),INV-4659,2026-07-23,31627.12,Paid,PUR-ORD-2026-00870
ACC-PINV-2026-00871,Taqa Sahab Services (fictional),INV-2770,2026-09-16,4765.78,Paid,PUR-ORD-2026-00871
ACC-PINV-2026-00872,Wadi Dana Solutions (fictional),INV-5106,2026-08-15,6406.64,Paid,PUR-ORD-2026-00872
ACC-PINV-2026-00873,Sahab Tamayuz Services (fictional),INV-2382,2026-09-01,4430.8,Paid,PUR-ORD-2026-00873
ACC-PINV-2026-00874,Waha Madar Est. (fictional),INV-4341,2026-10-03,19522.58,Paid,PUR-ORD-2026-00874
ACC-PINV-2026-00875,Noor Najd Trading (fictional),INV-3012,2026-09-23,18223.92,Paid,PUR-ORD-2026-00875
ACC-PINV-2026-00876,Najd Najd Contracting (fictional),INV-3345,2026-10-02,21242.26,Paid,PUR-ORD-2026-00876
ACC-PINV-2026-00877,Wadi Dana Solutions (fictional),INV-5154,2026-10-03,33894.98,Paid,PUR-ORD-2026-00877
ACC-PINV-2026-00878,Shams Madar Contracting (fictional),INV-5239,2026-08-27,28783.36,Paid,PUR-ORD-2026-00878
ACC-PINV-2026-00879,Rimal Madar Contracting (fictional),INV-5034,2026-10-15,2304.57,Paid,PUR-ORD-2026-00879
ACC-PINV-2026-00880,Sahab Tamayuz Services (fictional),INV-2413,2026-09-15,35720.16,Paid,PUR-ORD-2026-00880
ACC-PINV-2026-00881,Jazeera Noor Supplies (fictional),INV-5020,2026-09-23,7416.96,Paid,PUR-ORD-2026-00881
ACC-PINV-2026-00882,Sarh Noor Services (fictional),INV-2380,2026-09-26,4367.94,Paid,PUR-ORD-2026-00882
ACC-PINV-2026-00883,Rimal Qimma Services (fictional),INV-2655,2026-08-12,5293.8,Paid,PUR-ORD-2026-00883
ACC-PINV-2026-00884,Waha Taqa Services (fictional),INV-5425,2026-10-12,16727.32,Paid,PUR-ORD-2026-00884
ACC-PINV-2026-00885,Noor Masar Contracting (fictional),INV-2651,2026-09-08,1165.68,Paid,PUR-ORD-2026-00885
ACC-PINV-2026-00886,Qimma Waha Est. (fictional),INV-4923,2026-09-28,10888.83,Paid,PUR-ORD-2026-00886
ACC-PINV-2026-00887,Masar Wadi Services (fictional),INV-2719,2026-08-15,7872.12,Paid,PUR-ORD-2026-00887
ACC-PINV-2026-00888,Buruj Dana Trading (fictional),INV-2516,2026-08-05,20817.54,Paid,PUR-ORD-2026-00888
ACC-PINV-2026-00889,Bina Rawabi Est. (fictional),INV-1908,2026-09-23,29013.72,Paid,PUR-ORD-2026-00889
ACC-PINV-2026-00890,Shams Madar Contracting (fictional),INV-5285,2026-09-10,1638.86,Paid,PUR-ORD-2026-00890
ACC-PINV-2026-00891,Taqa Rimal Solutions (fictional),INV-5457,2026-09-30,18552.84,Paid,PUR-ORD-2026-00891
ACC-PINV-2026-00892,Buruj Waha Supplies (fictional),INV-3339,2026-08-13,34527.95,Paid,PUR-ORD-2026-00892
ACC-PINV-2026-00893,Taqa Noor Solutions (fictional),INV-3142,2026-07-26,31826.16,Paid,PUR-ORD-2026-00893
ACC-PINV-2026-00894,Sahab Sarh Est. (fictional),INV-5617,2026-08-08,32993.9,Paid,PUR-ORD-2026-00894
ACC-PINV-2026-00895,Shams Noor Trading (fictional),INV-2045,2026-09-11,17859.52,Paid,PUR-ORD-2026-00895
ACC-PINV-2026-00896,Jazeera Noor Supplies (fictional),INV-5040,2026-08-15,25020.14,Paid,PUR-ORD-2026-00896
ACC-PINV-2026-00897,Nakheel Qimma Supplies (fictional),INV-5227,2026-09-23,14176.97,Paid,PUR-ORD-2026-00897
ACC-PINV-2026-00898,Rimal Qimma Services (fictional),INV-2713,2026-08-09,34578.47,Paid,PUR-ORD-2026-00898
ACC-PINV-2026-00899,Waha Taqa Services (fictional),INV-5458,2026-10-18,18877.2,Paid,PUR-ORD-2026-00899
ACC-PINV-2026-00900,Wadi Dana Solutions (fictional),INV-5184,2026-08-08,2778.78,Paid,PUR-ORD-2026-00900
ACC-PINV-2026-00901,Sarh Rimal Trading (fictional),INV-2116,2026-08-28,7682.47,Paid,PUR-ORD-2026-00901
,,,,,,PUR-ORD-2026-00901
ACC-PINV-2026-00902,Rimal Madar Contracting (fictional),INV-3994,2026-07-10,1761.51,Paid,PUR-ORD-2026-00902
ACC-PINV-2026-00903,Rimal Madar Contracting (fictional),INV-4167,2026-07-26,22815.32,Paid,PUR-ORD-2026-00903
ACC-PINV-2026-00904,Najd Najd Contracting (fictional),INV-3376,2026-07-22,19464.27,Paid,PUR-ORD-2026-00904
ACC-PINV-2026-00905,Sarh Rimal Trading (fictional),INV-2126,2026-10-02,22220.52,Paid,PUR-ORD-2026-00905
ACC-PINV-2026-00906,Dana Rimal Trading (fictional),INV-2881,2026-08-09,12109.46,Paid,PUR-ORD-2026-00906
ACC-PINV-2026-00907,Buruj Waha Supplies (fictional),INV-3356,2026-08-08,9865.22,Paid,PUR-ORD-2026-00907
ACC-PINV-2026-00908,Masar Wadi Services (fictional),INV-2747,2026-08-29,20693.33,Paid,PUR-ORD-2026-00908
ACC-PINV-2026-00909,Sarh Rimal Trading (fictional),INV-2153,2026-07-28,12520.2,Paid,PUR-ORD-2026-00909
ACC-PINV-2026-00910,Qimma Waha Est. (fictional),INV-4973,2026-09-05,10818.75,Paid,PUR-ORD-2026-00910
ACC-PINV-2026-00911,Rimal Madar Contracting (fictional),INV-4017,2026-07-27,32453.14,Paid,PUR-ORD-2026-00911
ACC-PINV-2026-00912,Taqa Noor Solutions (fictional),INV-3161,2026-09-30,39156.92,Paid,PUR-ORD-2026-00912
ACC-PINV-2026-00913,Rimal Madar Contracting (fictional),INV-5805,2026-08-24,31977.36,Paid,PUR-ORD-2026-00913
ACC-PINV-2026-00914,Madar Jazeera Trading (fictional),INV-2194,2026-10-16,10214.25,Paid,PUR-ORD-2026-00914
ACC-PINV-2026-00915,Qimma Waha Est. (fictional),INV-5005,2026-09-07,8278.9,Paid,PUR-ORD-2026-00915
ACC-PINV-2026-00916,Buruj Dana Trading (fictional),INV-2524,2026-10-08,4861.64,Paid,PUR-ORD-2026-00916
ACC-PINV-2026-00917,Madar Jazeera Trading (fictional),INV-2216,2026-07-20,4756.72,Paid,PUR-ORD-2026-00917
ACC-PINV-2026-00918,Dana Rimal Trading (fictional),INV-2895,2026-08-09,7294.3,Paid,PUR-ORD-2026-00918
ACC-PINV-2026-00919,Taqa Rimal Solutions (fictional),INV-5487,2026-07-30,4610.4,Paid,PUR-ORD-2026-00919
ACC-PINV-2026-00920,Tamayuz Jazeera Trading (fictional),INV-1509,2026-09-26,18647.3,Paid,PUR-ORD-2026-00920
ACC-PINV-2026-00921,Buruj Noor Solutions (fictional),INV-5536,2026-08-18,28360.8,Paid,PUR-ORD-2026-00921
ACC-PINV-2026-00922,Madar Jazeera Trading (fictional),INV-2255,2026-09-20,27866.74,Paid,PUR-ORD-2026-00922
ACC-PINV-2026-00923,Buruj Noor Solutions (fictional),INV-5581,2026-07-26,2690.16,Paid,PUR-ORD-2026-00923
ACC-PINV-2026-00924,Rimal Madar Contracting (fictional),INV-4073,2026-08-05,31304.7,Paid,PUR-ORD-2026-00924
ACC-PINV-2026-00925,Qimma Waha Est. (fictional),INV-5036,2026-07-21,13616.64,Paid,PUR-ORD-2026-00925
ACC-PINV-2026-00926,Tamayuz Bina Trading (fictional),INV-1862,2026-10-12,32607.64,Paid,PUR-ORD-2026-00926
ACC-PINV-2026-00927,Noor Najd Trading (fictional),INV-3044,2026-08-27,10288.59,Paid,PUR-ORD-2026-00927
ACC-PINV-2026-00928,Nakheel Qimma Supplies (fictional),INV-5278,2026-07-24,2491.17,Paid,PUR-ORD-2026-00928
ACC-PINV-2026-00929,Wadi Dana Solutions (fictional),INV-5193,2026-10-03,20200.32,Paid,PUR-ORD-2026-00929
ACC-PINV-2026-00930,Jazeera Qimma Solutions (fictional),INV-4361,2026-09-17,8537.74,Paid,PUR-ORD-2026-00930
ACC-PINV-2026-00931,Shams Noor Trading (fictional),INV-2088,2026-08-11,28551.84,Paid,PUR-ORD-2026-00931
ACC-PINV-2026-00932,Waha Madar Est. (fictional),INV-4374,2026-07-30,36981.62,Paid,PUR-ORD-2026-00932
ACC-PINV-2026-00933,Taqa Sahab Services (fictional),INV-2819,2026-07-17,37916.19,Paid,PUR-ORD-2026-00933
ACC-PINV-2026-00934,Waha Taqa Services (fictional),INV-5494,2026-08-26,32742.09,Paid,PUR-ORD-2026-00934
ACC-PINV-2026-00935,Tamayuz Bina Trading (fictional),INV-1880,2026-09-11,29285.93,Paid,PUR-ORD-2026-00935
ACC-PINV-2026-00936,Rimal Sahab Supplies (fictional),INV-3294,2026-07-24,2835.42,Paid,PUR-ORD-2026-00936
ACC-PINV-2026-00937,Najd Madar Supplies (fictional),INV-2058,2026-10-09,12375.0,Paid,PUR-ORD-2026-00937
ACC-PINV-2026-00938,Bina Sarh Est. (fictional),INV-1396,2026-09-06,16460.56,Paid,PUR-ORD-2026-00938
ACC-PINV-2026-00939,Tamayuz Shams Solutions (fictional),INV-5468,2026-10-04,12197.57,Paid,PUR-ORD-2026-00939
ACC-PINV-2026-00940,Najd Sahab Contracting (fictional),INV-4243,2026-07-14,20680.17,Paid,PUR-ORD-2026-00940
ACC-PINV-2026-00941,Buruj Dana Trading (fictional),INV-2538,2026-07-28,2230.14,Paid,PUR-ORD-2026-00941
ACC-PINV-2026-00942,Rimal Madar Contracting (fictional),INV-5069,2026-08-04,8371.44,Paid,PUR-ORD-2026-00942
ACC-PINV-2026-00943,Bina Rawabi Est. (fictional),INV-1923,2026-09-25,8842.62,Paid,PUR-ORD-2026-00943
ACC-PINV-2026-00944,Noor Najd Trading (fictional),INV-3057,2026-08-15,5028.4,Paid,PUR-ORD-2026-00944
ACC-PINV-2026-00945,Jazeera Qimma Solutions (fictional),INV-4372,2026-08-10,9673.28,Paid,PUR-ORD-2026-00945
ACC-PINV-2026-00946,Nakheel Najd Trading (fictional),INV-1658,2026-09-27,33739.44,Paid,PUR-ORD-2026-00946
ACC-PINV-2026-00947,Buruj Waha Supplies (fictional),INV-3406,2026-07-24,4798.26,Paid,PUR-ORD-2026-00947
ACC-PINV-2026-00948,Qimma Waha Est. (fictional),INV-5069,2026-07-25,31123.04,Paid,PUR-ORD-2026-00948
ACC-PINV-2026-00949,Rimal Madar Contracting (fictional),INV-4718,2026-07-18,38229.84,Paid,PUR-ORD-2026-00949
ACC-PINV-2026-00950,Shams Bina Solutions (fictional),INV-2016,2026-08-13,14075.01,Paid,PUR-ORD-2026-00950
ACC-PINV-2026-00951,Sarh Noor Services (fictional),INV-2423,2026-08-02,19893.13,Paid,PUR-ORD-2026-00951
ACC-PINV-2026-00952,Sahab Tamayuz Services (fictional),INV-2467,2026-09-26,35814.18,Paid,PUR-ORD-2026-00952
ACC-PINV-2026-00953,Rimal Madar Contracting (fictional),INV-5849,2026-08-31,26323.31,Paid,PUR-ORD-2026-00953
ACC-PINV-2026-00954,Rimal Madar Contracting (fictional),INV-4181,2026-07-19,27136.2,Paid,PUR-ORD-2026-00954
ACC-PINV-2026-00955,Sarh Noor Services (fictional),INV-2460,2026-08-24,25931.92,Paid,PUR-ORD-2026-00955
ACC-PINV-2026-00956,Qimma Waha Est. (fictional),INV-5084,2026-10-11,9454.56,Paid,PUR-ORD-2026-00956
ACC-PINV-2026-00957,Rimal Madar Contracting (fictional),INV-5700,2026-08-07,13510.52,Paid,PUR-ORD-2026-00957
ACC-PINV-2026-00958,Shams Bina Solutions (fictional),INV-2037,2026-07-24,25554.15,Paid,PUR-ORD-2026-00958
ACC-PINV-2026-00959,Shams Bina Solutions (fictional),INV-2096,2026-07-17,15020.4,Paid,PUR-ORD-2026-00959
ACC-PINV-2026-00960,Rimal Madar Contracting (fictional),INV-3330,2026-08-03,25801.65,Paid,PUR-ORD-2026-00960
ACC-PINV-2026-00961,Qimma Waha Est. (fictional),INV-5133,2026-08-21,9332.4,Paid,PUR-ORD-2026-00961
ACC-PINV-2026-00962,Rimal Madar Contracting (fictional),INV-4090,2026-10-20,4292.82,Paid,PUR-ORD-2026-00962
ACC-PINV-2026-00963,Bina Sarh Est. (fictional),INV-1405,2026-10-02,24238.4,Paid,PUR-ORD-2026-00963
ACC-PINV-2026-00964,Taqa Sahab Services (fictional),INV-2835,2026-10-11,3021.91,Paid,PUR-ORD-2026-00964
ACC-PINV-2026-00965,Jazeera Qimma Solutions (fictional),INV-4410,2026-08-18,33037.47,Paid,PUR-ORD-2026-00965
ACC-PINV-2026-00966,Rawabi Masar Trading (fictional),INV-3833,2026-08-10,14678.61,Paid,PUR-ORD-2026-00966
ACC-PINV-2026-00967,Dana Rimal Trading (fictional),INV-2932,2026-09-15,35079.39,Paid,PUR-ORD-2026-00967
ACC-PINV-2026-00968,Jazeera Noor Supplies (fictional),INV-5099,2026-09-16,6000.3,Paid,PUR-ORD-2026-00968
ACC-PINV-2026-00969,Rimal Madar Contracting (fictional),INV-1965,2026-09-10,29047.0,Paid,PUR-ORD-2026-00969
ACC-PINV-2026-00970,Dana Madar Est. (fictional),INV-5425,2026-07-24,11689.86,Paid,PUR-ORD-2026-00970
ACC-PINV-2026-00971,Shams Madar Contracting (fictional),INV-5318,2026-10-04,14997.6,Paid,PUR-ORD-2026-00971
ACC-PINV-2026-00972,Qimma Waha Est. (fictional),INV-5145,2026-10-02,9333.41,Paid,PUR-ORD-2026-00972
ACC-PINV-2026-00973,Rimal Madar Contracting (fictional),INV-5751,2026-08-07,15064.96,Paid,PUR-ORD-2026-00973
ACC-PINV-2026-00974,Tamayuz Jazeera Trading (fictional),INV-1516,2026-08-09,18527.8,Paid,PUR-ORD-2026-00974
ACC-PINV-2026-00975,Madar Jazeera Trading (fictional),INV-2312,2026-09-19,21443.94,Paid,PUR-ORD-2026-00975
ACC-PINV-2026-00976,Nakheel Sarh Solutions (fictional),INV-5337,2026-08-16,4090.65,Paid,PUR-ORD-2026-00976
ACC-PINV-2026-00977,Rawabi Masar Trading (fictional),INV-3844,2026-09-08,18866.33,Paid,PUR-ORD-2026-00977
ACC-PINV-2026-00978,Nakheel Qimma Supplies (fictional),INV-5330,2026-08-31,25174.62,Paid,PUR-ORD-2026-00978
ACC-PINV-2026-00979,Wadi Dana Solutions (fictional),INV-5201,2026-09-13,17612.1,Paid,PUR-ORD-2026-00979
ACC-PINV-2026-00980,Waha Taqa Services (fictional),INV-5514,2026-08-25,14413.1,Paid,PUR-ORD-2026-00980
ACC-PINV-2026-00981,Dana Rimal Trading (fictional),INV-2990,2026-09-06,11424.36,Paid,PUR-ORD-2026-00981
ACC-PINV-2026-00982,Dana Rimal Trading (fictional),INV-3026,2026-07-30,30259.0,Paid,PUR-ORD-2026-00982
ACC-PINV-2026-00983,Bina Taqa Est. (fictional),INV-4894,2026-09-19,31031.32,Paid,PUR-ORD-2026-00983
ACC-PINV-2026-00984,Sarh Noor Services (fictional),INV-2478,2026-08-14,10714.8,Paid,PUR-ORD-2026-00984
ACC-PINV-2026-00985,Shams Madar Contracting (fictional),INV-5350,2026-09-14,31105.81,Paid,PUR-ORD-2026-00985
ACC-PINV-2026-00986,Nakheel Sarh Solutions (fictional),INV-5356,2026-08-09,4201.25,Paid,PUR-ORD-2026-00986
ACC-PINV-2026-00987,Rimal Madar Contracting (fictional),INV-5117,2026-10-20,6630.92,Paid,PUR-ORD-2026-00987
ACC-PINV-2026-00988,Nakheel Sarh Solutions (fictional),INV-5392,2026-09-05,12646.7,Paid,PUR-ORD-2026-00988
ACC-PINV-2026-00989,Rimal Madar Contracting (fictional),INV-3342,2026-08-13,3736.72,Paid,PUR-ORD-2026-00989
ACC-PINV-2026-00990,Dana Rimal Trading (fictional),INV-3084,2026-07-09,29854.44,Paid,PUR-ORD-2026-00990
ACC-PINV-2026-00991,Rawabi Masar Trading (fictional),INV-3863,2026-07-31,19371.84,Paid,PUR-ORD-2026-00991
ACC-PINV-2026-00992,Sahab Sarh Est. (fictional),INV-5673,2026-07-30,41407.32,Paid,PUR-ORD-2026-00992
ACC-PINV-2026-00993,Dana Madar Est. (fictional),INV-5478,2026-09-22,20953.24,Paid,PUR-ORD-2026-00993
ACC-PINV-2026-00994,Sarh Rimal Trading (fictional),INV-2201,2026-09-17,36285.04,Paid,PUR-ORD-2026-00994
ACC-PINV-2026-00995,Dana Rimal Trading (fictional),INV-3098,2026-09-16,7883.6,Paid,PUR-ORD-2026-00995
ACC-PINV-2026-00996,Dana Rimal Trading (fictional),INV-3147,2026-09-07,19314.04,Paid,PUR-ORD-2026-00996
ACC-PINV-2026-00997,Rimal Madar Contracting (fictional),INV-5156,2026-07-17,27789.0,Paid,PUR-ORD-2026-00997
ACC-PINV-2026-00998,Jazeera Noor Supplies (fictional),INV-5120,2026-09-16,27402.32,Paid,PUR-ORD-2026-00998
ACC-PINV-2026-00999,Madar Jazeera Trading (fictional),INV-2363,2026-10-12,8470.77,Paid,PUR-ORD-2026-00999
ACC-PINV-2026-01000,Rawabi Masar Trading (fictional),INV-3917,2026-09-30,11650.83,Paid,PUR-ORD-2026-01000
ACC-PINV-2026-01001,Wadi Dana Solutions (fictional),INV-5258,2026-09-22,22307.34,Paid,PUR-ORD-2026-01001
,,,,,,PUR-ORD-2026-01001
ACC-PINV-2026-01002,Wadi Dana Solutions (fictional),INV-5298,2026-07-12,31737.11,Paid,PUR-ORD-2026-01002
ACC-PINV-2026-01003,Nakheel Najd Trading (fictional),INV-1718,2026-09-03,8725.68,Paid,PUR-ORD-2026-01003
ACC-PINV-2026-01004,Rimal Madar Contracting (fictional),INV-4114,2026-09-27,17638.4,Paid,PUR-ORD-2026-01004
ACC-PINV-2026-01005,Waha Taqa Services (fictional),INV-5564,2026-10-17,16254.48,Paid,PUR-ORD-2026-01005
ACC-PINV-2026-01006,Bina Rawabi Est. (fictional),INV-1968,2026-09-17,26936.14,Paid,PUR-ORD-2026-01006
ACC-PINV-2026-01007,Sarh Rimal Trading (fictional),INV-2238,2026-09-17,27293.4,Paid,PUR-ORD-2026-01007
ACC-PINV-2026-01008,Nakheel Najd Trading (fictional),INV-1771,2026-08-14,19539.1,Paid,PUR-ORD-2026-01008
ACC-PINV-2026-01009,Rimal Madar Contracting (fictional),INV-3000,2026-08-25,38573.25,Paid,PUR-ORD-2026-01009
ACC-PINV-2026-01010,Rimal Madar Contracting (fictional),INV-5210,2026-09-11,19141.67,Paid,PUR-ORD-2026-01010
ACC-PINV-2026-01011,Rawabi Masar Trading (fictional),INV-3953,2026-08-21,17565.84,Paid,PUR-ORD-2026-01011
ACC-PINV-2026-01012,Waha Madar Est. (fictional),INV-4385,2026-09-23,27509.0,Paid,PUR-ORD-2026-01012
ACC-PINV-2026-01013,Buruj Dana Services (fictional),INV-2444,2026-08-20,1065.73,Paid,PUR-ORD-2026-01013
ACC-PINV-2026-01014,Rimal Sahab Supplies (fictional),INV-3328,2026-07-25,16766.55,Paid,PUR-ORD-2026-01014
ACC-PINV-2026-01015,Sahab Tamayuz Services (fictional),INV-2526,2026-08-22,5766.54,Paid,PUR-ORD-2026-01015
ACC-PINV-2026-01016,Rawabi Masar Trading (fictional),INV-3983,2026-08-03,5027.58,Paid,PUR-ORD-2026-01016
ACC-PINV-2026-01017,Taqa Shams Trading (fictional),INV-4467,2026-09-07,13681.14,Paid,PUR-ORD-2026-01017
ACC-PINV-2026-01018,Waha Madar Est. (fictional),INV-4420,2026-08-23,16417.6,Paid,PUR-ORD-2026-01018
ACC-PINV-2026-01019,Rimal Madar Contracting (fictional),INV-3375,2026-08-24,24186.55,Paid,PUR-ORD-2026-01019
ACC-PINV-2026-01020,Tamayuz Shams Solutions (fictional),INV-5499,2026-07-27,27946.24,Paid,PUR-ORD-2026-01020
ACC-PINV-2026-01021,Rimal Madar Contracting (fictional),INV-1982,2026-08-31,24870.04,Paid,PUR-ORD-2026-01021
ACC-PINV-2026-01022,Dana Madar Est. (fictional),INV-5511,2026-08-25,4401.48,Paid,PUR-ORD-2026-01022
ACC-PINV-2026-01023,Nakheel Qimma Supplies (fictional),INV-5350,2026-07-21,20772.45,Paid,PUR-ORD-2026-01023
ACC-PINV-2026-01024,Rimal Madar Contracting (fictional),INV-5762,2026-08-01,11940.39,Paid,PUR-ORD-2026-01024
ACC-PINV-2026-01025,Dana Rimal Trading (fictional),INV-3207,2026-08-18,4372.32,Paid,PUR-ORD-2026-01025
ACC-PINV-2026-01026,Madar Jazeera Trading (fictional),INV-2404,2026-09-11,9636.0,Paid,PUR-ORD-2026-01026
ACC-PINV-2026-01027,Rimal Madar Contracting (fictional),INV-3056,2026-09-02,33870.54,Paid,PUR-ORD-2026-01027
ACC-PINV-2026-01028,Waha Taqa Services (fictional),INV-5580,2026-10-17,21171.32,Paid,PUR-ORD-2026-01028
ACC-PINV-2026-01029,Taqa Rimal Solutions (fictional),INV-5529,2026-09-17,26273.5,Paid,PUR-ORD-2026-01029
ACC-PINV-2026-01030,Sahab Tamayuz Services (fictional),INV-2541,2026-07-29,39834.08,Paid,PUR-ORD-2026-01030
ACC-PINV-2026-01031,Sarh Qimma Services (fictional),INV-2136,2026-09-12,12551.7,Paid,PUR-ORD-2026-01031
ACC-PINV-2026-01032,Shams Madar Contracting (fictional),INV-5357,2026-07-30,4641.12,Paid,PUR-ORD-2026-01032
ACC-PINV-2026-01033,Masar Wadi Services (fictional),INV-2793,2026-10-16,22271.68,Paid,PUR-ORD-2026-01033
ACC-PINV-2026-01034,Buruj Waha Supplies (fictional),INV-3453,2026-08-19,19547.84,Paid,PUR-ORD-2026-01034
ACC-PINV-2026-01035,Taqa Rimal Solutions (fictional),INV-5541,2026-10-08,5891.1,Paid,PUR-ORD-2026-01035
ACC-PINV-2026-01036,Nakheel Sarh Solutions (fictional),INV-5409,2026-09-04,6622.44,Paid,PUR-ORD-2026-01036
ACC-PINV-2026-01037,Qimma Waha Est. (fictional),INV-5182,2026-07-28,12807.12,Paid,PUR-ORD-2026-01037
ACC-PINV-2026-01038,Nakheel Najd Trading (fictional),INV-1790,2026-07-10,4214.28,Paid,PUR-ORD-2026-01038
ACC-PINV-2026-01039,Sarh Qimma Services (fictional),INV-2171,2026-07-15,34454.76,Paid,PUR-ORD-2026-01039
ACC-PINV-2026-01040,Taqa Rimal Solutions (fictional),INV-5561,2026-08-27,11446.17,Paid,PUR-ORD-2026-01040
ACC-PINV-2026-01041,Sahab Tamayuz Services (fictional),INV-2549,2026-08-17,27567.59,Paid,PUR-ORD-2026-01041
ACC-PINV-2026-01042,Bina Taqa Est. (fictional),INV-4909,2026-07-14,27721.2,Paid,PUR-ORD-2026-01042
ACC-PINV-2026-01043,Taqa Rimal Solutions (fictional),INV-5591,2026-09-02,8857.89,Paid,PUR-ORD-2026-01043
ACC-PINV-2026-01044,Jazeera Qimma Solutions (fictional),INV-4468,2026-09-04,4639.59,Paid,PUR-ORD-2026-01044
ACC-PINV-2026-01045,Waha Madar Est. (fictional),INV-4438,2026-08-21,17126.34,Paid,PUR-ORD-2026-01045
ACC-PINV-2026-01046,Noor Masar Contracting (fictional),INV-2681,2026-07-27,21731.7,Paid,PUR-ORD-2026-01046
ACC-PINV-2026-01047,Rimal Madar Contracting (fictional),INV-4765,2026-10-11,15363.2,Paid,PUR-ORD-2026-01047
ACC-PINV-2026-01048,Buruj Dana Services (fictional),INV-2480,2026-09-26,4409.89,Paid,PUR-ORD-2026-01048
ACC-PINV-2026-01049,Taqa Shams Trading (fictional),INV-4488,2026-07-27,2196.8,Paid,PUR-ORD-2026-01049
ACC-PINV-2026-01050,Najd Sahab Contracting (fictional),INV-4264,2026-09-01,25614.98,Paid,PUR-ORD-2026-01050
ACC-PINV-2026-01051,Rimal Madar Contracting (fictional),INV-5862,2026-07-27,30713.06,Paid,PUR-ORD-2026-01051
ACC-PINV-2026-01052,Rimal Madar Contracting (fictional),INV-4795,2026-08-28,29248.24,Paid,PUR-ORD-2026-01052
ACC-PINV-2026-01053,Rimal Sahab Supplies (fictional),INV-3343,2026-09-23,34814.4,Paid,PUR-ORD-2026-01053
ACC-PINV-2026-01054,Taqa Sahab Services (fictional),INV-2876,2026-08-09,29216.6,Paid,PUR-ORD-2026-01054
ACC-PINV-2026-01055,Dana Rimal Trading (fictional),INV-3235,2026-10-05,3857.63,Paid,PUR-ORD-2026-01055
ACC-PINV-2026-01056,Rimal Madar Contracting (fictional),INV-3387,2026-08-17,23175.36,Paid,PUR-ORD-2026-01056
ACC-PINV-2026-01057,Sarh Qimma Services (fictional),INV-2180,2026-09-05,19325.46,Paid,PUR-ORD-2026-01057
ACC-PINV-2026-01058,Jazeera Noor Supplies (fictional),INV-5165,2026-08-31,17878.12,Paid,PUR-ORD-2026-01058
ACC-PINV-2026-01059,Rawabi Masar Trading (fictional),INV-3993,2026-09-06,15873.86,Paid,PUR-ORD-2026-01059
ACC-PINV-2026-01060,Tamayuz Jazeera Trading (fictional),INV-1524,2026-10-01,15139.84,Paid,PUR-ORD-2026-01060
ACC-PINV-2026-01061,Sahab Tamayuz Services (fictional),INV-2568,2026-08-20,29559.3,Paid,PUR-ORD-2026-01061
ACC-PINV-2026-01062,Nakheel Qimma Supplies (fictional),INV-5372,2026-09-17,3692.8,Paid,PUR-ORD-2026-01062
ACC-PINV-2026-01063,Rimal Madar Contracting (fictional),INV-2016,2026-09-29,19440.27,Paid,PUR-ORD-2026-01063
ACC-PINV-2026-01064,Shams Bina Solutions (fictional),INV-2114,2026-08-08,28183.68,Paid,PUR-ORD-2026-01064
ACC-PINV-2026-01065,Noor Najd Trading (fictional),INV-3116,2026-08-30,12900.16,Paid,PUR-ORD-2026-01065
ACC-PINV-2026-01066,Waha Madar Est. (fictional),INV-4484,2026-08-23,20232.68,Paid,PUR-ORD-2026-01066
ACC-PINV-2026-01067,Nakheel Najd Trading (fictional),INV-1835,2026-07-26,16582.23,Paid,PUR-ORD-2026-01067
ACC-PINV-2026-01068,Shams Noor Trading (fictional),INV-2137,2026-09-20,31193.62,Paid,PUR-ORD-2026-01068
ACC-PINV-2026-01069,Rawabi Masar Trading (fictional),INV-4005,2026-07-16,3189.41,Paid,PUR-ORD-2026-01069
ACC-PINV-2026-01070,Qimma Waha Est. (fictional),INV-5233,2026-09-20,7162.38,Paid,PUR-ORD-2026-01070
ACC-PINV-2026-01071,Taqa Shams Trading (fictional),INV-4498,2026-09-22,13239.95,Paid,PUR-ORD-2026-01071
ACC-PINV-2026-01072,Sarh Qimma Services (fictional),INV-2230,2026-09-26,13165.71,Paid,PUR-ORD-2026-01072
ACC-PINV-2026-01073,Rimal Madar Contracting (fictional),INV-4804,2026-09-29,10853.8,Paid,PUR-ORD-2026-01073
ACC-PINV-2026-01074,Sahab Tamayuz Services (fictional),INV-2598,2026-09-07,33354.96,Paid,PUR-ORD-2026-01074
ACC-PINV-2026-01075,Madar Jazeera Trading (fictional),INV-2446,2026-07-18,11932.31,Paid,PUR-ORD-2026-01075
ACC-PINV-2026-01076,Bina Sarh Est. (fictional),INV-1457,2026-10-03,4933.83,Paid,PUR-ORD-2026-01076
ACC-PINV-2026-01077,Tamayuz Shams Solutions (fictional),INV-5520,2026-07-18,36475.4,Paid,PUR-ORD-2026-01077
ACC-PINV-2026-01078,Sahab Tamayuz Services (fictional),INV-2651,2026-07-30,27182.76,Paid,PUR-ORD-2026-01078
ACC-PINV-2026-01079,Jazeera Noor Supplies (fictional),INV-5192,2026-09-04,17452.0,Paid,PUR-ORD-2026-01079
ACC-PINV-2026-01080,Taqa Shams Trading (fictional),INV-4515,2026-07-15,33118.4,Paid,PUR-ORD-2026-01080
ACC-PINV-2026-01081,Rimal Madar Contracting (fictional),INV-4859,2026-09-09,1326.51,Paid,PUR-ORD-2026-01081
ACC-PINV-2026-01082,Tamayuz Bina Trading (fictional),INV-1918,2026-07-27,30803.74,Paid,PUR-ORD-2026-01082
ACC-PINV-2026-01083,Rimal Madar Contracting (fictional),INV-3081,2026-10-02,23080.32,Paid,PUR-ORD-2026-01083
ACC-PINV-2026-01084,Bina Taqa Est. (fictional),INV-4931,2026-08-06,16844.85,Paid,PUR-ORD-2026-01084
ACC-PINV-2026-01085,Najd Sahab Contracting (fictional),INV-4286,2026-08-21,40204.5,Paid,PUR-ORD-2026-01085
ACC-PINV-2026-01086,Jazeera Noor Supplies (fictional),INV-5250,2026-09-28,11597.4,Paid,PUR-ORD-2026-01086
ACC-PINV-2026-01087,Madar Jazeera Trading (fictional),INV-2484,2026-08-16,36357.36,Paid,PUR-ORD-2026-01087
ACC-PINV-2026-01088,Noor Masar Contracting (fictional),INV-2698,2026-08-11,15890.76,Paid,PUR-ORD-2026-01088
ACC-PINV-2026-01089,Rimal Madar Contracting (fictional),INV-3132,2026-10-11,26532.6,Paid,PUR-ORD-2026-01089
ACC-PINV-2026-01090,Tamayuz Shams Solutions (fictional),INV-5553,2026-08-27,6855.6,Paid,PUR-ORD-2026-01090
ACC-PINV-2026-01091,Dana Rimal Trading (fictional),INV-3245,2026-08-16,21664.02,Paid,PUR-ORD-2026-01091
ACC-PINV-2026-01092,Taqa Rimal Solutions (fictional),INV-5628,2026-07-29,12862.5,Paid,PUR-ORD-2026-01092
ACC-PINV-2026-01093,Taqa Sahab Services (fictional),INV-2919,2026-08-30,12222.56,Paid,PUR-ORD-2026-01093
ACC-PINV-2026-01094,Rimal Madar Contracting (fictional),INV-5897,2026-09-05,16735.6,Paid,PUR-ORD-2026-01094
ACC-PINV-2026-01095,Sarh Noor Services (fictional),INV-2511,2026-07-25,21174.5,Paid,PUR-ORD-2026-01095
ACC-PINV-2026-01096,Bina Afaq Contracting (fictional),INV-4064,2026-09-12,5309.24,Paid,PUR-ORD-2026-01096
ACC-PINV-2026-01097,Bina Afaq Contracting (fictional),INV-4093,2026-09-03,28429.2,Paid,PUR-ORD-2026-01097
ACC-PINV-2026-01098,Buruj Dana Trading (fictional),INV-2555,2026-10-08,22015.0,Paid,PUR-ORD-2026-01098
ACC-PINV-2026-01099,Najd Sahab Contracting (fictional),INV-4300,2026-10-09,4555.2,Paid,PUR-ORD-2026-01099
ACC-PINV-2026-01100,Masar Wadi Services (fictional),INV-2833,2026-08-16,30801.98,Paid,PUR-ORD-2026-01100
ACC-PINV-2026-01101,Nakheel Najd Trading (fictional),INV-1894,2026-07-28,46587.06,Paid,PUR-ORD-2026-01101
,,,,,,PUR-ORD-2026-01101
ACC-PINV-2026-01102,Nakheel Najd Trading (fictional),INV-1905,2026-08-07,48073.81,Paid,PUR-ORD-2026-01102
ACC-PINV-2026-01103,Nakheel Najd Trading (fictional),INV-1913,2026-08-15,45605.7,Paid,PUR-ORD-2026-01103
ACC-PINV-2026-01104,Waha Madar Est. (fictional),INV-4535,2026-09-23,8844.7,Paid,PUR-ORD-2026-01104
ACC-PINV-2026-01105,Waha Madar Est. (fictional),INV-4570,2026-09-24,9070.92,Paid,PUR-ORD-2026-01105
ACC-PINV-2026-01106,Waha Madar Est. (fictional),INV-4582,2026-10-01,9100.46,Paid,PUR-ORD-2026-01106
ACC-PINV-2026-01107,Rimal Madar Contracting (fictional),INV-4358A,2026-09-01,5735.04,Paid,PUR-ORD-2026-00570
ACC-PINV-2026-01108,Rimal Madar Contracting (fictional),INV-5184,2026-08-04,30763.78,Paid,PUR-ORD-2026-00277
ACC-PINV-2026-01109,Dana Rimal Trading (fictional),INV-2688,2026-10-02,24279.2,Paid,PUR-ORD-2026-00595
ACC-PINV-2026-01110,Taqa Quick Est. (fictional),INV-3502,2026-08-03,4925.78,Paid,PUR-ORD-2026-01107
ACC-PINV-2026-01111,Dana Quick Contracting (fictional),INV-3087,2026-08-17,33172.44,Paid,PUR-ORD-2026-01108
ACC-PINV-2026-01112,Bina Taqa Est. (fictional),INV-4961,2026-08-13,79730.27,Paid,PUR-ORD-2026-01109
ACC-PINV-2026-01113,Bina Taqa Est. (fictional),INV-4999,2026-10-03,5834.18,Paid,PUR-ORD-2026-01110
ACC-PINV-2026-01114,Rimal Qimma Services (fictional),INV-2755,2026-09-12,66766.2,Paid,PUR-ORD-2026-01111
ACC-PINV-2026-01115,Najd Sahab Contracting (fictional),INV-4310,2026-08-29,62352.72,Paid,PUR-ORD-2026-01112
ACC-PINV-2026-01116,Shams Noor Trading (fictional),INV-2192,2026-08-08,2714.04,Paid,PUR-ORD-2026-01113
ACC-PINV-2026-01117,Dana Madar Est. (fictional),INV-5550,2026-07-20,46395.0,Paid,PUR-ORD-2026-01114
ACC-PINV-2026-01118,Dana Rawabi Est. (fictional),INV-3443,2026-07-28,40184.82,Paid,PUR-ORD-2026-01115
ACC-PINV-2026-01119,Jazeera Noor Supplies (fictional),INV-5301,2026-09-16,6228.75,Paid,PUR-ORD-2026-01116
ACC-PINV-2026-01120,Rimal Madar Contracting (fictional),INV-4918,2026-09-15,38819.25,Paid,PUR-ORD-2026-01117
ACC-PINV-2026-01121,Bina Afaq Contracting (fictional),INV-4133,2026-08-24,37347.65,Paid,PUR-ORD-2026-01118
ACC-PINV-2026-01122,Rimal Sahab Supplies (fictional),INV-3396,2026-07-25,5020.88,Paid,PUR-ORD-2026-01119
ACC-PINV-2026-01123,Najd Madar Supplies (fictional),INV-114,2026-07-12,25000,Paid,PUR-ORD-2026-01120
ACC-PINV-2026-01124,Najd Madar Supplies (fictional),INV-115,2026-07-18,20000,Paid,PUR-ORD-2026-01121
ACC-PINV-2026-01125,Najd Madar Supplies (fictional),INV-116,2026-09-20,15000,Paid,PUR-ORD-2026-01122
ACC-PINV-2026-01126,Najd Madar Supplies (fictional),INV-117,2026-10-12,30000,Paid,PUR-ORD-2026-01123
ACC-PINV-2026-01127,Najd Madar Supplies (fictional),INV-118,2026-09-03,30000,Paid,PUR-ORD-2026-01124
ACC-PINV-2026-99999,Bina Taqa Est. (fictional),CXL-1,2026-07-21,4307.95,Cancelled,PUR-ORD-2026-00001
