DOCUMENT,TRACKINGTYPE,USERID,CREATEDDATETIME
PO26-000001,Submission,u012,2026-07-02T06:04:00Z
PO26-000001,Delegation,u999,2026-07-02T08:04:00Z
PO26-000001,Approval,u036,2026-07-02T09:04:00Z
PO26-000002,Submission,u018,2026-07-06T07:27:00Z
PO26-000002,Approval,u024,2026-07-06T10:27:00Z
PO26-000003,Submission,u035,2026-08-05T03:32:00Z
PO26-000003,Approval,u021,2026-08-05T06:32:00Z
PO26-000004,Submission,u005,2026-09-02T06:44:00Z
PO26-000004,Approval,u036,2026-09-02T09:44:00Z
PO26-000005,Submission,u007,2026-07-02T06:35:00Z
PO26-000005,Approval,u023,2026-07-02T09:35:00Z
PO26-000006,Submission,u031,2026-08-17T09:34:00Z
PO26-000006,Approval,u022,2026-08-17T12:34:00Z
PO26-000007,Submission,u017,2026-09-14T03:31:00Z
PO26-000007,Approval,u039,2026-09-14T06:31:00Z
PO26-000008,Submission,u035,2026-07-02T07:48:00Z
PO26-000008,Approval,u020,2026-07-02T10:48:00Z
PO26-000009,Submission,u031,2026-09-28T09:03:00Z
PO26-000009,Approval,u021,2026-09-28T12:03:00Z
PO26-000010,Submission,u037,2026-08-03T10:29:00Z
PO26-000010,Delegation,u999,2026-08-03T12:29:00Z
PO26-000010,Approval,u019,2026-08-03T13:29:00Z
PO26-000011,Submission,u005,2026-07-26T03:36:00Z
PO26-000011,Approval,u006,2026-07-26T06:36:00Z
PO26-000012,Submission,u002,2026-08-13T10:02:00Z
PO26-000012,Approval,u020,2026-08-13T13:02:00Z
PO26-000013,Submission,u003,2026-09-14T03:55:00Z
PO26-000013,Approval,u006,2026-09-14T06:55:00Z
PO26-000014,Submission,u003,2026-08-27T06:20:00Z
PO26-000014,Approval,u022,2026-08-27T09:20:00Z
PO26-000015,Submission,u027,2026-09-20T05:25:00Z
PO26-000015,Approval,u022,2026-09-20T08:25:00Z
PO26-000016,Submission,u025,2026-08-09T04:14:00Z
PO26-000016,Approval,u015,2026-08-09T07:14:00Z
PO26-000017,Submission,u026,2026-09-09T03:14:00Z
PO26-000017,Approval,u022,2026-09-09T06:14:00Z
PO26-000018,Submission,u011,2026-08-23T10:10:00Z
PO26-000018,Approval,u013,2026-08-23T13:10:00Z
PO26-000019,Submission,u027,2026-07-27T06:44:00Z
PO26-000019,Delegation,u999,2026-07-27T08:44:00Z
PO26-000019,Approval,u008,2026-07-27T09:44:00Z
PO26-000020,Submission,u017,2026-09-07T04:54:00Z
PO26-000020,Approval,u021,2026-09-07T07:54:00Z
PO26-000021,Submission,u005,2026-09-20T07:56:00Z
PO26-000021,Approval,u021,2026-09-20T10:56:00Z
PO26-000022,Submission,u028,2026-08-13T07:57:00Z
PO26-000022,Approval,u015,2026-08-13T10:57:00Z
PO26-000023,Submission,u037,2026-09-08T07:47:00Z
PO26-000023,Approval,u021,2026-09-08T10:47:00Z
PO26-000024,Submission,u002,2026-07-29T02:28:00Z
PO26-000024,Approval,u006,2026-07-29T05:28:00Z
PO26-000025,Submission,u033,2026-07-23T05:54:00Z
PO26-000025,Approval,u013,2026-07-23T08:54:00Z
PO26-000026,Submission,u014,2026-09-30T02:33:00Z
PO26-000026,Approval,u019,2026-09-30T05:33:00Z
PO26-000027,Submission,u038,2026-08-13T02:44:00Z
PO26-000027,Approval,u024,2026-08-13T05:44:00Z
PO26-000028,Submission,u014,2026-07-30T10:53:00Z
PO26-000028,Delegation,u999,2026-07-30T12:53:00Z
PO26-000028,Approval,u019,2026-07-30T13:53:00Z
PO26-000029,Submission,u038,2026-08-10T07:39:00Z
PO26-000029,Approval,u036,2026-08-10T10:39:00Z
PO26-000030,Submission,u018,2026-09-30T05:44:00Z
PO26-000030,Approval,u008,2026-09-30T08:44:00Z
PO26-000031,Submission,u014,2026-07-01T10:48:00Z
PO26-000031,Approval,u022,2026-07-01T13:48:00Z
PO26-000032,Submission,u009,2026-09-09T09:25:00Z
PO26-000032,Approval,u039,2026-09-09T12:25:00Z
PO26-000033,Submission,u026,2026-08-13T05:29:00Z
PO26-000033,Approval,u020,2026-08-13T08:29:00Z
PO26-000034,Submission,u025,2026-07-21T05:08:00Z
PO26-000034,Approval,u022,2026-07-21T08:08:00Z
PO26-000035,Submission,u031,2026-08-23T02:17:00Z
PO26-000035,Approval,u023,2026-08-23T05:17:00Z
PO26-000036,Submission,u011,2026-07-12T04:10:00Z
PO26-000036,Approval,u034,2026-07-12T07:10:00Z
PO26-000037,Submission,u017,2026-08-31T07:42:00Z
PO26-000037,Delegation,u999,2026-08-31T09:42:00Z
PO26-000037,Approval,u022,2026-08-31T10:42:00Z
PO26-000038,Submission,u037,2026-09-08T05:33:00Z
PO26-000038,Approval,u024,2026-09-08T08:33:00Z
PO26-000039,Submission,u030,2026-07-05T05:05:00Z
PO26-000039,Approval,u008,2026-07-05T08:05:00Z
PO26-000040,Submission,u017,2026-08-31T06:59:00Z
PO26-000040,Approval,u019,2026-08-31T09:59:00Z
PO26-000041,Submission,u025,2026-07-16T09:45:00Z
PO26-000041,Approval,u036,2026-07-16T12:45:00Z
PO26-000042,Submission,u033,2026-08-23T02:11:00Z
PO26-000042,Approval,u021,2026-08-23T05:11:00Z
PO26-000043,Submission,u012,2026-08-12T09:42:00Z
PO26-000043,Approval,u022,2026-08-12T12:42:00Z
PO26-000044,Submission,u032,2026-08-24T05:00:00Z
PO26-000044,Approval,u021,2026-08-24T08:00:00Z
PO26-000045,Submission,u004,2026-07-28T10:11:00Z
PO26-000045,Approval,u022,2026-07-28T13:11:00Z
PO26-000046,Submission,u016,2026-07-15T04:06:00Z
PO26-000046,Delegation,u999,2026-07-15T06:06:00Z
PO26-000046,Approval,u015,2026-07-15T07:06:00Z
PO26-000047,Submission,u032,2026-09-27T03:29:00Z
PO26-000047,Approval,u015,2026-09-27T06:29:00Z
PO26-000048,Submission,u032,2026-09-02T07:22:00Z
PO26-000048,Approval,u013,2026-09-02T10:22:00Z
PO26-000049,Submission,u002,2026-08-23T03:08:00Z
PO26-000049,Approval,u006,2026-08-23T06:08:00Z
PO26-000050,Submission,u032,2026-08-27T08:57:00Z
PO26-000050,Approval,u021,2026-08-27T11:57:00Z
PO26-000051,Submission,u011,2026-08-24T03:36:00Z
PO26-000051,Approval,u023,2026-08-24T06:36:00Z
PO26-000052,Submission,u029,2026-08-30T09:18:00Z
PO26-000052,Approval,u036,2026-08-30T12:18:00Z
PO26-000053,Submission,u025,2026-08-02T10:19:00Z
PO26-000053,Approval,u008,2026-08-02T13:19:00Z
PO26-000054,Submission,u012,2026-07-05T09:56:00Z
PO26-000054,Approval,u015,2026-07-05T12:56:00Z
PO26-000055,Submission,u018,2026-08-31T10:58:00Z
PO26-000055,Delegation,u999,2026-08-31T12:58:00Z
PO26-000055,Approval,u015,2026-08-31T13:58:00Z
PO26-000056,Submission,u002,2026-08-30T09:26:00Z
PO26-000056,Approval,u023,2026-08-30T12:26:00Z
PO26-000057,Submission,u033,2026-09-01T03:25:00Z
PO26-000057,Approval,u040,2026-09-01T06:25:00Z
PO26-000058,Submission,u025,2026-09-23T02:28:00Z
PO26-000058,Approval,u039,2026-09-23T05:28:00Z
PO26-000059,Submission,u032,2026-09-09T06:44:00Z
PO26-000059,Approval,u036,2026-09-09T09:44:00Z
PO26-000060,Submission,u037,2026-07-30T03:58:00Z
PO26-000060,Approval,u020,2026-07-30T06:58:00Z
PO26-000061,Submission,u005,2026-08-26T03:25:00Z
PO26-000061,Approval,u039,2026-08-26T06:25:00Z
PO26-000062,Submission,u037,2026-07-13T08:11:00Z
PO26-000062,Approval,u036,2026-07-13T11:11:00Z
PO26-000063,Submission,u026,2026-08-06T09:23:00Z
PO26-000063,Approval,u023,2026-08-06T12:23:00Z
PO26-000064,Submission,u025,2026-08-17T10:34:00Z
PO26-000064,Delegation,u999,2026-08-17T12:34:00Z
PO26-000064,Approval,u019,2026-08-17T13:34:00Z
PO26-000065,Submission,u005,2026-07-26T05:03:00Z
PO26-000065,Approval,u006,2026-07-26T08:03:00Z
PO26-000066,Submission,u037,2026-09-02T04:56:00Z
PO26-000066,Approval,u021,2026-09-02T07:56:00Z
PO26-000067,Submission,u003,2026-07-26T03:33:00Z
PO26-000067,Approval,u021,2026-07-26T06:33:00Z
PO26-000068,Submission,u038,2026-08-20T02:02:00Z
PO26-000068,Approval,u040,2026-08-20T05:02:00Z
PO26-000069,Submission,u004,2026-08-24T02:41:00Z
PO26-000069,Approval,u013,2026-08-24T05:41:00Z
PO26-000070,Submission,u001,2026-08-12T02:05:00Z
PO26-000070,Approval,u022,2026-08-12T05:05:00Z
PO26-000071,Submission,u005,2026-09-28T03:12:00Z
PO26-000071,Approval,u019,2026-09-28T06:12:00Z
PO26-000072,Submission,u002,2026-07-23T04:50:00Z
PO26-000072,Approval,u015,2026-07-23T07:50:00Z
PO26-000073,Submission,u029,2026-07-27T10:21:00Z
PO26-000073,Delegation,u999,2026-07-27T12:21:00Z
PO26-000073,Approval,u013,2026-07-27T13:21:00Z
PO26-000074,Submission,u012,2026-08-06T03:56:00Z
PO26-000074,Approval,u013,2026-08-06T06:56:00Z
PO26-000075,Submission,u004,2026-07-20T10:52:00Z
PO26-000075,Approval,u006,2026-07-20T13:52:00Z
PO26-000076,Submission,u004,2026-08-20T07:12:00Z
PO26-000076,Approval,u024,2026-08-20T10:12:00Z
PO26-000077,Submission,u018,2026-07-15T09:44:00Z
PO26-000077,Approval,u023,2026-07-15T12:44:00Z
PO26-000078,Submission,u018,2026-07-14T03:04:00Z
PO26-000078,Approval,u040,2026-07-14T06:04:00Z
PO26-000079,Submission,u011,2026-09-09T07:22:00Z
PO26-000079,Approval,u019,2026-09-09T10:22:00Z
PO26-000080,Submission,u001,2026-08-05T10:14:00Z
PO26-000080,Approval,u024,2026-08-05T13:14:00Z
PO26-000081,Submission,u029,2026-07-14T09:01:00Z
PO26-000081,Approval,u006,2026-07-14T12:01:00Z
PO26-000082,Submission,u012,2026-07-05T02:49:00Z
PO26-000082,Delegation,u999,2026-07-05T04:49:00Z
PO26-000082,Approval,u040,2026-07-05T05:49:00Z
PO26-000083,Submission,u003,2026-07-05T03:53:00Z
PO26-000083,Approval,u024,2026-07-05T06:53:00Z
PO26-000084,Submission,u005,2026-08-05T05:19:00Z
PO26-000084,Approval,u006,2026-08-05T08:19:00Z
PO26-000085,Submission,u010,2026-08-12T08:21:00Z
PO26-000085,Approval,u015,2026-08-12T11:21:00Z
PO26-000086,Submission,u001,2026-07-13T09:20:00Z
PO26-000086,Approval,u023,2026-07-13T12:20:00Z
PO26-000087,Submission,u004,2026-09-21T05:31:00Z
PO26-000087,Approval,u020,2026-09-21T08:31:00Z
PO26-000088,Submission,u029,2026-08-10T06:36:00Z
PO26-000088,Approval,u039,2026-08-10T09:36:00Z
PO26-000089,Submission,u009,2026-07-12T02:00:00Z
PO26-000089,Approval,u024,2026-07-12T05:00:00Z
PO26-000090,Submission,u030,2026-08-24T05:25:00Z
PO26-000090,Approval,u020,2026-08-24T08:25:00Z
PO26-000091,Submission,u035,2026-09-16T08:40:00Z
PO26-000091,Delegation,u999,2026-09-16T10:40:00Z
PO26-000091,Approval,u039,2026-09-16T11:40:00Z
PO26-000092,Submission,u025,2026-07-13T06:27:00Z
PO26-000092,Approval,u024,2026-07-13T09:27:00Z
PO26-000093,Submission,u014,2026-09-28T09:20:00Z
PO26-000093,Approval,u040,2026-09-28T12:20:00Z
PO26-000094,Submission,u011,2026-08-17T05:21:00Z
PO26-000094,Approval,u024,2026-08-17T08:21:00Z
PO26-000095,Submission,u011,2026-08-04T02:23:00Z
PO26-000095,Approval,u039,2026-08-04T05:23:00Z
PO26-000096,Submission,u035,2026-09-28T02:12:00Z
PO26-000096,Approval,u008,2026-09-28T05:12:00Z
PO26-000097,Submission,u001,2026-09-21T07:55:00Z
PO26-000097,Approval,u023,2026-09-21T10:55:00Z
PO26-000098,Submission,u032,2026-07-20T10:21:00Z
PO26-000098,Approval,u021,2026-07-20T13:21:00Z
PO26-000099,Submission,u037,2026-09-21T08:29:00Z
PO26-000099,Approval,u008,2026-09-21T11:29:00Z
PO26-000100,Submission,u002,2026-08-26T05:41:00Z
PO26-000100,Delegation,u999,2026-08-26T07:41:00Z
PO26-000100,Approval,u015,2026-08-26T08:41:00Z
PO26-000101,Submission,u018,2026-08-30T07:52:00Z
PO26-000101,Approval,u023,2026-08-30T10:52:00Z
PO26-000102,Submission,u002,2026-08-20T05:49:00Z
PO26-000102,Approval,u039,2026-08-20T08:49:00Z
PO26-000103,Submission,u030,2026-09-28T03:15:00Z
PO26-000103,Approval,u021,2026-09-28T06:15:00Z
PO26-000104,Submission,u007,2026-08-03T03:34:00Z
PO26-000104,Approval,u019,2026-08-03T06:34:00Z
PO26-000105,Submission,u014,2026-09-06T07:37:00Z
PO26-000105,Approval,u015,2026-09-06T10:37:00Z
PO26-000106,Submission,u004,2026-07-28T07:06:00Z
PO26-000106,Approval,u006,2026-07-28T10:06:00Z
PO26-000107,Submission,u003,2026-07-19T04:05:00Z
PO26-000107,Approval,u021,2026-07-19T07:05:00Z
PO26-000108,Submission,u038,2026-09-28T07:45:00Z
PO26-000108,Approval,u036,2026-09-28T10:45:00Z
PO26-000109,Submission,u014,2026-08-16T10:37:00Z
PO26-000109,Delegation,u999,2026-08-16T12:37:00Z
PO26-000109,Approval,u019,2026-08-16T13:37:00Z
PO26-000110,Submission,u017,2026-09-10T08:43:00Z
PO26-000110,Approval,u008,2026-09-10T11:43:00Z
PO26-000111,Submission,u033,2026-09-14T02:59:00Z
PO26-000111,Approval,u020,2026-09-14T05:59:00Z
PO26-000112,Submission,u038,2026-08-19T08:14:00Z
PO26-000112,Approval,u023,2026-08-19T11:14:00Z
PO26-000113,Submission,u016,2026-09-21T08:19:00Z
PO26-000113,Approval,u024,2026-09-21T11:19:00Z
PO26-000114,Submission,u035,2026-09-09T04:01:00Z
PO26-000114,Approval,u008,2026-09-09T07:01:00Z
PO26-000115,Submission,u014,2026-07-02T04:57:00Z
PO26-000115,Approval,u036,2026-07-02T07:57:00Z
PO26-000116,Submission,u010,2026-09-15T04:57:00Z
PO26-000116,Approval,u006,2026-09-15T07:57:00Z
PO26-000117,Submission,u012,2026-08-06T10:24:00Z
PO26-000117,Approval,u019,2026-08-06T13:24:00Z
PO26-000118,Submission,u004,2026-07-29T06:23:00Z
PO26-000118,Delegation,u999,2026-07-29T08:23:00Z
PO26-000118,Approval,u023,2026-07-29T09:23:00Z
PO26-000119,Submission,u026,2026-07-13T06:00:00Z
PO26-000119,Approval,u034,2026-07-13T09:00:00Z
PO26-000120,Submission,u032,2026-07-22T06:26:00Z
PO26-000120,Approval,u006,2026-07-22T09:26:00Z
PO26-000121,Submission,u004,2026-08-10T07:30:00Z
PO26-000121,Approval,u034,2026-08-10T10:30:00Z
PO26-000122,Submission,u002,2026-08-03T08:30:00Z
PO26-000122,Approval,u013,2026-08-03T11:30:00Z
PO26-000123,Submission,u027,2026-08-24T07:38:00Z
PO26-000123,Approval,u040,2026-08-24T10:38:00Z
PO26-000124,Submission,u026,2026-09-15T07:05:00Z
PO26-000124,Approval,u024,2026-09-15T10:05:00Z
PO26-000125,Submission,u028,2026-08-12T08:05:00Z
PO26-000125,Approval,u019,2026-08-12T11:05:00Z
PO26-000126,Submission,u009,2026-08-11T03:53:00Z
PO26-000126,Approval,u023,2026-08-11T06:53:00Z
PO26-000127,Submission,u001,2026-08-19T02:45:00Z
PO26-000127,Delegation,u999,2026-08-19T04:45:00Z
PO26-000127,Approval,u019,2026-08-19T05:45:00Z
PO26-000128,Submission,u037,2026-08-04T03:23:00Z
PO26-000128,Approval,u040,2026-08-04T06:23:00Z
PO26-000129,Submission,u002,2026-09-02T10:14:00Z
PO26-000129,Approval,u021,2026-09-02T13:14:00Z
PO26-000130,Submission,u005,2026-09-13T04:58:00Z
PO26-000130,Approval,u022,2026-09-13T07:58:00Z
PO26-000131,Submission,u031,2026-08-20T10:26:00Z
PO26-000131,Approval,u034,2026-08-20T13:26:00Z
PO26-000132,Submission,u016,2026-07-05T07:20:00Z
PO26-000132,Approval,u022,2026-07-05T10:20:00Z
PO26-000133,Submission,u010,2026-09-02T04:36:00Z
PO26-000133,Approval,u024,2026-09-02T07:36:00Z
PO26-000134,Submission,u037,2026-07-06T02:54:00Z
PO26-000134,Approval,u024,2026-07-06T05:54:00Z
PO26-000135,Submission,u032,2026-08-23T10:12:00Z
PO26-000135,Approval,u021,2026-08-23T13:12:00Z
PO26-000136,Submission,u011,2026-07-27T04:56:00Z
PO26-000136,Delegation,u999,2026-07-27T06:56:00Z
PO26-000136,Approval,u034,2026-07-27T07:56:00Z
PO26-000137,Submission,u010,2026-09-29T04:34:00Z
PO26-000137,Approval,u020,2026-09-29T07:34:00Z
PO26-000138,Submission,u029,2026-08-31T08:11:00Z
PO26-000138,Approval,u013,2026-08-31T11:11:00Z
PO26-000139,Submission,u011,2026-08-05T07:06:00Z
PO26-000139,Approval,u021,2026-08-05T10:06:00Z
PO26-000140,Submission,u017,2026-07-29T03:32:00Z
PO26-000140,Approval,u013,2026-07-29T06:32:00Z
PO26-000141,Submission,u001,2026-08-24T10:01:00Z
PO26-000141,Approval,u036,2026-08-24T13:01:00Z
PO26-000142,Submission,u014,2026-08-04T07:00:00Z
PO26-000142,Approval,u021,2026-08-04T10:00:00Z
PO26-000143,Submission,u001,2026-07-23T06:41:00Z
PO26-000143,Approval,u008,2026-07-23T09:41:00Z
PO26-000144,Submission,u014,2026-08-05T08:21:00Z
PO26-000144,Approval,u039,2026-08-05T11:21:00Z
PO26-000145,Submission,u027,2026-07-21T09:30:00Z
PO26-000145,Delegation,u999,2026-07-21T11:30:00Z
PO26-000145,Approval,u015,2026-07-21T12:30:00Z
PO26-000146,Submission,u027,2026-07-22T10:03:00Z
PO26-000146,Approval,u019,2026-07-22T13:03:00Z
PO26-000147,Submission,u037,2026-07-06T07:36:00Z
PO26-000147,Approval,u015,2026-07-06T10:36:00Z
PO26-000148,Submission,u012,2026-09-08T06:15:00Z
PO26-000148,Approval,u020,2026-09-08T09:15:00Z
PO26-000149,Submission,u004,2026-08-09T06:57:00Z
PO26-000149,Approval,u021,2026-08-09T09:57:00Z
PO26-000150,Submission,u011,2026-08-19T02:18:00Z
PO26-000150,Approval,u021,2026-08-19T05:18:00Z
PO26-000151,Submission,u038,2026-07-05T03:39:00Z
PO26-000151,Approval,u019,2026-07-05T06:39:00Z
PO26-000152,Submission,u026,2026-09-29T07:15:00Z
PO26-000152,Approval,u015,2026-09-29T10:15:00Z
PO26-000153,Submission,u037,2026-07-16T07:03:00Z
PO26-000153,Approval,u039,2026-07-16T10:03:00Z
PO26-000154,Submission,u016,2026-08-03T06:48:00Z
PO26-000154,Delegation,u999,2026-08-03T08:48:00Z
PO26-000154,Approval,u019,2026-08-03T09:48:00Z
PO26-000155,Submission,u001,2026-07-29T10:25:00Z
PO26-000155,Approval,u039,2026-07-29T13:25:00Z
PO26-000156,Submission,u031,2026-08-12T09:00:00Z
PO26-000156,Approval,u015,2026-08-12T12:00:00Z
PO26-000157,Submission,u009,2026-07-13T03:19:00Z
PO26-000157,Approval,u024,2026-07-13T06:19:00Z
PO26-000158,Submission,u027,2026-08-30T04:58:00Z
PO26-000158,Approval,u015,2026-08-30T07:58:00Z
PO26-000159,Submission,u017,2026-09-20T06:54:00Z
PO26-000159,Approval,u036,2026-09-20T09:54:00Z
PO26-000160,Submission,u007,2026-08-09T09:54:00Z
PO26-000160,Approval,u006,2026-08-09T12:54:00Z
PO26-000161,Submission,u026,2026-08-05T08:41:00Z
PO26-000161,Approval,u021,2026-08-05T11:41:00Z
PO26-000162,Submission,u004,2026-09-10T04:47:00Z
PO26-000162,Approval,u006,2026-09-10T07:47:00Z
PO26-000163,Submission,u010,2026-08-23T07:56:00Z
PO26-000163,Delegation,u999,2026-08-23T09:56:00Z
PO26-000163,Approval,u039,2026-08-23T10:56:00Z
PO26-000164,Submission,u035,2026-07-29T05:03:00Z
PO26-000164,Approval,u006,2026-07-29T08:03:00Z
PO26-000165,Submission,u031,2026-09-01T04:00:00Z
PO26-000165,Approval,u034,2026-09-01T07:00:00Z
PO26-000166,Submission,u001,2026-09-01T05:49:00Z
PO26-000166,Approval,u040,2026-09-01T08:49:00Z
PO26-000167,Submission,u018,2026-09-06T06:05:00Z
PO26-000167,Approval,u021,2026-09-06T09:05:00Z
PO26-000168,Submission,u014,2026-07-26T04:27:00Z
PO26-000168,Approval,u019,2026-07-26T07:27:00Z
PO26-000169,Submission,u038,2026-08-10T09:30:00Z
PO26-000169,Approval,u019,2026-08-10T12:30:00Z
PO26-000170,Submission,u005,2026-07-20T02:10:00Z
PO26-000170,Approval,u008,2026-07-20T05:10:00Z
PO26-000171,Submission,u001,2026-07-12T10:08:00Z
PO26-000171,Approval,u023,2026-07-12T13:08:00Z
PO26-000172,Submission,u030,2026-09-08T07:18:00Z
PO26-000172,Delegation,u999,2026-09-08T09:18:00Z
PO26-000172,Approval,u015,2026-09-08T10:18:00Z
PO26-000173,Submission,u011,2026-07-23T05:52:00Z
PO26-000173,Approval,u039,2026-07-23T08:52:00Z
PO26-000174,Submission,u031,2026-08-18T10:16:00Z
PO26-000174,Approval,u034,2026-08-18T13:16:00Z
PO26-000175,Submission,u003,2026-09-10T02:44:00Z
PO26-000175,Approval,u024,2026-09-10T05:44:00Z
PO26-000176,Submission,u032,2026-09-29T06:09:00Z
PO26-000176,Approval,u040,2026-09-29T09:09:00Z
PO26-000177,Submission,u031,2026-08-17T08:11:00Z
PO26-000177,Approval,u040,2026-08-17T11:11:00Z
PO26-000178,Submission,u002,2026-08-24T05:53:00Z
PO26-000178,Approval,u013,2026-08-24T08:53:00Z
PO26-000179,Submission,u011,2026-07-28T04:32:00Z
PO26-000179,Approval,u023,2026-07-28T07:32:00Z
PO26-000180,Submission,u007,2026-08-09T10:57:00Z
PO26-000180,Approval,u024,2026-08-09T13:57:00Z
PO26-000181,Submission,u001,2026-09-22T04:09:00Z
PO26-000181,Delegation,u999,2026-09-22T06:09:00Z
PO26-000181,Approval,u040,2026-09-22T07:09:00Z
PO26-000182,Submission,u012,2026-08-11T10:23:00Z
PO26-000182,Approval,u022,2026-08-11T13:23:00Z
PO26-000183,Submission,u016,2026-09-03T09:15:00Z
PO26-000183,Approval,u024,2026-09-03T12:15:00Z
PO26-000184,Submission,u038,2026-07-16T10:18:00Z
PO26-000184,Approval,u020,2026-07-16T13:18:00Z
PO26-000185,Submission,u032,2026-07-02T03:33:00Z
PO26-000185,Approval,u021,2026-07-02T06:33:00Z
PO26-000186,Submission,u010,2026-07-02T06:46:00Z
PO26-000186,Approval,u022,2026-07-02T09:46:00Z
PO26-000187,Submission,u003,2026-08-06T02:15:00Z
PO26-000187,Approval,u022,2026-08-06T05:15:00Z
PO26-000188,Submission,u030,2026-09-01T02:12:00Z
PO26-000188,Approval,u021,2026-09-01T05:12:00Z
PO26-000189,Submission,u009,2026-07-29T07:23:00Z
PO26-000189,Approval,u022,2026-07-29T10:23:00Z
PO26-000190,Submission,u005,2026-09-20T03:13:00Z
PO26-000190,Delegation,u999,2026-09-20T05:13:00Z
PO26-000190,Approval,u019,2026-09-20T06:13:00Z
PO26-000191,Submission,u004,2026-08-09T06:27:00Z
PO26-000191,Approval,u020,2026-08-09T09:27:00Z
PO26-000192,Submission,u010,2026-08-17T05:30:00Z
PO26-000192,Approval,u022,2026-08-17T08:30:00Z
PO26-000193,Submission,u002,2026-08-06T09:17:00Z
PO26-000193,Approval,u036,2026-08-06T12:17:00Z
PO26-000194,Submission,u014,2026-09-20T03:31:00Z
PO26-000194,Approval,u006,2026-09-20T06:31:00Z
PO26-000195,Submission,u003,2026-07-05T06:36:00Z
PO26-000195,Approval,u019,2026-07-05T09:36:00Z
PO26-000196,Submission,u038,2026-09-17T03:26:00Z
PO26-000196,Approval,u019,2026-09-17T06:26:00Z
PO26-000197,Submission,u012,2026-08-25T10:59:00Z
PO26-000197,Approval,u023,2026-08-25T13:59:00Z
PO26-000198,Submission,u016,2026-09-13T06:53:00Z
PO26-000198,Approval,u023,2026-09-13T09:53:00Z
PO26-000199,Submission,u014,2026-08-03T03:23:00Z
PO26-000199,Delegation,u999,2026-08-03T05:23:00Z
PO26-000199,Approval,u034,2026-08-03T06:23:00Z
PO26-000200,Submission,u007,2026-08-02T09:28:00Z
PO26-000200,Approval,u039,2026-08-02T12:28:00Z
PO26-000201,Submission,u007,2026-08-30T09:33:00Z
PO26-000201,Approval,u022,2026-08-30T12:33:00Z
PO26-000202,Submission,u032,2026-07-15T10:49:00Z
PO26-000202,Approval,u036,2026-07-15T13:49:00Z
PO26-000203,Submission,u027,2026-07-29T05:42:00Z
PO26-000203,Approval,u022,2026-07-29T08:42:00Z
PO26-000204,Submission,u032,2026-08-12T02:11:00Z
PO26-000204,Approval,u040,2026-08-12T05:11:00Z
PO26-000205,Submission,u014,2026-08-18T07:45:00Z
PO26-000205,Approval,u021,2026-08-18T10:45:00Z
PO26-000206,Submission,u025,2026-09-30T03:33:00Z
PO26-000206,Approval,u013,2026-09-30T06:33:00Z
PO26-000207,Submission,u005,2026-07-08T05:51:00Z
PO26-000207,Approval,u040,2026-07-08T08:51:00Z
PO26-000208,Submission,u017,2026-09-28T02:03:00Z
PO26-000208,Delegation,u999,2026-09-28T04:03:00Z
PO26-000208,Approval,u020,2026-09-28T05:03:00Z
PO26-000209,Submission,u003,2026-09-10T03:36:00Z
PO26-000209,Approval,u036,2026-09-10T06:36:00Z
PO26-000210,Submission,u010,2026-08-13T03:13:00Z
PO26-000210,Approval,u008,2026-08-13T06:13:00Z
PO26-000211,Submission,u017,2026-09-30T02:03:00Z
PO26-000211,Approval,u008,2026-09-30T05:03:00Z
PO26-000212,Submission,u037,2026-08-27T02:12:00Z
PO26-000212,Approval,u013,2026-08-27T05:12:00Z
PO26-000213,Submission,u012,2026-08-27T09:16:00Z
PO26-000213,Approval,u006,2026-08-27T12:16:00Z
PO26-000214,Submission,u025,2026-08-10T05:37:00Z
PO26-000214,Approval,u013,2026-08-10T08:37:00Z
PO26-000215,Submission,u001,2026-08-04T07:31:00Z
PO26-000215,Approval,u019,2026-08-04T10:31:00Z
PO26-000216,Submission,u017,2026-09-20T09:32:00Z
PO26-000216,Approval,u022,2026-09-20T12:32:00Z
PO26-000217,Submission,u009,2026-07-07T09:58:00Z
PO26-000217,Delegation,u999,2026-07-07T11:58:00Z
PO26-000217,Approval,u019,2026-07-07T12:58:00Z
PO26-000218,Submission,u026,2026-07-13T02:45:00Z
PO26-000218,Approval,u020,2026-07-13T05:45:00Z
PO26-000219,Submission,u035,2026-07-26T08:29:00Z
PO26-000219,Approval,u021,2026-07-26T11:29:00Z
PO26-000220,Submission,u005,2026-09-09T06:31:00Z
PO26-000220,Approval,u006,2026-09-09T09:31:00Z
PO26-000221,Submission,u032,2026-09-15T04:16:00Z
PO26-000221,Approval,u022,2026-09-15T07:16:00Z
PO26-000222,Submission,u037,2026-09-20T05:01:00Z
PO26-000222,Approval,u020,2026-09-20T08:01:00Z
PO26-000223,Submission,u035,2026-08-24T03:55:00Z
PO26-000223,Approval,u019,2026-08-24T06:55:00Z
PO26-000224,Submission,u027,2026-08-19T10:48:00Z
PO26-000224,Approval,u015,2026-08-19T13:48:00Z
PO26-000225,Submission,u005,2026-09-23T02:54:00Z
PO26-000225,Approval,u020,2026-09-23T05:54:00Z
PO26-000226,Submission,u001,2026-09-07T10:24:00Z
PO26-000226,Delegation,u999,2026-09-07T12:24:00Z
PO26-000226,Approval,u023,2026-09-07T13:24:00Z
PO26-000227,Submission,u035,2026-09-28T04:47:00Z
PO26-000227,Approval,u020,2026-09-28T07:47:00Z
PO26-000228,Submission,u026,2026-07-08T09:17:00Z
PO26-000228,Approval,u015,2026-07-08T12:17:00Z
PO26-000229,Submission,u016,2026-09-27T02:27:00Z
PO26-000229,Approval,u024,2026-09-27T05:27:00Z
PO26-000230,Submission,u026,2026-08-30T08:55:00Z
PO26-000230,Approval,u040,2026-08-30T11:55:00Z
PO26-000231,Submission,u017,2026-09-30T06:26:00Z
PO26-000231,Approval,u013,2026-09-30T09:26:00Z
PO26-000232,Submission,u026,2026-07-02T09:47:00Z
PO26-000232,Approval,u022,2026-07-02T12:47:00Z
PO26-000233,Submission,u010,2026-08-13T07:54:00Z
PO26-000233,Approval,u019,2026-08-13T10:54:00Z
PO26-000234,Submission,u010,2026-08-26T08:00:00Z
PO26-000234,Approval,u040,2026-08-26T11:00:00Z
PO26-000235,Submission,u027,2026-07-02T10:13:00Z
PO26-000235,Delegation,u999,2026-07-02T12:13:00Z
PO26-000235,Approval,u006,2026-07-02T13:13:00Z
PO26-000236,Submission,u002,2026-08-31T06:54:00Z
PO26-000236,Approval,u022,2026-08-31T09:54:00Z
PO26-000237,Submission,u033,2026-07-22T06:03:00Z
PO26-000237,Approval,u024,2026-07-22T09:03:00Z
PO26-000238,Submission,u035,2026-09-09T10:47:00Z
PO26-000238,Approval,u024,2026-09-09T13:47:00Z
PO26-000239,Submission,u017,2026-07-09T10:57:00Z
PO26-000239,Approval,u019,2026-07-09T13:57:00Z
PO26-000240,Submission,u018,2026-08-11T09:01:00Z
PO26-000240,Approval,u020,2026-08-11T12:01:00Z
PO26-000241,Submission,u033,2026-09-29T07:13:00Z
PO26-000241,Approval,u040,2026-09-29T10:13:00Z
PO26-000242,Submission,u007,2026-07-05T05:11:00Z
PO26-000242,Approval,u015,2026-07-05T08:11:00Z
PO26-000243,Submission,u018,2026-07-23T02:12:00Z
PO26-000243,Approval,u021,2026-07-23T05:12:00Z
PO26-000244,Submission,u005,2026-07-30T10:08:00Z
PO26-000244,Delegation,u999,2026-07-30T12:08:00Z
PO26-000244,Approval,u020,2026-07-30T13:08:00Z
PO26-000245,Submission,u035,2026-07-30T06:09:00Z
PO26-000245,Approval,u040,2026-07-30T09:09:00Z
PO26-000246,Submission,u002,2026-08-13T05:22:00Z
PO26-000246,Approval,u036,2026-08-13T08:22:00Z
PO26-000247,Submission,u014,2026-09-13T10:31:00Z
PO26-000247,Approval,u034,2026-09-13T13:31:00Z
PO26-000248,Submission,u005,2026-07-23T04:29:00Z
PO26-000248,Approval,u020,2026-07-23T07:29:00Z
PO26-000249,Submission,u035,2026-09-23T06:16:00Z
PO26-000249,Approval,u040,2026-09-23T09:16:00Z
PO26-000250,Submission,u011,2026-08-13T05:03:00Z
PO26-000250,Approval,u024,2026-08-13T08:03:00Z
PO26-000251,Submission,u027,2026-07-21T04:27:00Z
PO26-000251,Approval,u015,2026-07-21T07:27:00Z
PO26-000252,Submission,u033,2026-09-15T03:08:00Z
PO26-000252,Approval,u008,2026-09-15T06:08:00Z
PO26-000253,Submission,u016,2026-08-25T06:19:00Z
PO26-000253,Delegation,u999,2026-08-25T08:19:00Z
PO26-000253,Approval,u021,2026-08-25T09:19:00Z
PO26-000254,Submission,u030,2026-09-10T05:31:00Z
PO26-000254,Approval,u039,2026-09-10T08:31:00Z
PO26-000255,Submission,u026,2026-09-27T02:30:00Z
PO26-000255,Approval,u019,2026-09-27T05:30:00Z
PO26-000256,Submission,u004,2026-07-16T02:19:00Z
PO26-000256,Approval,u019,2026-07-16T05:19:00Z
PO26-000257,Submission,u033,2026-08-20T06:50:00Z
PO26-000257,Approval,u019,2026-08-20T09:50:00Z
PO26-000258,Submission,u026,2026-08-06T06:20:00Z
PO26-000258,Approval,u019,2026-08-06T09:20:00Z
PO26-000259,Submission,u030,2026-07-21T09:10:00Z
PO26-000259,Approval,u036,2026-07-21T12:10:00Z
PO26-000260,Submission,u002,2026-08-17T10:26:00Z
PO26-000260,Approval,u039,2026-08-17T13:26:00Z
PO26-000261,Submission,u012,2026-08-16T09:41:00Z
PO26-000261,Approval,u006,2026-08-16T12:41:00Z
PO26-000262,Submission,u003,2026-09-13T05:51:00Z
PO26-000262,Delegation,u999,2026-09-13T07:51:00Z
PO26-000262,Approval,u034,2026-09-13T08:51:00Z
PO26-000263,Submission,u027,2026-09-09T03:43:00Z
PO26-000263,Approval,u020,2026-09-09T06:43:00Z
PO26-000264,Submission,u026,2026-09-23T02:57:00Z
PO26-000264,Approval,u039,2026-09-23T05:57:00Z
PO26-000265,Submission,u031,2026-08-24T07:22:00Z
PO26-000265,Approval,u015,2026-08-24T10:22:00Z
PO26-000266,Submission,u014,2026-08-12T10:26:00Z
PO26-000266,Approval,u019,2026-08-12T13:26:00Z
PO26-000267,Submission,u014,2026-09-02T07:15:00Z
PO26-000267,Approval,u036,2026-09-02T10:15:00Z
PO26-000268,Submission,u003,2026-07-20T05:40:00Z
PO26-000268,Approval,u008,2026-07-20T08:40:00Z
PO26-000269,Submission,u037,2026-09-27T03:12:00Z
PO26-000269,Approval,u036,2026-09-27T06:12:00Z
PO26-000270,Submission,u018,2026-07-12T06:00:00Z
PO26-000270,Approval,u034,2026-07-12T09:00:00Z
PO26-000271,Submission,u011,2026-08-12T07:00:00Z
PO26-000271,Delegation,u999,2026-08-12T09:00:00Z
PO26-000271,Approval,u006,2026-08-12T10:00:00Z
PO26-000272,Submission,u011,2026-08-10T07:20:00Z
PO26-000272,Approval,u006,2026-08-10T10:20:00Z
PO26-000273,Submission,u038,2026-09-09T05:20:00Z
PO26-000273,Approval,u036,2026-09-09T08:20:00Z
PO26-000274,Submission,u033,2026-07-29T04:22:00Z
PO26-000274,Approval,u015,2026-07-29T07:22:00Z
PO26-000275,Submission,u004,2026-09-01T06:13:00Z
PO26-000275,Approval,u022,2026-09-01T09:13:00Z
PO26-000276,Submission,u026,2026-08-31T02:38:00Z
PO26-000276,Approval,u021,2026-08-31T05:38:00Z
PO26-000277,Submission,u018,2026-07-16T04:26:00Z
PO26-000277,Approval,u020,2026-07-16T07:26:00Z
PO26-000278,Submission,u026,2026-07-28T06:54:00Z
PO26-000278,Approval,u008,2026-07-28T09:54:00Z
PO26-000279,Submission,u009,2026-08-02T04:54:00Z
PO26-000279,Approval,u039,2026-08-02T07:54:00Z
PO26-000280,Submission,u030,2026-09-08T03:10:00Z
PO26-000280,Delegation,u999,2026-09-08T05:10:00Z
PO26-000280,Approval,u020,2026-09-08T06:10:00Z
PO26-000281,Submission,u029,2026-09-20T09:44:00Z
PO26-000281,Approval,u036,2026-09-20T12:44:00Z
PO26-000282,Submission,u009,2026-07-01T06:44:00Z
PO26-000282,Approval,u039,2026-07-01T09:44:00Z
PO26-000283,Submission,u037,2026-07-15T03:53:00Z
PO26-000283,Approval,u034,2026-07-15T06:53:00Z
PO26-000284,Submission,u009,2026-07-14T06:16:00Z
PO26-000284,Approval,u039,2026-07-14T09:16:00Z
PO26-000285,Submission,u018,2026-09-10T03:49:00Z
PO26-000285,Approval,u034,2026-09-10T06:49:00Z
PO26-000286,Submission,u012,2026-08-26T07:03:00Z
PO26-000286,Approval,u020,2026-08-26T10:03:00Z
PO26-000287,Submission,u031,2026-09-07T04:50:00Z
PO26-000287,Approval,u022,2026-09-07T07:50:00Z
PO26-000288,Submission,u035,2026-07-09T05:58:00Z
PO26-000288,Approval,u015,2026-07-09T08:58:00Z
PO26-000289,Submission,u030,2026-09-07T03:16:00Z
PO26-000289,Delegation,u999,2026-09-07T05:16:00Z
PO26-000289,Approval,u024,2026-09-07T06:16:00Z
PO26-000290,Submission,u009,2026-08-19T04:30:00Z
PO26-000290,Approval,u021,2026-08-19T07:30:00Z
PO26-000291,Submission,u026,2026-07-12T03:28:00Z
PO26-000291,Approval,u023,2026-07-12T06:28:00Z
PO26-000292,Submission,u012,2026-08-04T03:48:00Z
PO26-000292,Approval,u023,2026-08-04T06:48:00Z
PO26-000293,Submission,u007,2026-08-16T08:54:00Z
PO26-000293,Approval,u036,2026-08-16T11:54:00Z
PO26-000294,Submission,u003,2026-08-27T07:44:00Z
PO26-000294,Approval,u006,2026-08-27T10:44:00Z
PO26-000295,Submission,u037,2026-08-12T02:55:00Z
PO26-000295,Approval,u008,2026-08-12T05:55:00Z
PO26-000296,Submission,u011,2026-08-27T05:11:00Z
PO26-000296,Approval,u036,2026-08-27T08:11:00Z
PO26-000297,Submission,u009,2026-09-21T04:50:00Z
PO26-000297,Approval,u021,2026-09-21T07:50:00Z
PO26-000298,Submission,u027,2026-07-29T08:57:00Z
PO26-000298,Delegation,u999,2026-07-29T10:57:00Z
PO26-000298,Approval,u036,2026-07-29T11:57:00Z
PO26-000299,Submission,u038,2026-09-02T02:01:00Z
PO26-000299,Approval,u008,2026-09-02T05:01:00Z
PO26-000300,Submission,u028,2026-07-12T07:53:00Z
PO26-000300,Approval,u039,2026-07-12T10:53:00Z
PO26-000301,Submission,u004,2026-08-16T10:20:00Z
PO26-000301,Approval,u008,2026-08-16T13:20:00Z
PO26-000302,Submission,u011,2026-07-01T07:01:00Z
PO26-000302,Approval,u023,2026-07-01T10:01:00Z
PO26-000303,Submission,u001,2026-07-21T02:50:00Z
PO26-000303,Approval,u036,2026-07-21T05:50:00Z
PO26-000304,Submission,u037,2026-07-20T04:26:00Z
PO26-000304,Approval,u019,2026-07-20T07:26:00Z
PO26-000305,Submission,u029,2026-08-13T10:20:00Z
PO26-000305,Approval,u023,2026-08-13T13:20:00Z
PO26-000306,Submission,u001,2026-07-09T05:55:00Z
PO26-000306,Approval,u020,2026-07-09T08:55:00Z
PO26-000307,Submission,u012,2026-07-06T09:40:00Z
PO26-000307,Delegation,u999,2026-07-06T11:40:00Z
PO26-000307,Approval,u006,2026-07-06T12:40:00Z
PO26-000308,Submission,u032,2026-07-28T04:57:00Z
PO26-000308,Approval,u024,2026-07-28T07:57:00Z
PO26-000309,Submission,u025,2026-08-30T05:42:00Z
PO26-000309,Approval,u015,2026-08-30T08:42:00Z
PO26-000310,Submission,u032,2026-08-17T06:34:00Z
PO26-000310,Approval,u006,2026-08-17T09:34:00Z
PO26-000311,Submission,u001,2026-09-27T04:33:00Z
PO26-000311,Approval,u021,2026-09-27T07:33:00Z
PO26-000312,Submission,u005,2026-09-10T04:49:00Z
PO26-000312,Approval,u008,2026-09-10T07:49:00Z
PO26-000313,Submission,u032,2026-09-16T02:09:00Z
PO26-000313,Approval,u021,2026-09-16T05:09:00Z
PO26-000314,Submission,u002,2026-09-02T09:12:00Z
PO26-000314,Approval,u023,2026-09-02T12:12:00Z
PO26-000315,Submission,u029,2026-09-22T03:28:00Z
PO26-000315,Approval,u039,2026-09-22T06:28:00Z
PO26-000316,Submission,u035,2026-07-07T05:30:00Z
PO26-000316,Delegation,u999,2026-07-07T07:30:00Z
PO26-000316,Approval,u034,2026-07-07T08:30:00Z
PO26-000317,Submission,u010,2026-09-06T06:38:00Z
PO26-000317,Approval,u013,2026-09-06T09:38:00Z
PO26-000318,Submission,u011,2026-08-27T09:25:00Z
PO26-000318,Approval,u006,2026-08-27T12:25:00Z
PO26-000319,Submission,u017,2026-07-29T09:14:00Z
PO26-000319,Approval,u040,2026-07-29T12:14:00Z
PO26-000320,Submission,u007,2026-07-08T02:33:00Z
PO26-000320,Approval,u039,2026-07-08T05:33:00Z
PO26-000321,Submission,u030,2026-07-14T10:09:00Z
PO26-000321,Approval,u015,2026-07-14T13:09:00Z
PO26-000322,Submission,u001,2026-09-24T06:24:00Z
PO26-000322,Approval,u022,2026-09-24T09:24:00Z
PO26-000323,Submission,u001,2026-08-05T08:15:00Z
PO26-000323,Approval,u019,2026-08-05T11:15:00Z
PO26-000324,Submission,u033,2026-07-16T09:15:00Z
PO26-000324,Approval,u021,2026-07-16T12:15:00Z
PO26-000325,Submission,u018,2026-07-05T10:51:00Z
PO26-000325,Delegation,u999,2026-07-05T12:51:00Z
PO26-000325,Approval,u039,2026-07-05T13:51:00Z
PO26-000326,Submission,u029,2026-07-29T03:03:00Z
PO26-000326,Approval,u008,2026-07-29T06:03:00Z
PO26-000327,Submission,u004,2026-08-05T04:03:00Z
PO26-000327,Approval,u023,2026-08-05T07:03:00Z
PO26-000328,Submission,u004,2026-08-06T08:15:00Z
PO26-000328,Approval,u021,2026-08-06T11:15:00Z
PO26-000329,Submission,u007,2026-07-09T07:07:00Z
PO26-000329,Approval,u040,2026-07-09T10:07:00Z
PO26-000330,Submission,u026,2026-08-19T08:46:00Z
PO26-000330,Approval,u022,2026-08-19T11:46:00Z
PO26-000331,Submission,u010,2026-07-16T02:28:00Z
PO26-000331,Approval,u013,2026-07-16T05:28:00Z
PO26-000332,Submission,u014,2026-07-09T08:08:00Z
PO26-000332,Approval,u019,2026-07-09T11:08:00Z
PO26-000333,Submission,u030,2026-09-23T04:43:00Z
PO26-000333,Approval,u019,2026-09-23T07:43:00Z
PO26-000334,Submission,u038,2026-08-18T08:26:00Z
PO26-000334,Delegation,u999,2026-08-18T10:26:00Z
PO26-000334,Approval,u024,2026-08-18T11:26:00Z
PO26-000335,Submission,u035,2026-09-13T02:30:00Z
PO26-000335,Approval,u039,2026-09-13T05:30:00Z
PO26-000336,Submission,u032,2026-07-15T09:40:00Z
PO26-000336,Approval,u024,2026-07-15T12:40:00Z
PO26-000337,Submission,u012,2026-08-26T07:52:00Z
PO26-000337,Approval,u036,2026-08-26T10:52:00Z
PO26-000338,Submission,u002,2026-08-17T08:17:00Z
PO26-000338,Approval,u024,2026-08-17T11:17:00Z
PO26-000339,Submission,u038,2026-08-05T07:19:00Z
PO26-000339,Approval,u024,2026-08-05T10:19:00Z
PO26-000340,Submission,u032,2026-07-26T02:21:00Z
PO26-000340,Approval,u013,2026-07-26T05:21:00Z
PO26-000341,Submission,u001,2026-07-22T07:13:00Z
PO26-000341,Approval,u019,2026-07-22T10:13:00Z
PO26-000342,Submission,u026,2026-07-19T05:00:00Z
PO26-000342,Approval,u022,2026-07-19T08:00:00Z
PO26-000343,Submission,u017,2026-08-13T08:10:00Z
PO26-000343,Delegation,u999,2026-08-13T10:10:00Z
PO26-000343,Approval,u040,2026-08-13T11:10:00Z
PO26-000344,Submission,u007,2026-07-02T02:32:00Z
PO26-000344,Approval,u013,2026-07-02T05:32:00Z
PO26-000345,Submission,u029,2026-07-13T08:01:00Z
PO26-000345,Approval,u024,2026-07-13T11:01:00Z
PO26-000346,Submission,u017,2026-07-02T07:04:00Z
PO26-000346,Approval,u040,2026-07-02T10:04:00Z
PO26-000347,Submission,u038,2026-07-14T10:39:00Z
PO26-000347,Approval,u036,2026-07-14T13:39:00Z
PO26-000348,Submission,u037,2026-09-07T07:49:00Z
PO26-000348,Approval,u015,2026-09-07T10:49:00Z
PO26-000349,Submission,u031,2026-07-19T05:07:00Z
PO26-000349,Approval,u040,2026-07-19T08:07:00Z
PO26-000350,Submission,u030,2026-09-09T07:21:00Z
PO26-000350,Approval,u020,2026-09-09T10:21:00Z
PO26-000351,Submission,u032,2026-09-14T06:10:00Z
PO26-000351,Approval,u022,2026-09-14T09:10:00Z
PO26-000352,Submission,u012,2026-09-16T02:28:00Z
PO26-000352,Delegation,u999,2026-09-16T04:28:00Z
PO26-000352,Approval,u039,2026-09-16T05:28:00Z
PO26-000353,Submission,u010,2026-08-11T10:22:00Z
PO26-000353,Approval,u019,2026-08-11T13:22:00Z
PO26-000354,Submission,u012,2026-07-28T05:32:00Z
PO26-000354,Approval,u024,2026-07-28T08:32:00Z
PO26-000355,Submission,u038,2026-07-13T10:45:00Z
PO26-000355,Approval,u006,2026-07-13T13:45:00Z
PO26-000356,Submission,u027,2026-07-29T06:53:00Z
PO26-000356,Approval,u021,2026-07-29T09:53:00Z
PO26-000357,Submission,u004,2026-08-12T09:19:00Z
PO26-000357,Approval,u006,2026-08-12T12:19:00Z
PO26-000358,Submission,u032,2026-08-12T07:35:00Z
PO26-000358,Approval,u020,2026-08-12T10:35:00Z
PO26-000359,Submission,u025,2026-07-09T03:04:00Z
PO26-000359,Approval,u019,2026-07-09T06:04:00Z
PO26-000360,Submission,u029,2026-09-16T10:46:00Z
PO26-000360,Approval,u015,2026-09-16T13:46:00Z
PO26-000361,Submission,u011,2026-09-20T10:11:00Z
PO26-000361,Delegation,u999,2026-09-20T12:11:00Z
PO26-000361,Approval,u039,2026-09-20T13:11:00Z
PO26-000362,Submission,u016,2026-07-27T05:30:00Z
PO26-000362,Approval,u020,2026-07-27T08:30:00Z
PO26-000363,Submission,u003,2026-07-22T05:44:00Z
PO26-000363,Approval,u036,2026-07-22T08:44:00Z
PO26-000364,Submission,u002,2026-09-14T10:01:00Z
PO26-000364,Approval,u013,2026-09-14T13:01:00Z
PO26-000365,Submission,u007,2026-07-20T05:32:00Z
PO26-000365,Approval,u021,2026-07-20T08:32:00Z
PO26-000366,Submission,u005,2026-07-29T06:12:00Z
PO26-000366,Approval,u013,2026-07-29T09:12:00Z
PO26-000367,Submission,u002,2026-08-09T06:37:00Z
PO26-000367,Approval,u036,2026-08-09T09:37:00Z
PO26-000368,Submission,u001,2026-08-09T08:39:00Z
PO26-000368,Approval,u020,2026-08-09T11:39:00Z
PO26-000369,Submission,u003,2026-09-09T03:38:00Z
PO26-000369,Approval,u039,2026-09-09T06:38:00Z
PO26-000370,Submission,u030,2026-09-13T08:18:00Z
PO26-000370,Delegation,u999,2026-09-13T10:18:00Z
PO26-000370,Approval,u023,2026-09-13T11:18:00Z
PO26-000371,Submission,u032,2026-08-27T09:50:00Z
PO26-000371,Approval,u015,2026-08-27T12:50:00Z
PO26-000372,Submission,u001,2026-07-16T10:45:00Z
PO26-000372,Approval,u019,2026-07-16T13:45:00Z
PO26-000373,Submission,u028,2026-08-17T07:20:00Z
PO26-000373,Approval,u024,2026-08-17T10:20:00Z
PO26-000374,Submission,u005,2026-09-21T09:47:00Z
PO26-000374,Approval,u040,2026-09-21T12:47:00Z
PO26-000375,Submission,u012,2026-08-31T07:06:00Z
PO26-000375,Approval,u039,2026-08-31T10:06:00Z
PO26-000376,Submission,u018,2026-08-02T09:07:00Z
PO26-000376,Approval,u013,2026-08-02T12:07:00Z
PO26-000377,Submission,u037,2026-07-12T04:29:00Z
PO26-000377,Approval,u036,2026-07-12T07:29:00Z
PO26-000378,Submission,u007,2026-07-05T06:38:00Z
PO26-000378,Approval,u021,2026-07-05T09:38:00Z
PO26-000379,Submission,u028,2026-08-24T07:48:00Z
PO26-000379,Delegation,u999,2026-08-24T09:48:00Z
PO26-000379,Approval,u039,2026-08-24T10:48:00Z
PO26-000380,Submission,u031,2026-07-09T05:13:00Z
PO26-000380,Approval,u008,2026-07-09T08:13:00Z
PO26-000381,Submission,u032,2026-07-30T03:54:00Z
PO26-000381,Approval,u039,2026-07-30T06:54:00Z
PO26-000382,Submission,u037,2026-08-23T02:31:00Z
PO26-000382,Approval,u040,2026-08-23T05:31:00Z
PO26-000383,Submission,u002,2026-09-07T06:14:00Z
PO26-000383,Approval,u015,2026-09-07T09:14:00Z
PO26-000384,Submission,u007,2026-09-09T03:17:00Z
PO26-000384,Approval,u024,2026-09-09T06:17:00Z
PO26-000385,Submission,u004,2026-07-07T05:10:00Z
PO26-000385,Approval,u019,2026-07-07T08:10:00Z
PO26-000386,Submission,u009,2026-08-13T09:06:00Z
PO26-000386,Approval,u021,2026-08-13T12:06:00Z
PO26-000387,Submission,u004,2026-07-14T06:31:00Z
PO26-000387,Approval,u040,2026-07-14T09:31:00Z
PO26-000388,Submission,u026,2026-07-22T10:32:00Z
PO26-000388,Delegation,u999,2026-07-22T12:32:00Z
PO26-000388,Approval,u013,2026-07-22T13:32:00Z
PO26-000389,Submission,u018,2026-09-15T05:21:00Z
PO26-000389,Approval,u013,2026-09-15T08:21:00Z
PO26-000390,Submission,u007,2026-09-15T05:27:00Z
PO26-000390,Approval,u022,2026-09-15T08:27:00Z
PO26-000391,Submission,u012,2026-09-08T10:56:00Z
PO26-000391,Approval,u036,2026-09-08T13:56:00Z
PO26-000392,Submission,u018,2026-09-02T08:24:00Z
PO26-000392,Approval,u015,2026-09-02T11:24:00Z
PO26-000393,Submission,u017,2026-08-04T03:05:00Z
PO26-000393,Approval,u019,2026-08-04T06:05:00Z
PO26-000394,Submission,u030,2026-08-31T08:35:00Z
PO26-000394,Approval,u034,2026-08-31T11:35:00Z
PO26-000395,Submission,u032,2026-07-16T02:52:00Z
PO26-000395,Approval,u023,2026-07-16T05:52:00Z
PO26-000396,Submission,u017,2026-09-03T02:24:00Z
PO26-000396,Approval,u021,2026-09-03T05:24:00Z
PO26-000397,Submission,u009,2026-09-13T08:49:00Z
PO26-000397,Delegation,u999,2026-09-13T10:49:00Z
PO26-000397,Approval,u006,2026-09-13T11:49:00Z
PO26-000398,Submission,u026,2026-08-11T08:10:00Z
PO26-000398,Approval,u023,2026-08-11T11:10:00Z
PO26-000399,Submission,u032,2026-07-20T02:49:00Z
PO26-000399,Approval,u020,2026-07-20T05:49:00Z
PO26-000400,Submission,u004,2026-08-13T02:54:00Z
PO26-000400,Approval,u019,2026-08-13T05:54:00Z
PO26-000401,Submission,u010,2026-08-13T10:52:00Z
PO26-000401,Approval,u015,2026-08-13T13:52:00Z
PO26-000402,Submission,u025,2026-08-11T04:35:00Z
PO26-000402,Approval,u034,2026-08-11T07:35:00Z
PO26-000403,Submission,u035,2026-09-09T10:27:00Z
PO26-000403,Approval,u039,2026-09-09T13:27:00Z
PO26-000404,Submission,u029,2026-08-13T03:30:00Z
PO26-000404,Approval,u020,2026-08-13T06:30:00Z
PO26-000405,Submission,u035,2026-08-03T09:01:00Z
PO26-000405,Approval,u008,2026-08-03T12:01:00Z
PO26-000406,Submission,u030,2026-08-05T05:02:00Z
PO26-000406,Delegation,u999,2026-08-05T07:02:00Z
PO26-000406,Approval,u019,2026-08-05T08:02:00Z
PO26-000407,Submission,u003,2026-07-12T06:53:00Z
PO26-000407,Approval,u023,2026-07-12T09:53:00Z
PO26-000408,Submission,u011,2026-09-23T07:56:00Z
PO26-000408,Approval,u021,2026-09-23T10:56:00Z
PO26-000409,Submission,u028,2026-08-16T07:18:00Z
PO26-000409,Approval,u019,2026-08-16T10:18:00Z
PO26-000410,Submission,u007,2026-09-30T02:45:00Z
PO26-000410,Approval,u034,2026-09-30T05:45:00Z
PO26-000411,Submission,u037,2026-07-14T06:01:00Z
PO26-000411,Approval,u034,2026-07-14T09:01:00Z
PO26-000412,Submission,u001,2026-09-28T06:10:00Z
PO26-000412,Approval,u040,2026-09-28T09:10:00Z
PO26-000413,Submission,u026,2026-09-28T07:15:00Z
PO26-000413,Approval,u019,2026-09-28T10:15:00Z
PO26-000414,Submission,u002,2026-08-04T03:52:00Z
PO26-000414,Approval,u008,2026-08-04T06:52:00Z
PO26-000415,Submission,u003,2026-09-27T06:51:00Z
PO26-000415,Delegation,u999,2026-09-27T08:51:00Z
PO26-000415,Approval,u013,2026-09-27T09:51:00Z
PO26-000416,Submission,u031,2026-08-16T09:41:00Z
PO26-000416,Approval,u020,2026-08-16T12:41:00Z
PO26-000417,Submission,u001,2026-08-03T07:01:00Z
PO26-000417,Approval,u020,2026-08-03T10:01:00Z
PO26-000418,Submission,u009,2026-07-21T03:54:00Z
PO26-000418,Approval,u034,2026-07-21T06:54:00Z
PO26-000419,Submission,u029,2026-09-07T05:36:00Z
PO26-000419,Approval,u019,2026-09-07T08:36:00Z
PO26-000420,Submission,u017,2026-07-01T04:58:00Z
PO26-000420,Approval,u008,2026-07-01T07:58:00Z
PO26-000421,Submission,u028,2026-09-29T03:26:00Z
PO26-000421,Approval,u013,2026-09-29T06:26:00Z
PO26-000422,Submission,u031,2026-09-15T03:28:00Z
PO26-000422,Approval,u006,2026-09-15T06:28:00Z
PO26-000423,Submission,u026,2026-07-13T06:53:00Z
PO26-000423,Approval,u039,2026-07-13T09:53:00Z
PO26-000424,Submission,u001,2026-08-24T08:20:00Z
PO26-000424,Delegation,u999,2026-08-24T10:20:00Z
PO26-000424,Approval,u013,2026-08-24T11:20:00Z
PO26-000425,Submission,u031,2026-09-21T05:45:00Z
PO26-000425,Approval,u036,2026-09-21T08:45:00Z
PO26-000426,Submission,u027,2026-08-24T02:30:00Z
PO26-000426,Approval,u020,2026-08-24T05:30:00Z
PO26-000427,Submission,u004,2026-07-22T09:11:00Z
PO26-000427,Approval,u006,2026-07-22T12:11:00Z
PO26-000428,Submission,u005,2026-07-30T08:04:00Z
PO26-000428,Approval,u034,2026-07-30T11:04:00Z
PO26-000429,Submission,u033,2026-09-16T07:12:00Z
PO26-000429,Approval,u008,2026-09-16T10:12:00Z
PO26-000430,Submission,u018,2026-07-09T07:10:00Z
PO26-000430,Approval,u024,2026-07-09T10:10:00Z
PO26-000431,Submission,u025,2026-09-13T05:27:00Z
PO26-000431,Approval,u034,2026-09-13T08:27:00Z
PO26-000432,Submission,u026,2026-09-28T10:34:00Z
PO26-000432,Approval,u036,2026-09-28T13:34:00Z
PO26-000433,Submission,u026,2026-08-04T05:56:00Z
PO26-000433,Delegation,u999,2026-08-04T07:56:00Z
PO26-000433,Approval,u013,2026-08-04T08:56:00Z
PO26-000434,Submission,u028,2026-08-04T07:04:00Z
PO26-000434,Approval,u022,2026-08-04T10:04:00Z
PO26-000435,Submission,u018,2026-07-06T10:16:00Z
PO26-000435,Approval,u040,2026-07-06T13:16:00Z
PO26-000436,Submission,u029,2026-09-16T07:18:00Z
PO26-000436,Approval,u034,2026-09-16T10:18:00Z
PO26-000437,Submission,u032,2026-09-28T04:53:00Z
PO26-000437,Approval,u022,2026-09-28T07:53:00Z
PO26-000438,Submission,u011,2026-09-08T04:18:00Z
PO26-000438,Approval,u006,2026-09-08T07:18:00Z
PO26-000439,Submission,u017,2026-09-28T09:57:00Z
PO26-000439,Approval,u019,2026-09-28T12:57:00Z
PO26-000440,Submission,u033,2026-09-08T05:20:00Z
PO26-000440,Approval,u015,2026-09-08T08:20:00Z
PO26-000441,Submission,u037,2026-09-03T03:49:00Z
PO26-000441,Approval,u022,2026-09-03T06:49:00Z
PO26-000442,Submission,u031,2026-09-28T05:02:00Z
PO26-000442,Delegation,u999,2026-09-28T07:02:00Z
PO26-000442,Approval,u019,2026-09-28T08:02:00Z
PO26-000443,Submission,u037,2026-07-28T03:23:00Z
PO26-000443,Approval,u006,2026-07-28T06:23:00Z
PO26-000444,Submission,u007,2026-07-06T06:53:00Z
PO26-000444,Approval,u034,2026-07-06T09:53:00Z
PO26-000445,Submission,u014,2026-07-21T07:09:00Z
PO26-000445,Approval,u021,2026-07-21T10:09:00Z
PO26-000446,Submission,u011,2026-07-13T07:06:00Z
PO26-000446,Approval,u006,2026-07-13T10:06:00Z
PO26-000447,Submission,u029,2026-09-23T02:48:00Z
PO26-000447,Approval,u015,2026-09-23T05:48:00Z
PO26-000448,Submission,u031,2026-08-02T03:43:00Z
PO26-000448,Approval,u008,2026-08-02T06:43:00Z
PO26-000449,Submission,u014,2026-09-29T02:40:00Z
PO26-000449,Approval,u015,2026-09-29T05:40:00Z
PO26-000450,Submission,u012,2026-07-16T02:12:00Z
PO26-000450,Approval,u036,2026-07-16T05:12:00Z
PO26-000451,Submission,u029,2026-07-06T09:24:00Z
PO26-000451,Delegation,u999,2026-07-06T11:24:00Z
PO26-000451,Approval,u034,2026-07-06T12:24:00Z
PO26-000452,Submission,u009,2026-07-07T05:42:00Z
PO26-000452,Approval,u036,2026-07-07T08:42:00Z
PO26-000453,Submission,u003,2026-09-02T04:52:00Z
PO26-000453,Approval,u034,2026-09-02T07:52:00Z
PO26-000454,Submission,u018,2026-07-01T04:46:00Z
PO26-000454,Approval,u006,2026-07-01T07:46:00Z
PO26-000455,Submission,u026,2026-07-01T10:42:00Z
PO26-000455,Approval,u021,2026-07-01T13:42:00Z
PO26-000456,Submission,u012,2026-08-25T05:34:00Z
PO26-000456,Approval,u039,2026-08-25T08:34:00Z
PO26-000457,Submission,u012,2026-09-15T09:10:00Z
PO26-000457,Approval,u019,2026-09-15T12:10:00Z
PO26-000458,Submission,u001,2026-09-22T09:15:00Z
PO26-000458,Approval,u040,2026-09-22T12:15:00Z
PO26-000459,Submission,u025,2026-09-20T10:41:00Z
PO26-000459,Approval,u034,2026-09-20T13:41:00Z
PO26-000460,Submission,u012,2026-09-01T06:22:00Z
PO26-000460,Delegation,u999,2026-09-01T08:22:00Z
PO26-000460,Approval,u034,2026-09-01T09:22:00Z
PO26-000461,Submission,u002,2026-09-22T07:32:00Z
PO26-000461,Approval,u015,2026-09-22T10:32:00Z
PO26-000462,Submission,u005,2026-08-31T06:32:00Z
PO26-000462,Approval,u015,2026-08-31T09:32:00Z
PO26-000463,Submission,u035,2026-08-23T03:36:00Z
PO26-000463,Approval,u008,2026-08-23T06:36:00Z
PO26-000464,Submission,u027,2026-07-22T10:23:00Z
PO26-000464,Approval,u008,2026-07-22T13:23:00Z
PO26-000465,Submission,u018,2026-09-21T05:28:00Z
PO26-000465,Approval,u015,2026-09-21T08:28:00Z
PO26-000466,Submission,u010,2026-08-05T08:42:00Z
PO26-000466,Approval,u023,2026-08-05T11:42:00Z
PO26-000467,Submission,u018,2026-07-26T07:42:00Z
PO26-000467,Approval,u022,2026-07-26T10:42:00Z
PO26-000468,Submission,u033,2026-07-07T03:10:00Z
PO26-000468,Approval,u024,2026-07-07T06:10:00Z
PO26-000469,Submission,u002,2026-09-10T10:31:00Z
PO26-000469,Delegation,u999,2026-09-10T12:31:00Z
PO26-000469,Approval,u008,2026-09-10T13:31:00Z
PO26-000470,Submission,u011,2026-07-12T10:02:00Z
PO26-000470,Approval,u036,2026-07-12T13:02:00Z
PO26-000471,Submission,u035,2026-08-25T02:50:00Z
PO26-000471,Approval,u022,2026-08-25T05:50:00Z
PO26-000472,Submission,u028,2026-07-15T02:09:00Z
PO26-000472,Approval,u013,2026-07-15T05:09:00Z
PO26-000473,Submission,u027,2026-09-01T04:16:00Z
PO26-000473,Approval,u015,2026-09-01T07:16:00Z
PO26-000474,Submission,u005,2026-08-12T09:31:00Z
PO26-000474,Approval,u040,2026-08-12T12:31:00Z
PO26-000475,Submission,u037,2026-08-02T09:21:00Z
PO26-000475,Approval,u021,2026-08-02T12:21:00Z
PO26-000476,Submission,u032,2026-09-14T09:31:00Z
PO26-000476,Approval,u013,2026-09-14T12:31:00Z
PO26-000477,Submission,u017,2026-09-15T02:58:00Z
PO26-000477,Approval,u023,2026-09-15T05:58:00Z
PO26-000478,Submission,u037,2026-07-06T05:15:00Z
PO26-000478,Delegation,u999,2026-07-06T07:15:00Z
PO26-000478,Approval,u008,2026-07-06T08:15:00Z
PO26-000479,Submission,u028,2026-07-16T07:36:00Z
PO26-000479,Approval,u040,2026-07-16T10:36:00Z
PO26-000480,Submission,u033,2026-08-16T03:24:00Z
PO26-000480,Approval,u039,2026-08-16T06:24:00Z
PO26-000481,Submission,u031,2026-09-17T05:14:00Z
PO26-000481,Approval,u021,2026-09-17T08:14:00Z
PO26-000482,Submission,u001,2026-09-17T08:22:00Z
PO26-000482,Approval,u040,2026-09-17T11:22:00Z
PO26-000483,Submission,u002,2026-09-16T02:39:00Z
PO26-000483,Approval,u006,2026-09-16T05:39:00Z
PO26-000484,Submission,u018,2026-08-18T05:06:00Z
PO26-000484,Approval,u034,2026-08-18T08:06:00Z
PO26-000485,Submission,u035,2026-07-28T09:50:00Z
PO26-000485,Approval,u020,2026-07-28T12:50:00Z
PO26-000486,Submission,u003,2026-09-13T03:29:00Z
PO26-000486,Approval,u023,2026-09-13T06:29:00Z
PO26-000487,Submission,u018,2026-08-06T06:49:00Z
PO26-000487,Delegation,u999,2026-08-06T08:49:00Z
PO26-000487,Approval,u039,2026-08-06T09:49:00Z
PO26-000488,Submission,u025,2026-07-27T05:45:00Z
PO26-000488,Approval,u020,2026-07-27T08:45:00Z
PO26-000489,Submission,u011,2026-09-08T03:21:00Z
PO26-000489,Approval,u040,2026-09-08T06:21:00Z
PO26-000490,Submission,u005,2026-07-16T04:53:00Z
PO26-000490,Approval,u015,2026-07-16T07:53:00Z
PO26-000491,Submission,u032,2026-07-29T08:06:00Z
PO26-000491,Approval,u036,2026-07-29T11:06:00Z
PO26-000492,Submission,u032,2026-07-27T08:07:00Z
PO26-000492,Approval,u036,2026-07-27T11:07:00Z
PO26-000493,Submission,u032,2026-08-30T06:49:00Z
PO26-000493,Approval,u019,2026-08-30T09:49:00Z
PO26-000494,Submission,u030,2026-08-30T02:59:00Z
PO26-000494,Approval,u036,2026-08-30T05:59:00Z
PO26-000495,Submission,u004,2026-07-14T07:10:00Z
PO26-000495,Approval,u008,2026-07-14T10:10:00Z
PO26-000496,Submission,u012,2026-09-20T02:25:00Z
PO26-000496,Delegation,u999,2026-09-20T04:25:00Z
PO26-000496,Approval,u006,2026-09-20T05:25:00Z
PO26-000497,Submission,u035,2026-08-06T04:28:00Z
PO26-000497,Approval,u021,2026-08-06T07:28:00Z
PO26-000498,Submission,u031,2026-08-19T09:17:00Z
PO26-000498,Approval,u015,2026-08-19T12:17:00Z
PO26-000499,Submission,u032,2026-09-14T04:54:00Z
PO26-000499,Approval,u024,2026-09-14T07:54:00Z
PO26-000500,Submission,u033,2026-08-18T05:37:00Z
PO26-000500,Approval,u021,2026-08-18T08:37:00Z
PO26-000501,Submission,u011,2026-09-28T02:21:00Z
PO26-000501,Approval,u039,2026-09-28T05:21:00Z
PO26-000502,Submission,u004,2026-09-21T03:49:00Z
PO26-000502,Approval,u020,2026-09-21T06:49:00Z
PO26-000503,Submission,u002,2026-07-29T10:24:00Z
PO26-000503,Approval,u013,2026-07-29T13:24:00Z
PO26-000504,Submission,u003,2026-08-16T03:16:00Z
PO26-000504,Approval,u024,2026-08-16T06:16:00Z
PO26-000505,Submission,u033,2026-09-08T10:31:00Z
PO26-000505,Delegation,u999,2026-09-08T12:31:00Z
PO26-000505,Approval,u015,2026-09-08T13:31:00Z
PO26-000506,Submission,u018,2026-09-27T04:13:00Z
PO26-000506,Approval,u036,2026-09-27T07:13:00Z
PO26-000507,Submission,u003,2026-07-28T03:43:00Z
PO26-000507,Approval,u036,2026-07-28T06:43:00Z
PO26-000508,Submission,u025,2026-07-27T02:30:00Z
PO26-000508,Approval,u013,2026-07-27T05:30:00Z
PO26-000509,Submission,u011,2026-07-27T04:26:00Z
PO26-000509,Approval,u024,2026-07-27T07:26:00Z
PO26-000510,Submission,u004,2026-09-14T07:58:00Z
PO26-000510,Approval,u021,2026-09-14T10:58:00Z
PO26-000511,Submission,u033,2026-08-31T09:35:00Z
PO26-000511,Approval,u040,2026-08-31T12:35:00Z
PO26-000512,Submission,u011,2026-08-02T08:41:00Z
PO26-000512,Approval,u020,2026-08-02T11:41:00Z
PO26-000513,Submission,u007,2026-09-08T09:30:00Z
PO26-000513,Approval,u036,2026-09-08T12:30:00Z
PO26-000514,Submission,u009,2026-07-14T10:24:00Z
PO26-000514,Delegation,u999,2026-07-14T12:24:00Z
PO26-000514,Approval,u036,2026-07-14T13:24:00Z
PO26-000515,Submission,u017,2026-08-19T10:30:00Z
PO26-000515,Approval,u020,2026-08-19T13:30:00Z
PO26-000516,Submission,u025,2026-08-24T09:54:00Z
PO26-000516,Approval,u013,2026-08-24T12:54:00Z
PO26-000517,Submission,u035,2026-08-06T09:31:00Z
PO26-000517,Approval,u022,2026-08-06T12:31:00Z
PO26-000518,Submission,u007,2026-07-02T07:54:00Z
PO26-000518,Approval,u008,2026-07-02T10:54:00Z
PO26-000519,Submission,u032,2026-09-13T07:28:00Z
PO26-000519,Approval,u040,2026-09-13T10:28:00Z
PO26-000520,Submission,u003,2026-07-29T06:20:00Z
PO26-000520,Approval,u019,2026-07-29T09:20:00Z
PO26-000521,Submission,u035,2026-07-07T10:11:00Z
PO26-000521,Approval,u039,2026-07-07T13:11:00Z
PO26-000522,Submission,u025,2026-09-09T09:14:00Z
PO26-000522,Approval,u021,2026-09-09T12:14:00Z
PO26-000523,Submission,u011,2026-09-02T04:03:00Z
PO26-000523,Delegation,u999,2026-09-02T06:03:00Z
PO26-000523,Approval,u006,2026-09-02T07:03:00Z
PO26-000524,Submission,u017,2026-09-28T06:20:00Z
PO26-000524,Approval,u036,2026-09-28T09:20:00Z
PO26-000525,Submission,u003,2026-07-05T05:53:00Z
PO26-000525,Approval,u013,2026-07-05T08:53:00Z
PO26-000526,Submission,u031,2026-09-30T05:40:00Z
PO26-000526,Approval,u034,2026-09-30T08:40:00Z
PO26-000527,Submission,u037,2026-09-30T10:22:00Z
PO26-000527,Approval,u039,2026-09-30T13:22:00Z
PO26-000528,Submission,u007,2026-08-06T03:30:00Z
PO26-000528,Approval,u024,2026-08-06T06:30:00Z
PO26-000529,Submission,u018,2026-07-26T05:12:00Z
PO26-000529,Approval,u015,2026-07-26T08:12:00Z
PO26-000530,Submission,u009,2026-07-16T10:03:00Z
PO26-000530,Approval,u024,2026-07-16T13:03:00Z
PO26-000531,Submission,u009,2026-08-05T04:15:00Z
PO26-000531,Approval,u034,2026-08-05T07:15:00Z
PO26-000532,Submission,u032,2026-09-17T07:25:00Z
PO26-000532,Delegation,u999,2026-09-17T09:25:00Z
PO26-000532,Approval,u020,2026-09-17T10:25:00Z
PO26-000533,Submission,u011,2026-07-29T02:37:00Z
PO26-000533,Approval,u020,2026-07-29T05:37:00Z
PO26-000534,Submission,u038,2026-08-10T10:03:00Z
PO26-000534,Approval,u015,2026-08-10T13:03:00Z
PO26-000535,Submission,u038,2026-09-09T05:32:00Z
PO26-000535,Approval,u020,2026-09-09T08:32:00Z
PO26-000536,Submission,u037,2026-08-10T09:14:00Z
PO26-000536,Approval,u040,2026-08-10T12:14:00Z
PO26-000537,Submission,u038,2026-09-02T09:15:00Z
PO26-000537,Approval,u020,2026-09-02T12:15:00Z
PO26-000538,Submission,u027,2026-09-29T05:38:00Z
PO26-000538,Approval,u022,2026-09-29T08:38:00Z
PO26-000539,Submission,u012,2026-08-30T07:13:00Z
PO26-000539,Approval,u015,2026-08-30T10:13:00Z
PO26-000540,Submission,u001,2026-07-16T04:25:00Z
PO26-000540,Approval,u013,2026-07-16T07:25:00Z
PO26-000541,Submission,u004,2026-07-22T09:44:00Z
PO26-000541,Delegation,u999,2026-07-22T11:44:00Z
PO26-000541,Approval,u024,2026-07-22T12:44:00Z
PO26-000542,Submission,u010,2026-08-24T05:03:00Z
PO26-000542,Approval,u040,2026-08-24T08:03:00Z
PO26-000543,Submission,u012,2026-08-16T06:52:00Z
PO26-000543,Approval,u022,2026-08-16T09:52:00Z
PO26-000544,Submission,u004,2026-08-26T08:19:00Z
PO26-000544,Approval,u034,2026-08-26T11:19:00Z
PO26-000545,Submission,u030,2026-07-09T08:28:00Z
PO26-000545,Approval,u006,2026-07-09T11:28:00Z
PO26-000546,Submission,u026,2026-08-03T09:00:00Z
PO26-000546,Approval,u034,2026-08-03T12:00:00Z
PO26-000547,Submission,u011,2026-09-17T03:36:00Z
PO26-000547,Approval,u040,2026-09-17T06:36:00Z
PO26-000548,Submission,u030,2026-08-11T03:16:00Z
PO26-000548,Approval,u036,2026-08-11T06:16:00Z
PO26-000549,Submission,u026,2026-07-29T09:15:00Z
PO26-000549,Approval,u006,2026-07-29T12:15:00Z
PO26-000550,Submission,u017,2026-09-10T06:13:00Z
PO26-000550,Delegation,u999,2026-09-10T08:13:00Z
PO26-000550,Approval,u021,2026-09-10T09:13:00Z
PO26-000551,Submission,u035,2026-07-21T09:55:00Z
PO26-000551,Approval,u039,2026-07-21T12:55:00Z
PO26-000552,Submission,u032,2026-08-17T05:06:00Z
PO26-000552,Approval,u039,2026-08-17T08:06:00Z
PO26-000553,Submission,u026,2026-09-20T03:06:00Z
PO26-000553,Approval,u023,2026-09-20T06:06:00Z
PO26-000554,Submission,u031,2026-09-28T02:12:00Z
PO26-000554,Approval,u024,2026-09-28T05:12:00Z
PO26-000555,Submission,u030,2026-09-20T03:33:00Z
PO26-000555,Approval,u022,2026-09-20T06:33:00Z
PO26-000556,Submission,u007,2026-08-02T04:09:00Z
PO26-000556,Approval,u022,2026-08-02T07:09:00Z
PO26-000557,Submission,u033,2026-09-22T05:18:00Z
PO26-000557,Approval,u023,2026-09-22T08:18:00Z
PO26-000558,Submission,u003,2026-07-27T06:52:00Z
PO26-000558,Approval,u006,2026-07-27T09:52:00Z
PO26-000559,Submission,u033,2026-09-01T06:18:00Z
PO26-000559,Delegation,u999,2026-09-01T08:18:00Z
PO26-000559,Approval,u024,2026-09-01T09:18:00Z
PO26-000560,Submission,u026,2026-07-09T10:02:00Z
PO26-000560,Approval,u021,2026-07-09T13:02:00Z
PO26-000561,Submission,u004,2026-08-06T08:38:00Z
PO26-000561,Approval,u036,2026-08-06T11:38:00Z
PO26-000562,Submission,u027,2026-09-17T10:59:00Z
PO26-000562,Approval,u040,2026-09-17T13:59:00Z
PO26-000563,Submission,u032,2026-09-16T06:55:00Z
PO26-000563,Approval,u040,2026-09-16T09:55:00Z
PO26-000564,Submission,u005,2026-08-12T08:18:00Z
PO26-000564,Approval,u022,2026-08-12T11:18:00Z
PO26-000565,Submission,u017,2026-08-19T10:54:00Z
PO26-000565,Approval,u008,2026-08-19T13:54:00Z
PO26-000566,Submission,u004,2026-09-06T03:00:00Z
PO26-000566,Approval,u040,2026-09-06T06:00:00Z
PO26-000567,Submission,u005,2026-09-21T10:37:00Z
PO26-000567,Approval,u040,2026-09-21T13:37:00Z
PO26-000568,Submission,u027,2026-07-20T04:43:00Z
PO26-000568,Delegation,u999,2026-07-20T06:43:00Z
PO26-000568,Approval,u024,2026-07-20T07:43:00Z
PO26-000569,Submission,u005,2026-07-29T08:22:00Z
PO26-000569,Approval,u006,2026-07-29T11:22:00Z
PO26-000570,Submission,u007,2026-08-25T10:49:00Z
PO26-000570,Approval,u021,2026-08-25T13:49:00Z
PO26-000571,Submission,u002,2026-07-22T09:27:00Z
PO26-000571,Approval,u034,2026-07-22T12:27:00Z
PO26-000572,Submission,u038,2026-07-06T10:51:00Z
PO26-000572,Approval,u019,2026-07-06T13:51:00Z
PO26-000573,Submission,u003,2026-07-21T07:34:00Z
PO26-000573,Approval,u022,2026-07-21T10:34:00Z
PO26-000574,Submission,u002,2026-07-08T04:39:00Z
PO26-000574,Approval,u036,2026-07-08T07:39:00Z
PO26-000575,Submission,u025,2026-09-30T02:11:00Z
PO26-000575,Approval,u036,2026-09-30T05:11:00Z
PO26-000576,Submission,u030,2026-08-24T07:17:00Z
PO26-000576,Approval,u013,2026-08-24T10:17:00Z
PO26-000577,Submission,u033,2026-07-12T10:37:00Z
PO26-000577,Delegation,u999,2026-07-12T12:37:00Z
PO26-000577,Approval,u039,2026-07-12T13:37:00Z
PO26-000578,Submission,u033,2026-07-16T05:38:00Z
PO26-000578,Approval,u036,2026-07-16T08:38:00Z
PO26-000579,Submission,u014,2026-08-06T09:53:00Z
PO26-000579,Approval,u013,2026-08-06T12:53:00Z
PO26-000580,Submission,u009,2026-09-20T05:49:00Z
PO26-000580,Approval,u024,2026-09-20T08:49:00Z
PO26-000581,Submission,u011,2026-09-15T07:23:00Z
PO26-000581,Approval,u006,2026-09-15T10:23:00Z
PO26-000582,Submission,u011,2026-09-16T07:57:00Z
PO26-000582,Approval,u040,2026-09-16T10:57:00Z
PO26-000583,Submission,u033,2026-08-19T06:43:00Z
PO26-000583,Approval,u020,2026-08-19T09:43:00Z
PO26-000584,Submission,u014,2026-08-20T08:34:00Z
PO26-000584,Approval,u006,2026-08-20T11:34:00Z
PO26-000585,Submission,u004,2026-07-05T05:18:00Z
PO26-000585,Approval,u039,2026-07-05T08:18:00Z
PO26-000586,Submission,u037,2026-07-22T10:40:00Z
PO26-000586,Delegation,u999,2026-07-22T12:40:00Z
PO26-000586,Approval,u021,2026-07-22T13:40:00Z
PO26-000587,Submission,u038,2026-07-30T05:37:00Z
PO26-000587,Approval,u023,2026-07-30T08:37:00Z
PO26-000588,Submission,u037,2026-09-08T02:16:00Z
PO26-000588,Approval,u022,2026-09-08T05:16:00Z
PO26-000589,Submission,u030,2026-08-03T08:16:00Z
PO26-000589,Approval,u039,2026-08-03T11:16:00Z
PO26-000590,Submission,u016,2026-07-23T08:08:00Z
PO26-000590,Approval,u006,2026-07-23T11:08:00Z
PO26-000591,Submission,u011,2026-07-08T08:28:00Z
PO26-000591,Approval,u039,2026-07-08T11:28:00Z
PO26-000592,Submission,u003,2026-09-07T03:30:00Z
PO26-000592,Approval,u006,2026-09-07T06:30:00Z
PO26-000593,Submission,u018,2026-08-11T05:33:00Z
PO26-000593,Approval,u015,2026-08-11T08:33:00Z
PO26-000594,Submission,u003,2026-09-30T05:43:00Z
PO26-000594,Approval,u023,2026-09-30T08:43:00Z
PO26-000595,Submission,u028,2026-09-28T02:16:00Z
PO26-000595,Delegation,u999,2026-09-28T04:16:00Z
PO26-000595,Approval,u015,2026-09-28T05:16:00Z
PO26-000596,Submission,u017,2026-09-07T06:04:00Z
PO26-000596,Approval,u040,2026-09-07T09:04:00Z
PO26-000597,Submission,u033,2026-07-22T10:01:00Z
PO26-000597,Approval,u022,2026-07-22T13:01:00Z
PO26-000598,Submission,u016,2026-07-27T10:39:00Z
PO26-000598,Approval,u036,2026-07-27T13:39:00Z
PO26-000599,Submission,u002,2026-09-14T07:46:00Z
PO26-000599,Approval,u019,2026-09-14T10:46:00Z
PO26-000600,Submission,u018,2026-07-14T03:16:00Z
PO26-000600,Approval,u019,2026-07-14T06:16:00Z
PO26-000601,Submission,u033,2026-09-08T09:26:00Z
PO26-000601,Approval,u006,2026-09-08T12:26:00Z
PO26-000602,Submission,u032,2026-07-22T03:35:00Z
PO26-000602,Approval,u019,2026-07-22T06:35:00Z
PO26-000603,Submission,u001,2026-09-17T07:45:00Z
PO26-000603,Approval,u039,2026-09-17T10:45:00Z
PO26-000604,Submission,u038,2026-07-27T09:32:00Z
PO26-000604,Delegation,u999,2026-07-27T11:32:00Z
PO26-000604,Approval,u024,2026-07-27T12:32:00Z
PO26-000605,Submission,u002,2026-09-09T08:38:00Z
PO26-000605,Approval,u021,2026-09-09T11:38:00Z
PO26-000606,Submission,u012,2026-09-20T10:32:00Z
PO26-000606,Approval,u019,2026-09-20T13:32:00Z
PO26-000607,Submission,u031,2026-09-23T09:02:00Z
PO26-000607,Approval,u019,2026-09-23T12:02:00Z
PO26-000608,Submission,u005,2026-08-05T04:58:00Z
PO26-000608,Approval,u013,2026-08-05T07:58:00Z
PO26-000609,Submission,u025,2026-07-14T06:22:00Z
PO26-000609,Approval,u024,2026-07-14T09:22:00Z
PO26-000610,Submission,u031,2026-09-01T05:25:00Z
PO26-000610,Approval,u008,2026-09-01T08:25:00Z
PO26-000611,Submission,u014,2026-09-15T03:04:00Z
PO26-000611,Approval,u020,2026-09-15T06:04:00Z
PO26-000612,Submission,u035,2026-09-03T04:26:00Z
PO26-000612,Approval,u015,2026-09-03T07:26:00Z
PO26-000613,Submission,u010,2026-08-03T10:25:00Z
PO26-000613,Delegation,u999,2026-08-03T12:25:00Z
PO26-000613,Approval,u040,2026-08-03T13:25:00Z
PO26-000614,Submission,u025,2026-08-02T10:47:00Z
PO26-000614,Approval,u008,2026-08-02T13:47:00Z
PO26-000615,Submission,u029,2026-09-03T08:12:00Z
PO26-000615,Approval,u015,2026-09-03T11:12:00Z
PO26-000616,Submission,u011,2026-09-10T05:14:00Z
PO26-000616,Approval,u008,2026-09-10T08:14:00Z
PO26-000617,Submission,u033,2026-07-23T09:24:00Z
PO26-000617,Approval,u039,2026-07-23T12:24:00Z
PO26-000618,Submission,u035,2026-07-05T03:23:00Z
PO26-000618,Approval,u020,2026-07-05T06:23:00Z
PO26-000619,Submission,u003,2026-07-12T07:13:00Z
PO26-000619,Approval,u023,2026-07-12T10:13:00Z
PO26-000620,Submission,u014,2026-08-31T10:02:00Z
PO26-000620,Approval,u006,2026-08-31T13:02:00Z
PO26-000621,Submission,u010,2026-07-20T10:29:00Z
PO26-000621,Approval,u008,2026-07-20T13:29:00Z
PO26-000622,Submission,u011,2026-08-31T07:11:00Z
PO26-000622,Delegation,u999,2026-08-31T09:11:00Z
PO26-000622,Approval,u013,2026-08-31T10:11:00Z
PO26-000623,Submission,u007,2026-07-06T05:36:00Z
PO26-000623,Approval,u034,2026-07-06T08:36:00Z
PO26-000624,Submission,u004,2026-08-12T07:11:00Z
PO26-000624,Approval,u013,2026-08-12T10:11:00Z
PO26-000625,Submission,u011,2026-09-24T05:12:00Z
PO26-000625,Approval,u040,2026-09-24T08:12:00Z
PO26-000626,Submission,u029,2026-07-02T03:16:00Z
PO26-000626,Approval,u040,2026-07-02T06:16:00Z
PO26-000627,Submission,u027,2026-07-27T09:13:00Z
PO26-000627,Approval,u021,2026-07-27T12:13:00Z
PO26-000628,Submission,u009,2026-07-20T02:14:00Z
PO26-000628,Approval,u039,2026-07-20T05:14:00Z
PO26-000629,Submission,u012,2026-07-14T02:05:00Z
PO26-000629,Approval,u020,2026-07-14T05:05:00Z
PO26-000630,Submission,u003,2026-08-23T02:46:00Z
PO26-000630,Approval,u013,2026-08-23T05:46:00Z
PO26-000631,Submission,u035,2026-09-30T02:22:00Z
PO26-000631,Delegation,u999,2026-09-30T04:22:00Z
PO26-000631,Approval,u036,2026-09-30T05:22:00Z
PO26-000632,Submission,u003,2026-08-10T06:50:00Z
PO26-000632,Approval,u036,2026-08-10T09:50:00Z
PO26-000633,Submission,u033,2026-08-31T08:05:00Z
PO26-000633,Approval,u015,2026-08-31T11:05:00Z
PO26-000634,Submission,u016,2026-07-14T03:07:00Z
PO26-000634,Approval,u020,2026-07-14T06:07:00Z
PO26-000635,Submission,u037,2026-09-21T07:04:00Z
PO26-000635,Approval,u015,2026-09-21T10:04:00Z
PO26-000636,Submission,u025,2026-07-29T09:19:00Z
PO26-000636,Approval,u006,2026-07-29T12:19:00Z
PO26-000637,Submission,u032,2026-07-02T02:11:00Z
PO26-000637,Approval,u036,2026-07-02T05:11:00Z
PO26-000638,Submission,u007,2026-07-06T02:22:00Z
PO26-000638,Approval,u034,2026-07-06T05:22:00Z
PO26-000639,Submission,u010,2026-08-06T03:27:00Z
PO26-000639,Approval,u015,2026-08-06T06:27:00Z
PO26-000640,Submission,u004,2026-07-09T05:56:00Z
PO26-000640,Delegation,u999,2026-07-09T07:56:00Z
PO26-000640,Approval,u039,2026-07-09T08:56:00Z
PO26-000641,Submission,u011,2026-08-05T05:27:00Z
PO26-000641,Approval,u013,2026-08-05T08:27:00Z
PO26-000642,Submission,u030,2026-07-16T08:46:00Z
PO26-000642,Approval,u020,2026-07-16T11:46:00Z
PO26-000643,Submission,u011,2026-07-29T05:54:00Z
PO26-000643,Approval,u013,2026-07-29T08:54:00Z
PO26-000644,Submission,u018,2026-08-11T09:01:00Z
PO26-000644,Approval,u024,2026-08-11T12:01:00Z
PO26-000645,Submission,u003,2026-09-03T05:41:00Z
PO26-000645,Approval,u024,2026-09-03T08:41:00Z
PO26-000646,Submission,u002,2026-07-21T09:02:00Z
PO26-000646,Approval,u015,2026-07-21T12:02:00Z
PO26-000647,Submission,u007,2026-08-04T05:09:00Z
PO26-000647,Approval,u008,2026-08-04T08:09:00Z
PO26-000648,Submission,u003,2026-07-19T09:56:00Z
PO26-000648,Approval,u015,2026-07-19T12:56:00Z
PO26-000649,Submission,u032,2026-09-28T06:32:00Z
PO26-000649,Delegation,u999,2026-09-28T08:32:00Z
PO26-000649,Approval,u022,2026-09-28T09:32:00Z
PO26-000650,Submission,u025,2026-09-23T07:05:00Z
PO26-000650,Approval,u008,2026-09-23T10:05:00Z
PO26-000651,Submission,u010,2026-08-16T04:03:00Z
PO26-000651,Approval,u034,2026-08-16T07:03:00Z
PO26-000652,Submission,u031,2026-08-02T04:34:00Z
PO26-000652,Approval,u021,2026-08-02T07:34:00Z
PO26-000653,Submission,u031,2026-08-27T10:25:00Z
PO26-000653,Approval,u022,2026-08-27T13:25:00Z
PO26-000654,Submission,u002,2026-08-30T06:25:00Z
PO26-000654,Approval,u019,2026-08-30T09:25:00Z
PO26-000655,Submission,u037,2026-07-05T10:24:00Z
PO26-000655,Approval,u019,2026-07-05T13:24:00Z
PO26-000656,Submission,u004,2026-08-13T06:47:00Z
PO26-000656,Approval,u020,2026-08-13T09:47:00Z
PO26-000657,Submission,u037,2026-09-28T09:41:00Z
PO26-000657,Approval,u021,2026-09-28T12:41:00Z
PO26-000658,Submission,u004,2026-09-23T07:13:00Z
PO26-000658,Delegation,u999,2026-09-23T09:13:00Z
PO26-000658,Approval,u039,2026-09-23T10:13:00Z
PO26-000659,Submission,u025,2026-09-03T09:23:00Z
PO26-000659,Approval,u040,2026-09-03T12:23:00Z
PO26-000660,Submission,u018,2026-09-22T03:57:00Z
PO26-000660,Approval,u015,2026-09-22T06:57:00Z
PO26-000661,Submission,u030,2026-07-06T08:22:00Z
PO26-000661,Approval,u013,2026-07-06T11:22:00Z
PO26-000662,Submission,u011,2026-09-27T09:44:00Z
PO26-000662,Approval,u023,2026-09-27T12:44:00Z
PO26-000663,Submission,u030,2026-07-28T06:42:00Z
PO26-000663,Approval,u013,2026-07-28T09:42:00Z
PO26-000664,Submission,u027,2026-07-01T04:54:00Z
PO26-000664,Approval,u021,2026-07-01T07:54:00Z
PO26-000665,Submission,u035,2026-09-20T03:16:00Z
PO26-000665,Approval,u020,2026-09-20T06:16:00Z
PO26-000666,Submission,u027,2026-08-16T05:14:00Z
PO26-000666,Approval,u023,2026-08-16T08:14:00Z
PO26-000667,Submission,u033,2026-08-11T03:22:00Z
PO26-000667,Delegation,u999,2026-08-11T05:22:00Z
PO26-000667,Approval,u036,2026-08-11T06:22:00Z
PO26-000668,Submission,u007,2026-07-02T05:07:00Z
PO26-000668,Approval,u006,2026-07-02T08:07:00Z
PO26-000669,Submission,u009,2026-08-23T05:41:00Z
PO26-000669,Approval,u019,2026-08-23T08:41:00Z
PO26-000670,Submission,u032,2026-08-31T02:29:00Z
PO26-000670,Approval,u024,2026-08-31T05:29:00Z
PO26-000671,Submission,u018,2026-07-26T08:53:00Z
PO26-000671,Approval,u022,2026-07-26T11:53:00Z
PO26-000672,Submission,u011,2026-09-17T04:34:00Z
PO26-000672,Approval,u015,2026-09-17T07:34:00Z
PO26-000673,Submission,u005,2026-09-10T04:03:00Z
PO26-000673,Approval,u020,2026-09-10T07:03:00Z
PO26-000674,Submission,u001,2026-08-02T10:20:00Z
PO26-000674,Approval,u034,2026-08-02T13:20:00Z
PO26-000675,Submission,u004,2026-08-26T05:19:00Z
PO26-000675,Approval,u021,2026-08-26T08:19:00Z
PO26-000676,Submission,u030,2026-07-23T03:23:00Z
PO26-000676,Delegation,u999,2026-07-23T05:23:00Z
PO26-000676,Approval,u013,2026-07-23T06:23:00Z
PO26-000677,Submission,u027,2026-07-16T09:35:00Z
PO26-000677,Approval,u040,2026-07-16T12:35:00Z
PO26-000678,Submission,u009,2026-08-27T04:53:00Z
PO26-000678,Approval,u019,2026-08-27T07:53:00Z
PO26-000679,Submission,u027,2026-07-15T03:39:00Z
PO26-000679,Approval,u022,2026-07-15T06:39:00Z
PO26-000680,Submission,u018,2026-08-24T08:57:00Z
PO26-000680,Approval,u008,2026-08-24T11:57:00Z
PO26-000681,Submission,u002,2026-09-07T03:06:00Z
PO26-000681,Approval,u034,2026-09-07T06:06:00Z
PO26-000682,Submission,u011,2026-08-30T06:56:00Z
PO26-000682,Approval,u021,2026-08-30T09:56:00Z
PO26-000683,Submission,u007,2026-09-21T02:07:00Z
PO26-000683,Approval,u015,2026-09-21T05:07:00Z
PO26-000684,Submission,u018,2026-07-15T09:36:00Z
PO26-000684,Approval,u013,2026-07-15T12:36:00Z
PO26-000685,Submission,u002,2026-09-17T10:41:00Z
PO26-000685,Delegation,u999,2026-09-17T12:41:00Z
PO26-000685,Approval,u034,2026-09-17T13:41:00Z
PO26-000686,Submission,u005,2026-08-04T10:51:00Z
PO26-000686,Approval,u023,2026-08-04T13:51:00Z
PO26-000687,Submission,u010,2026-07-30T04:07:00Z
PO26-000687,Approval,u021,2026-07-30T07:07:00Z
PO26-000688,Submission,u016,2026-08-31T09:34:00Z
PO26-000688,Approval,u024,2026-08-31T12:34:00Z
PO26-000689,Submission,u037,2026-09-07T07:52:00Z
PO26-000689,Approval,u020,2026-09-07T10:52:00Z
PO26-000690,Submission,u009,2026-08-23T03:24:00Z
PO26-000690,Approval,u023,2026-08-23T06:24:00Z
PO26-000691,Submission,u016,2026-07-26T08:17:00Z
PO26-000691,Approval,u039,2026-07-26T11:17:00Z
PO26-000692,Submission,u005,2026-08-26T04:08:00Z
PO26-000692,Approval,u039,2026-08-26T07:08:00Z
PO26-000693,Submission,u031,2026-07-20T05:13:00Z
PO26-000693,Approval,u023,2026-07-20T08:13:00Z
PO26-000694,Submission,u025,2026-07-30T02:19:00Z
PO26-000694,Delegation,u999,2026-07-30T04:19:00Z
PO26-000694,Approval,u015,2026-07-30T05:19:00Z
PO26-000695,Submission,u001,2026-07-01T04:50:00Z
PO26-000695,Approval,u021,2026-07-01T07:50:00Z
PO26-000696,Submission,u032,2026-08-18T07:36:00Z
PO26-000696,Approval,u019,2026-08-18T10:36:00Z
PO26-000697,Submission,u025,2026-09-10T02:21:00Z
PO26-000697,Approval,u040,2026-09-10T05:21:00Z
PO26-000698,Submission,u030,2026-08-09T03:35:00Z
PO26-000698,Approval,u023,2026-08-09T06:35:00Z
PO26-000699,Submission,u037,2026-09-17T07:45:00Z
PO26-000699,Approval,u008,2026-09-17T10:45:00Z
PO26-000700,Submission,u017,2026-07-16T02:49:00Z
PO26-000700,Approval,u036,2026-07-16T05:49:00Z
PO26-000701,Submission,u009,2026-08-05T07:27:00Z
PO26-000701,Approval,u034,2026-08-05T10:27:00Z
PO26-000702,Submission,u009,2026-09-23T02:55:00Z
PO26-000702,Approval,u006,2026-09-23T05:55:00Z
PO26-000703,Submission,u026,2026-09-07T04:04:00Z
PO26-000703,Delegation,u999,2026-09-07T06:04:00Z
PO26-000703,Approval,u015,2026-09-07T07:04:00Z
PO26-000704,Submission,u029,2026-08-25T03:11:00Z
PO26-000704,Approval,u040,2026-08-25T06:11:00Z
PO26-000705,Submission,u003,2026-07-23T04:04:00Z
PO26-000705,Approval,u021,2026-07-23T07:04:00Z
PO26-000706,Submission,u033,2026-09-07T08:45:00Z
PO26-000706,Approval,u021,2026-09-07T11:45:00Z
PO26-000707,Submission,u032,2026-07-27T06:46:00Z
PO26-000707,Approval,u006,2026-07-27T09:46:00Z
PO26-000708,Submission,u009,2026-09-15T06:41:00Z
PO26-000708,Approval,u036,2026-09-15T09:41:00Z
PO26-000709,Submission,u030,2026-08-31T09:37:00Z
PO26-000709,Approval,u040,2026-08-31T12:37:00Z
PO26-000710,Submission,u010,2026-07-06T07:55:00Z
PO26-000710,Approval,u039,2026-07-06T10:55:00Z
PO26-000711,Submission,u001,2026-09-15T04:51:00Z
PO26-000711,Approval,u022,2026-09-15T07:51:00Z
PO26-000712,Submission,u033,2026-09-10T02:13:00Z
PO26-000712,Delegation,u999,2026-09-10T04:13:00Z
PO26-000712,Approval,u006,2026-09-10T05:13:00Z
PO26-000713,Submission,u014,2026-08-18T05:00:00Z
PO26-000713,Approval,u040,2026-08-18T08:00:00Z
PO26-000714,Submission,u002,2026-08-19T08:01:00Z
PO26-000714,Approval,u024,2026-08-19T11:01:00Z
PO26-000715,Submission,u032,2026-07-12T04:43:00Z
PO26-000715,Approval,u034,2026-07-12T07:43:00Z
PO26-000716,Submission,u037,2026-08-30T03:26:00Z
PO26-000716,Approval,u020,2026-08-30T06:26:00Z
PO26-000717,Submission,u014,2026-08-30T09:00:00Z
PO26-000717,Approval,u034,2026-08-30T12:00:00Z
PO26-000718,Submission,u018,2026-07-15T04:34:00Z
PO26-000718,Approval,u024,2026-07-15T07:34:00Z
PO26-000719,Submission,u010,2026-07-30T03:02:00Z
PO26-000719,Approval,u006,2026-07-30T06:02:00Z
PO26-000720,Submission,u016,2026-07-20T10:54:00Z
PO26-000720,Approval,u022,2026-07-20T13:54:00Z
PO26-000721,Submission,u001,2026-08-02T03:38:00Z
PO26-000721,Delegation,u999,2026-08-02T05:38:00Z
PO26-000721,Approval,u006,2026-08-02T06:38:00Z
PO26-000722,Submission,u002,2026-09-22T05:09:00Z
PO26-000722,Approval,u013,2026-09-22T08:09:00Z
PO26-000723,Submission,u009,2026-07-20T02:27:00Z
PO26-000723,Approval,u036,2026-07-20T05:27:00Z
PO26-000724,Submission,u038,2026-09-22T05:52:00Z
PO26-000724,Approval,u022,2026-09-22T08:52:00Z
PO26-000725,Submission,u037,2026-09-10T05:36:00Z
PO26-000725,Approval,u021,2026-09-10T08:36:00Z
PO26-000726,Submission,u001,2026-07-22T02:53:00Z
PO26-000726,Approval,u024,2026-07-22T05:53:00Z
PO26-000727,Submission,u031,2026-07-26T08:37:00Z
PO26-000727,Approval,u040,2026-07-26T11:37:00Z
PO26-000728,Submission,u030,2026-07-16T02:55:00Z
PO26-000728,Approval,u036,2026-07-16T05:55:00Z
PO26-000729,Submission,u002,2026-07-16T07:05:00Z
PO26-000729,Approval,u021,2026-07-16T10:05:00Z
PO26-000730,Submission,u038,2026-08-10T02:53:00Z
PO26-000730,Delegation,u999,2026-08-10T04:53:00Z
PO26-000730,Approval,u023,2026-08-10T05:53:00Z
PO26-000731,Submission,u010,2026-09-06T10:33:00Z
PO26-000731,Approval,u015,2026-09-06T13:33:00Z
PO26-000732,Submission,u017,2026-09-15T05:41:00Z
PO26-000732,Approval,u039,2026-09-15T08:41:00Z
PO26-000733,Submission,u010,2026-08-06T09:51:00Z
PO26-000733,Approval,u040,2026-08-06T12:51:00Z
PO26-000734,Submission,u031,2026-09-15T07:08:00Z
PO26-000734,Approval,u034,2026-09-15T10:08:00Z
PO26-000735,Submission,u025,2026-08-30T10:49:00Z
PO26-000735,Approval,u020,2026-08-30T13:49:00Z
PO26-000736,Submission,u004,2026-08-09T03:19:00Z
PO26-000736,Approval,u008,2026-08-09T06:19:00Z
PO26-000737,Submission,u029,2026-09-03T08:45:00Z
PO26-000737,Approval,u013,2026-09-03T11:45:00Z
PO26-000738,Submission,u031,2026-07-12T04:23:00Z
PO26-000738,Approval,u008,2026-07-12T07:23:00Z
PO26-000739,Submission,u010,2026-07-13T02:13:00Z
PO26-000739,Delegation,u999,2026-07-13T04:13:00Z
PO26-000739,Approval,u024,2026-07-13T05:13:00Z
PO26-000740,Submission,u003,2026-07-26T04:52:00Z
PO26-000740,Approval,u008,2026-07-26T07:52:00Z
PO26-000741,Submission,u025,2026-07-14T05:17:00Z
PO26-000741,Approval,u040,2026-07-14T08:17:00Z
PO26-000742,Submission,u032,2026-07-27T08:29:00Z
PO26-000742,Approval,u039,2026-07-27T11:29:00Z
PO26-000743,Submission,u005,2026-09-21T04:12:00Z
PO26-000743,Approval,u024,2026-09-21T07:12:00Z
PO26-000744,Submission,u003,2026-07-13T09:59:00Z
PO26-000744,Approval,u015,2026-07-13T12:59:00Z
PO26-000745,Submission,u014,2026-09-02T10:41:00Z
PO26-000745,Approval,u020,2026-09-02T13:41:00Z
PO26-000746,Submission,u004,2026-09-13T05:43:00Z
PO26-000746,Approval,u034,2026-09-13T08:43:00Z
PO26-000747,Submission,u004,2026-07-05T02:21:00Z
PO26-000747,Approval,u023,2026-07-05T05:21:00Z
PO26-000748,Submission,u009,2026-08-19T08:52:00Z
PO26-000748,Delegation,u999,2026-08-19T10:52:00Z
PO26-000748,Approval,u021,2026-08-19T11:52:00Z
PO26-000749,Submission,u012,2026-08-18T10:44:00Z
PO26-000749,Approval,u040,2026-08-18T13:44:00Z
PO26-000750,Submission,u031,2026-07-05T06:17:00Z
PO26-000750,Approval,u008,2026-07-05T09:17:00Z
PO26-000751,Submission,u009,2026-08-09T08:32:00Z
PO26-000751,Approval,u024,2026-08-09T11:32:00Z
PO26-000752,Submission,u002,2026-09-01T10:39:00Z
PO26-000752,Approval,u040,2026-09-01T13:39:00Z
PO26-000753,Submission,u026,2026-09-28T05:13:00Z
PO26-000753,Approval,u019,2026-09-28T08:13:00Z
PO26-000754,Submission,u027,2026-08-11T10:51:00Z
PO26-000754,Approval,u015,2026-08-11T13:51:00Z
PO26-000755,Submission,u011,2026-07-02T08:55:00Z
PO26-000755,Approval,u036,2026-07-02T11:55:00Z
PO26-000756,Submission,u038,2026-09-07T04:39:00Z
PO26-000756,Approval,u019,2026-09-07T07:39:00Z
PO26-000757,Submission,u037,2026-09-29T05:37:00Z
PO26-000757,Delegation,u999,2026-09-29T07:37:00Z
PO26-000757,Approval,u022,2026-09-29T08:37:00Z
PO26-000758,Submission,u018,2026-09-20T09:01:00Z
PO26-000758,Approval,u024,2026-09-20T12:01:00Z
PO26-000759,Submission,u037,2026-09-17T02:43:00Z
PO26-000759,Approval,u036,2026-09-17T05:43:00Z
PO26-000760,Submission,u003,2026-07-06T08:08:00Z
PO26-000760,Approval,u015,2026-07-06T11:08:00Z
PO26-000761,Submission,u026,2026-08-12T03:27:00Z
PO26-000761,Approval,u019,2026-08-12T06:27:00Z
PO26-000762,Submission,u005,2026-09-14T05:59:00Z
PO26-000762,Approval,u020,2026-09-14T08:59:00Z
PO26-000763,Submission,u012,2026-09-10T09:47:00Z
PO26-000763,Approval,u022,2026-09-10T12:47:00Z
PO26-000764,Submission,u012,2026-07-09T04:52:00Z
PO26-000764,Approval,u040,2026-07-09T07:52:00Z
PO26-000765,Submission,u025,2026-07-21T05:09:00Z
PO26-000765,Approval,u023,2026-07-21T08:09:00Z
PO26-000766,Submission,u017,2026-08-04T05:08:00Z
PO26-000766,Delegation,u999,2026-08-04T07:08:00Z
PO26-000766,Approval,u021,2026-08-04T08:08:00Z
PO26-000767,Submission,u025,2026-09-24T10:32:00Z
PO26-000767,Approval,u036,2026-09-24T13:32:00Z
PO26-000768,Submission,u012,2026-07-27T08:47:00Z
PO26-000768,Approval,u036,2026-07-27T11:47:00Z
PO26-000769,Submission,u002,2026-09-15T05:36:00Z
PO26-000769,Approval,u006,2026-09-15T08:36:00Z
PO26-000770,Submission,u014,2026-08-25T07:54:00Z
PO26-000770,Approval,u036,2026-08-25T10:54:00Z
PO26-000771,Submission,u026,2026-07-16T09:25:00Z
PO26-000771,Approval,u015,2026-07-16T12:25:00Z
PO26-000772,Submission,u018,2026-08-03T02:17:00Z
PO26-000772,Approval,u008,2026-08-03T05:17:00Z
PO26-000773,Submission,u018,2026-07-16T08:41:00Z
PO26-000773,Approval,u015,2026-07-16T11:41:00Z
PO26-000774,Submission,u011,2026-09-03T06:21:00Z
PO26-000774,Approval,u036,2026-09-03T09:21:00Z
PO26-000775,Submission,u027,2026-07-26T10:39:00Z
PO26-000775,Delegation,u999,2026-07-26T12:39:00Z
PO26-000775,Approval,u019,2026-07-26T13:39:00Z
PO26-000776,Submission,u010,2026-09-03T03:30:00Z
PO26-000776,Approval,u021,2026-09-03T06:30:00Z
PO26-000777,Submission,u010,2026-08-17T06:07:00Z
PO26-000777,Approval,u036,2026-08-17T09:07:00Z
PO26-000778,Submission,u012,2026-09-22T06:10:00Z
PO26-000778,Approval,u013,2026-09-22T09:10:00Z
PO26-000779,Submission,u009,2026-07-06T05:19:00Z
PO26-000779,Approval,u013,2026-07-06T08:19:00Z
PO26-000780,Submission,u035,2026-08-17T06:46:00Z
PO26-000780,Approval,u013,2026-08-17T09:46:00Z
PO26-000781,Submission,u017,2026-07-02T07:12:00Z
PO26-000781,Approval,u019,2026-07-02T10:12:00Z
PO26-000782,Submission,u029,2026-08-27T08:03:00Z
PO26-000782,Approval,u021,2026-08-27T11:03:00Z
PO26-000783,Submission,u030,2026-09-02T06:50:00Z
PO26-000783,Approval,u036,2026-09-02T09:50:00Z
PO26-000784,Submission,u025,2026-07-16T03:03:00Z
PO26-000784,Delegation,u999,2026-07-16T05:03:00Z
PO26-000784,Approval,u024,2026-07-16T06:03:00Z
PO26-000785,Submission,u025,2026-07-22T02:36:00Z
PO26-000785,Approval,u036,2026-07-22T05:36:00Z
PO26-000786,Submission,u002,2026-09-03T04:05:00Z
PO26-000786,Approval,u013,2026-09-03T07:05:00Z
PO26-000787,Submission,u038,2026-09-21T06:11:00Z
PO26-000787,Approval,u036,2026-09-21T09:11:00Z
PO26-000788,Submission,u014,2026-07-09T03:08:00Z
PO26-000788,Approval,u021,2026-07-09T06:08:00Z
PO26-000789,Submission,u037,2026-08-09T02:55:00Z
PO26-000789,Approval,u013,2026-08-09T05:55:00Z
PO26-000790,Submission,u032,2026-08-05T10:40:00Z
PO26-000790,Approval,u019,2026-08-05T13:40:00Z
PO26-000791,Submission,u007,2026-09-06T04:15:00Z
PO26-000791,Approval,u006,2026-09-06T07:15:00Z
PO26-000792,Submission,u027,2026-08-03T09:06:00Z
PO26-000792,Approval,u023,2026-08-03T12:06:00Z
PO26-000793,Submission,u002,2026-08-30T10:41:00Z
PO26-000793,Delegation,u999,2026-08-30T12:41:00Z
PO26-000793,Approval,u040,2026-08-30T13:41:00Z
PO26-000794,Submission,u016,2026-09-23T04:54:00Z
PO26-000794,Approval,u006,2026-09-23T07:54:00Z
PO26-000795,Submission,u007,2026-08-04T05:25:00Z
PO26-000795,Approval,u022,2026-08-04T08:25:00Z
PO26-000796,Submission,u010,2026-08-17T03:36:00Z
PO26-000796,Approval,u006,2026-08-17T06:36:00Z
PO26-000797,Submission,u010,2026-08-23T10:18:00Z
PO26-000797,Approval,u036,2026-08-23T13:18:00Z
PO26-000798,Submission,u026,2026-08-02T06:16:00Z
PO26-000798,Approval,u006,2026-08-02T09:16:00Z
PO26-000799,Submission,u038,2026-09-21T06:16:00Z
PO26-000799,Approval,u020,2026-09-21T09:16:00Z
PO26-000800,Submission,u004,2026-08-20T10:42:00Z
PO26-000800,Approval,u039,2026-08-20T13:42:00Z
PO26-000801,Submission,u016,2026-08-18T03:20:00Z
PO26-000801,Approval,u034,2026-08-18T06:20:00Z
PO26-000802,Submission,u014,2026-07-26T06:55:00Z
PO26-000802,Delegation,u999,2026-07-26T08:55:00Z
PO26-000802,Approval,u039,2026-07-26T09:55:00Z
PO26-000803,Submission,u018,2026-08-30T07:02:00Z
PO26-000803,Approval,u019,2026-08-30T10:02:00Z
PO26-000804,Submission,u032,2026-08-25T08:12:00Z
PO26-000804,Approval,u024,2026-08-25T11:12:00Z
PO26-000805,Submission,u014,2026-08-19T07:45:00Z
PO26-000805,Approval,u013,2026-08-19T10:45:00Z
PO26-000806,Submission,u025,2026-09-27T03:32:00Z
PO26-000806,Approval,u040,2026-09-27T06:32:00Z
PO26-000807,Submission,u010,2026-09-16T07:03:00Z
PO26-000807,Approval,u039,2026-09-16T10:03:00Z
PO26-000808,Submission,u011,2026-08-06T05:03:00Z
PO26-000808,Approval,u036,2026-08-06T08:03:00Z
PO26-000809,Submission,u031,2026-07-15T08:19:00Z
PO26-000809,Approval,u008,2026-07-15T11:19:00Z
PO26-000810,Submission,u011,2026-09-14T09:42:00Z
PO26-000810,Approval,u039,2026-09-14T12:42:00Z
PO26-000811,Submission,u005,2026-08-09T06:50:00Z
PO26-000811,Delegation,u999,2026-08-09T08:50:00Z
PO26-000811,Approval,u036,2026-08-09T09:50:00Z
PO26-000812,Submission,u010,2026-08-10T03:34:00Z
PO26-000812,Approval,u036,2026-08-10T06:34:00Z
PO26-000813,Submission,u027,2026-07-08T06:12:00Z
PO26-000813,Approval,u021,2026-07-08T09:12:00Z
PO26-000814,Submission,u010,2026-07-20T07:00:00Z
PO26-000814,Approval,u006,2026-07-20T10:00:00Z
PO26-000815,Submission,u016,2026-08-18T08:09:00Z
PO26-000815,Approval,u008,2026-08-18T11:09:00Z
PO26-000816,Submission,u011,2026-08-02T05:42:00Z
PO26-000816,Approval,u015,2026-08-02T08:42:00Z
PO26-000817,Submission,u005,2026-07-20T05:58:00Z
PO26-000817,Approval,u021,2026-07-20T08:58:00Z
PO26-000818,Submission,u004,2026-08-13T05:42:00Z
PO26-000818,Approval,u008,2026-08-13T08:42:00Z
PO26-000819,Submission,u030,2026-08-23T06:31:00Z
PO26-000819,Approval,u039,2026-08-23T09:31:00Z
PO26-000820,Submission,u010,2026-07-28T07:18:00Z
PO26-000820,Delegation,u999,2026-07-28T09:18:00Z
PO26-000820,Approval,u034,2026-07-28T10:18:00Z
PO26-000821,Submission,u012,2026-09-08T05:17:00Z
PO26-000821,Approval,u019,2026-09-08T08:17:00Z
PO26-000822,Submission,u011,2026-09-02T08:41:00Z
PO26-000822,Approval,u036,2026-09-02T11:41:00Z
PO26-000823,Submission,u031,2026-08-27T04:01:00Z
PO26-000823,Approval,u013,2026-08-27T07:01:00Z
PO26-000824,Submission,u007,2026-07-02T02:54:00Z
PO26-000824,Approval,u013,2026-07-02T05:54:00Z
PO26-000825,Submission,u018,2026-08-16T07:20:00Z
PO26-000825,Approval,u020,2026-08-16T10:20:00Z
PO26-000826,Submission,u014,2026-08-09T06:30:00Z
PO26-000826,Approval,u036,2026-08-09T09:30:00Z
PO26-000827,Submission,u037,2026-07-30T02:35:00Z
PO26-000827,Approval,u015,2026-07-30T05:35:00Z
PO26-000828,Submission,u012,2026-09-20T10:32:00Z
PO26-000828,Approval,u024,2026-09-20T13:32:00Z
PO26-000829,Submission,u018,2026-09-21T06:42:00Z
PO26-000829,Delegation,u999,2026-09-21T08:42:00Z
PO26-000829,Approval,u008,2026-09-21T09:42:00Z
PO26-000830,Submission,u010,2026-09-27T04:16:00Z
PO26-000830,Approval,u024,2026-09-27T07:16:00Z
PO26-000831,Submission,u037,2026-07-26T06:13:00Z
PO26-000831,Approval,u034,2026-07-26T09:13:00Z
PO26-000832,Submission,u031,2026-08-09T07:34:00Z
PO26-000832,Approval,u024,2026-08-09T10:34:00Z
PO26-000833,Submission,u010,2026-09-28T03:51:00Z
PO26-000833,Approval,u036,2026-09-28T06:51:00Z
PO26-000834,Submission,u033,2026-09-07T03:06:00Z
PO26-000834,Approval,u020,2026-09-07T06:06:00Z
PO26-000835,Submission,u003,2026-07-27T06:31:00Z
PO26-000835,Approval,u040,2026-07-27T09:31:00Z
PO26-000836,Submission,u001,2026-07-09T06:50:00Z
PO26-000836,Approval,u019,2026-07-09T09:50:00Z
PO26-000837,Submission,u029,2026-08-26T06:00:00Z
PO26-000837,Approval,u019,2026-08-26T09:00:00Z
PO26-000838,Submission,u016,2026-09-14T07:35:00Z
PO26-000838,Delegation,u999,2026-09-14T09:35:00Z
PO26-000838,Approval,u040,2026-09-14T10:35:00Z
PO26-000839,Submission,u016,2026-09-30T04:26:00Z
PO26-000839,Approval,u024,2026-09-30T07:26:00Z
PO26-000840,Submission,u025,2026-07-08T08:59:00Z
PO26-000840,Approval,u036,2026-07-08T11:59:00Z
PO26-000841,Submission,u004,2026-07-12T07:08:00Z
PO26-000841,Approval,u019,2026-07-12T10:08:00Z
PO26-000842,Submission,u005,2026-09-27T10:06:00Z
PO26-000842,Approval,u019,2026-09-27T13:06:00Z
PO26-000843,Submission,u017,2026-09-13T03:44:00Z
PO26-000843,Approval,u034,2026-09-13T06:44:00Z
PO26-000844,Submission,u003,2026-08-17T05:18:00Z
PO26-000844,Approval,u019,2026-08-17T08:18:00Z
PO26-000845,Submission,u004,2026-07-19T06:14:00Z
PO26-000845,Approval,u020,2026-07-19T09:14:00Z
PO26-000846,Submission,u025,2026-07-13T08:51:00Z
PO26-000846,Approval,u023,2026-07-13T11:51:00Z
PO26-000847,Submission,u026,2026-07-01T02:50:00Z
PO26-000847,Delegation,u999,2026-07-01T04:50:00Z
PO26-000847,Approval,u021,2026-07-01T05:50:00Z
PO26-000848,Submission,u007,2026-07-02T04:45:00Z
PO26-000848,Approval,u022,2026-07-02T07:45:00Z
PO26-000849,Submission,u028,2026-08-02T04:39:00Z
PO26-000849,Approval,u019,2026-08-02T07:39:00Z
PO26-000850,Submission,u037,2026-09-17T04:44:00Z
PO26-000850,Approval,u022,2026-09-17T07:44:00Z
PO26-000851,Submission,u029,2026-07-28T07:55:00Z
PO26-000851,Approval,u019,2026-07-28T10:55:00Z
PO26-000852,Submission,u028,2026-08-27T05:48:00Z
PO26-000852,Approval,u006,2026-08-27T08:48:00Z
PO26-000853,Submission,u033,2026-07-30T09:28:00Z
PO26-000853,Approval,u022,2026-07-30T12:28:00Z
PO26-000854,Submission,u030,2026-08-06T03:51:00Z
PO26-000854,Approval,u020,2026-08-06T06:51:00Z
PO26-000855,Submission,u037,2026-08-09T06:14:00Z
PO26-000855,Approval,u006,2026-08-09T09:14:00Z
PO26-000856,Submission,u028,2026-09-22T05:21:00Z
PO26-000856,Delegation,u999,2026-09-22T07:21:00Z
PO26-000856,Approval,u020,2026-09-22T08:21:00Z
PO26-000857,Submission,u029,2026-09-27T03:29:00Z
PO26-000857,Approval,u021,2026-09-27T06:29:00Z
PO26-000858,Submission,u027,2026-09-02T02:42:00Z
PO26-000858,Approval,u022,2026-09-02T05:42:00Z
PO26-000859,Submission,u017,2026-08-20T04:03:00Z
PO26-000859,Approval,u040,2026-08-20T07:03:00Z
PO26-000860,Submission,u016,2026-08-03T02:08:00Z
PO26-000860,Approval,u040,2026-08-03T05:08:00Z
PO26-000861,Submission,u001,2026-08-12T07:08:00Z
PO26-000861,Approval,u021,2026-08-12T10:08:00Z
PO26-000862,Submission,u025,2026-09-24T02:42:00Z
PO26-000862,Approval,u034,2026-09-24T05:42:00Z
PO26-000863,Submission,u004,2026-07-16T03:19:00Z
PO26-000863,Approval,u034,2026-07-16T06:19:00Z
PO26-000864,Submission,u038,2026-09-14T07:39:00Z
PO26-000864,Approval,u021,2026-09-14T10:39:00Z
PO26-000865,Submission,u016,2026-07-21T04:54:00Z
PO26-000865,Delegation,u999,2026-07-21T06:54:00Z
PO26-000865,Approval,u024,2026-07-21T07:54:00Z
PO26-000866,Submission,u014,2026-07-06T05:49:00Z
PO26-000866,Approval,u015,2026-07-06T08:49:00Z
PO26-000867,Submission,u011,2026-09-16T02:12:00Z
PO26-000867,Approval,u006,2026-09-16T05:12:00Z
PO26-000868,Submission,u012,2026-08-17T04:37:00Z
PO26-000868,Approval,u006,2026-08-17T07:37:00Z
PO26-000869,Submission,u035,2026-08-13T08:40:00Z
PO26-000869,Approval,u006,2026-08-13T11:40:00Z
PO26-000870,Submission,u017,2026-07-14T06:28:00Z
PO26-000870,Approval,u022,2026-07-14T09:28:00Z
PO26-000871,Submission,u030,2026-09-13T07:51:00Z
PO26-000871,Approval,u008,2026-09-13T10:51:00Z
PO26-000872,Submission,u028,2026-07-30T03:49:00Z
PO26-000872,Approval,u023,2026-07-30T06:49:00Z
PO26-000873,Submission,u002,2026-08-24T03:55:00Z
PO26-000873,Approval,u023,2026-08-24T06:55:00Z
PO26-000874,Submission,u031,2026-09-16T06:18:00Z
PO26-000874,Delegation,u999,2026-09-16T08:18:00Z
PO26-000874,Approval,u019,2026-09-16T09:18:00Z
PO26-000875,Submission,u016,2026-09-14T07:20:00Z
PO26-000875,Approval,u036,2026-09-14T10:20:00Z
PO26-000876,Submission,u003,2026-09-14T10:58:00Z
PO26-000876,Approval,u006,2026-09-14T13:58:00Z
PO26-000877,Submission,u018,2026-09-15T02:37:00Z
PO26-000877,Approval,u036,2026-09-15T05:37:00Z
PO26-000878,Submission,u005,2026-08-19T06:10:00Z
PO26-000878,Approval,u021,2026-08-19T09:10:00Z
PO26-000879,Submission,u017,2026-09-29T09:22:00Z
PO26-000879,Approval,u008,2026-09-29T12:22:00Z
PO26-000880,Submission,u003,2026-09-08T10:49:00Z
PO26-000880,Approval,u021,2026-09-08T13:49:00Z
PO26-000881,Submission,u025,2026-09-08T03:25:00Z
PO26-000881,Approval,u022,2026-09-08T06:25:00Z
PO26-000882,Submission,u009,2026-09-09T05:21:00Z
PO26-000882,Approval,u021,2026-09-09T08:21:00Z
PO26-000883,Submission,u033,2026-08-04T05:23:00Z
PO26-000883,Delegation,u999,2026-08-04T07:23:00Z
PO26-000883,Approval,u020,2026-08-04T08:23:00Z
PO26-000884,Submission,u012,2026-09-24T03:45:00Z
PO26-000884,Approval,u021,2026-09-24T06:45:00Z
PO26-000885,Submission,u001,2026-09-03T07:12:00Z
PO26-000885,Approval,u013,2026-09-03T10:12:00Z
PO26-000886,Submission,u001,2026-09-13T05:25:00Z
PO26-000886,Approval,u013,2026-09-13T08:25:00Z
PO26-000887,Submission,u029,2026-07-29T09:53:00Z
PO26-000887,Approval,u022,2026-07-29T12:53:00Z
PO26-000888,Submission,u028,2026-07-30T02:57:00Z
PO26-000888,Approval,u020,2026-07-30T05:57:00Z
PO26-000889,Submission,u030,2026-09-06T09:10:00Z
PO26-000889,Approval,u022,2026-09-06T12:10:00Z
PO26-000890,Submission,u011,2026-08-24T10:02:00Z
PO26-000890,Approval,u020,2026-08-24T13:02:00Z
PO26-000891,Submission,u009,2026-09-16T10:12:00Z
PO26-000891,Approval,u024,2026-09-16T13:12:00Z
PO26-000892,Submission,u009,2026-07-30T03:21:00Z
PO26-000892,Delegation,u999,2026-07-30T05:21:00Z
PO26-000892,Approval,u036,2026-07-30T06:21:00Z
PO26-000893,Submission,u005,2026-07-19T08:12:00Z
PO26-000893,Approval,u013,2026-07-19T11:12:00Z
PO26-000894,Submission,u011,2026-07-27T09:21:00Z
PO26-000894,Approval,u040,2026-07-27T12:21:00Z
PO26-000895,Submission,u001,2026-08-27T10:57:00Z
PO26-000895,Approval,u022,2026-08-27T13:57:00Z
PO26-000896,Submission,u018,2026-08-04T02:32:00Z
PO26-000896,Approval,u040,2026-08-04T05:32:00Z
PO26-000897,Submission,u033,2026-09-15T06:44:00Z
PO26-000897,Approval,u019,2026-09-15T09:44:00Z
PO26-000898,Submission,u028,2026-07-26T06:20:00Z
PO26-000898,Approval,u036,2026-07-26T09:20:00Z
PO26-000899,Submission,u025,2026-09-30T02:17:00Z
PO26-000899,Approval,u036,2026-09-30T05:17:00Z
PO26-000900,Submission,u002,2026-07-20T04:33:00Z
PO26-000900,Approval,u015,2026-07-20T07:33:00Z
PO26-000901,Submission,u018,2026-08-20T04:10:00Z
PO26-000901,Delegation,u999,2026-08-20T06:10:00Z
PO26-000901,Approval,u013,2026-08-20T07:10:00Z
PO26-000902,Submission,u031,2026-07-02T08:18:00Z
PO26-000902,Approval,u036,2026-07-02T11:18:00Z
PO26-000903,Submission,u033,2026-07-08T10:37:00Z
PO26-000903,Approval,u036,2026-07-08T13:37:00Z
PO26-000904,Submission,u018,2026-07-16T07:42:00Z
PO26-000904,Approval,u008,2026-07-16T10:42:00Z
PO26-000905,Submission,u004,2026-09-23T03:42:00Z
PO26-000905,Approval,u023,2026-09-23T06:42:00Z
PO26-000906,Submission,u030,2026-08-05T08:28:00Z
PO26-000906,Approval,u021,2026-08-05T11:28:00Z
PO26-000907,Submission,u018,2026-07-20T03:06:00Z
PO26-000907,Approval,u036,2026-07-20T06:06:00Z
PO26-000908,Submission,u001,2026-08-23T02:03:00Z
PO26-000908,Approval,u024,2026-08-23T05:03:00Z
PO26-000909,Submission,u017,2026-07-14T08:20:00Z
PO26-000909,Approval,u020,2026-07-14T11:20:00Z
PO26-000910,Submission,u009,2026-08-30T09:37:00Z
PO26-000910,Delegation,u999,2026-08-30T11:37:00Z
PO26-000910,Approval,u040,2026-08-30T12:37:00Z
PO26-000911,Submission,u031,2026-07-07T10:59:00Z
PO26-000911,Approval,u020,2026-07-07T13:59:00Z
PO26-000912,Submission,u033,2026-09-15T05:10:00Z
PO26-000912,Approval,u040,2026-09-15T08:10:00Z
PO26-000913,Submission,u012,2026-08-20T09:35:00Z
PO26-000913,Approval,u023,2026-08-20T12:35:00Z
PO26-000914,Submission,u025,2026-09-30T04:31:00Z
PO26-000914,Approval,u040,2026-09-30T07:31:00Z
PO26-000915,Submission,u033,2026-08-19T03:31:00Z
PO26-000915,Approval,u019,2026-08-19T06:31:00Z
PO26-000916,Submission,u014,2026-09-20T10:14:00Z
PO26-000916,Approval,u023,2026-09-20T13:14:00Z
PO26-000917,Submission,u009,2026-07-05T07:40:00Z
PO26-000917,Approval,u036,2026-07-05T10:40:00Z
PO26-000918,Submission,u010,2026-08-04T05:06:00Z
PO26-000918,Approval,u006,2026-08-04T08:06:00Z
PO26-000919,Submission,u007,2026-07-16T07:09:00Z
PO26-000919,Delegation,u999,2026-07-16T09:09:00Z
PO26-000919,Approval,u021,2026-07-16T10:09:00Z
PO26-000920,Submission,u012,2026-09-08T03:35:00Z
PO26-000920,Approval,u020,2026-09-08T06:35:00Z
PO26-000921,Submission,u007,2026-08-03T02:58:00Z
PO26-000921,Approval,u020,2026-08-03T05:58:00Z
PO26-000922,Submission,u030,2026-09-06T07:42:00Z
PO26-000922,Approval,u021,2026-09-06T10:42:00Z
PO26-000923,Submission,u028,2026-07-09T04:53:00Z
PO26-000923,Approval,u006,2026-07-09T07:53:00Z
PO26-000924,Submission,u009,2026-07-27T05:28:00Z
PO26-000924,Approval,u024,2026-07-27T08:28:00Z
PO26-000925,Submission,u016,2026-07-16T06:15:00Z
PO26-000925,Approval,u021,2026-07-16T09:15:00Z
PO26-000926,Submission,u014,2026-09-27T05:53:00Z
PO26-000926,Approval,u021,2026-09-27T08:53:00Z
PO26-000927,Submission,u007,2026-08-20T04:17:00Z
PO26-000927,Approval,u024,2026-08-20T07:17:00Z
PO26-000928,Submission,u011,2026-07-05T08:59:00Z
PO26-000928,Delegation,u999,2026-07-05T10:59:00Z
PO26-000928,Approval,u022,2026-07-05T11:59:00Z
PO26-000929,Submission,u005,2026-09-14T03:46:00Z
PO26-000929,Approval,u040,2026-09-14T06:46:00Z
PO26-000930,Submission,u027,2026-09-10T08:29:00Z
PO26-000930,Approval,u015,2026-09-10T11:29:00Z
PO26-000931,Submission,u025,2026-08-03T06:10:00Z
PO26-000931,Approval,u036,2026-08-03T09:10:00Z
PO26-000932,Submission,u026,2026-07-12T04:27:00Z
PO26-000932,Approval,u021,2026-07-12T07:27:00Z
PO26-000933,Submission,u028,2026-07-06T02:16:00Z
PO26-000933,Approval,u022,2026-07-06T05:16:00Z
PO26-000934,Submission,u037,2026-08-10T10:22:00Z
PO26-000934,Approval,u040,2026-08-10T13:22:00Z
PO26-000935,Submission,u031,2026-09-06T09:35:00Z
PO26-000935,Approval,u034,2026-09-06T12:35:00Z
PO26-000936,Submission,u037,2026-07-13T05:41:00Z
PO26-000936,Approval,u039,2026-07-13T08:41:00Z
PO26-000937,Submission,u014,2026-09-21T04:42:00Z
PO26-000937,Delegation,u999,2026-09-21T06:42:00Z
PO26-000937,Approval,u006,2026-09-21T07:42:00Z
PO26-000938,Submission,u012,2026-08-27T04:45:00Z
PO26-000938,Approval,u023,2026-08-27T07:45:00Z
PO26-000939,Submission,u016,2026-09-24T02:50:00Z
PO26-000939,Approval,u023,2026-09-24T05:50:00Z
PO26-000940,Submission,u004,2026-07-07T02:24:00Z
PO26-000940,Approval,u034,2026-07-07T05:24:00Z
PO26-000941,Submission,u007,2026-07-19T02:35:00Z
PO26-000941,Approval,u036,2026-07-19T05:35:00Z
PO26-000942,Submission,u010,2026-07-30T08:46:00Z
PO26-000942,Approval,u024,2026-07-30T11:46:00Z
PO26-000943,Submission,u004,2026-09-22T08:25:00Z
PO26-000943,Approval,u015,2026-09-22T11:25:00Z
PO26-000944,Submission,u007,2026-08-05T10:19:00Z
PO26-000944,Approval,u039,2026-08-05T13:19:00Z
PO26-000945,Submission,u014,2026-07-23T09:25:00Z
PO26-000945,Approval,u022,2026-07-23T12:25:00Z
PO26-000946,Submission,u033,2026-09-20T02:11:00Z
PO26-000946,Delegation,u999,2026-09-20T04:11:00Z
PO26-000946,Approval,u020,2026-09-20T05:11:00Z
PO26-000947,Submission,u029,2026-07-20T07:02:00Z
PO26-000947,Approval,u015,2026-07-20T10:02:00Z
PO26-000948,Submission,u029,2026-07-15T03:25:00Z
PO26-000948,Approval,u015,2026-07-15T06:25:00Z
PO26-000949,Submission,u009,2026-07-01T05:02:00Z
PO26-000949,Approval,u024,2026-07-01T08:02:00Z
PO26-000950,Submission,u003,2026-07-28T06:37:00Z
PO26-000950,Approval,u036,2026-07-28T09:37:00Z
PO26-000951,Submission,u007,2026-07-22T04:41:00Z
PO26-000951,Approval,u039,2026-07-22T07:41:00Z
PO26-000952,Submission,u033,2026-09-14T06:20:00Z
PO26-000952,Approval,u019,2026-09-14T09:20:00Z
PO26-000953,Submission,u025,2026-08-19T09:13:00Z
PO26-000953,Approval,u036,2026-08-19T12:13:00Z
PO26-000954,Submission,u001,2026-07-09T04:27:00Z
PO26-000954,Approval,u006,2026-07-09T07:27:00Z
PO26-000955,Submission,u018,2026-08-17T07:43:00Z
PO26-000955,Delegation,u999,2026-08-17T09:43:00Z
PO26-000955,Approval,u023,2026-08-17T10:43:00Z
PO26-000956,Submission,u002,2026-09-30T04:48:00Z
PO26-000956,Approval,u021,2026-09-30T07:48:00Z
PO26-000957,Submission,u035,2026-07-21T08:24:00Z
PO26-000957,Approval,u006,2026-07-21T11:24:00Z
PO26-000958,Submission,u027,2026-07-06T06:39:00Z
PO26-000958,Approval,u023,2026-07-06T09:39:00Z
PO26-000959,Submission,u035,2026-07-13T05:18:00Z
PO26-000959,Approval,u034,2026-07-13T08:18:00Z
PO26-000960,Submission,u004,2026-07-30T03:07:00Z
PO26-000960,Approval,u021,2026-07-30T06:07:00Z
PO26-000961,Submission,u005,2026-08-10T09:33:00Z
PO26-000961,Approval,u039,2026-08-10T12:33:00Z
PO26-000962,Submission,u027,2026-09-30T02:59:00Z
PO26-000962,Approval,u023,2026-09-30T05:59:00Z
PO26-000963,Submission,u002,2026-09-16T08:25:00Z
PO26-000963,Approval,u020,2026-09-16T11:25:00Z
PO26-000964,Submission,u009,2026-09-22T09:16:00Z
PO26-000964,Delegation,u999,2026-09-22T11:16:00Z
PO26-000964,Approval,u013,2026-09-22T12:16:00Z
PO26-000965,Submission,u025,2026-08-10T09:02:00Z
PO26-000965,Approval,u013,2026-08-10T12:02:00Z
PO26-000966,Submission,u004,2026-07-30T02:05:00Z
PO26-000966,Approval,u034,2026-07-30T05:05:00Z
PO26-000967,Submission,u002,2026-09-01T04:20:00Z
PO26-000967,Approval,u024,2026-09-01T07:20:00Z
PO26-000968,Submission,u030,2026-09-13T04:09:00Z
PO26-000968,Approval,u020,2026-09-13T07:09:00Z
PO26-000969,Submission,u003,2026-09-07T10:38:00Z
PO26-000969,Approval,u013,2026-09-07T13:38:00Z
PO26-000970,Submission,u009,2026-07-08T02:30:00Z
PO26-000970,Approval,u034,2026-07-08T05:30:00Z
PO26-000971,Submission,u001,2026-09-21T10:49:00Z
PO26-000971,Approval,u008,2026-09-21T13:49:00Z
PO26-000972,Submission,u005,2026-09-14T08:08:00Z
PO26-000972,Approval,u019,2026-09-14T11:08:00Z
PO26-000973,Submission,u033,2026-07-20T05:19:00Z
PO26-000973,Delegation,u999,2026-07-20T07:19:00Z
PO26-000973,Approval,u013,2026-07-20T08:19:00Z
PO26-000974,Submission,u001,2026-07-23T04:36:00Z
PO26-000974,Approval,u019,2026-07-23T07:36:00Z
PO26-000975,Submission,u035,2026-09-01T10:44:00Z
PO26-000975,Approval,u019,2026-09-01T13:44:00Z
PO26-000976,Submission,u017,2026-08-04T06:03:00Z
PO26-000976,Approval,u034,2026-08-04T09:03:00Z
PO26-000977,Submission,u029,2026-08-31T03:36:00Z
PO26-000977,Approval,u019,2026-08-31T06:36:00Z
PO26-000978,Submission,u032,2026-08-11T08:26:00Z
PO26-000978,Approval,u008,2026-08-11T11:26:00Z
PO26-000979,Submission,u011,2026-09-08T08:26:00Z
PO26-000979,Approval,u034,2026-09-08T11:26:00Z
PO26-000980,Submission,u032,2026-08-06T08:50:00Z
PO26-000980,Approval,u024,2026-08-06T11:50:00Z
PO26-000981,Submission,u035,2026-08-25T10:08:00Z
PO26-000981,Approval,u015,2026-08-25T13:08:00Z
PO26-000982,Submission,u032,2026-07-19T04:05:00Z
PO26-000982,Delegation,u999,2026-07-19T06:05:00Z
PO26-000982,Approval,u006,2026-07-19T07:05:00Z
PO26-000983,Submission,u033,2026-09-14T06:56:00Z
PO26-000983,Approval,u015,2026-09-14T09:56:00Z
PO26-000984,Submission,u028,2026-07-27T07:33:00Z
PO26-000984,Approval,u024,2026-07-27T10:33:00Z
PO26-000985,Submission,u004,2026-09-02T08:34:00Z
PO26-000985,Approval,u034,2026-09-02T11:34:00Z
PO26-000986,Submission,u002,2026-07-20T08:07:00Z
PO26-000986,Approval,u039,2026-07-20T11:07:00Z
PO26-000987,Submission,u025,2026-09-30T07:22:00Z
PO26-000987,Approval,u013,2026-09-30T10:22:00Z
PO26-000988,Submission,u029,2026-08-23T09:56:00Z
PO26-000988,Approval,u013,2026-08-23T12:56:00Z
PO26-000989,Submission,u004,2026-07-27T02:23:00Z
PO26-000989,Approval,u006,2026-07-27T05:23:00Z
PO26-000990,Submission,u028,2026-07-02T02:50:00Z
PO26-000990,Approval,u013,2026-07-02T05:50:00Z
PO26-000991,Submission,u032,2026-07-15T09:54:00Z
PO26-000991,Delegation,u999,2026-07-15T11:54:00Z
PO26-000991,Approval,u019,2026-07-15T12:54:00Z
PO26-000992,Submission,u026,2026-07-15T03:24:00Z
PO26-000992,Approval,u036,2026-07-15T06:24:00Z
PO26-000993,Submission,u011,2026-09-02T08:50:00Z
PO26-000993,Approval,u019,2026-09-02T11:50:00Z
PO26-000994,Submission,u028,2026-09-07T10:08:00Z
PO26-000994,Approval,u036,2026-09-07T13:08:00Z
PO26-000995,Submission,u032,2026-08-27T04:20:00Z
PO26-000995,Approval,u015,2026-08-27T07:20:00Z
PO26-000996,Submission,u002,2026-08-31T04:01:00Z
PO26-000996,Approval,u034,2026-08-31T07:01:00Z
PO26-000997,Submission,u026,2026-07-13T07:26:00Z
PO26-000997,Approval,u021,2026-07-13T10:26:00Z
PO26-000998,Submission,u025,2026-09-02T07:52:00Z
PO26-000998,Approval,u020,2026-09-02T10:52:00Z
PO26-000999,Submission,u014,2026-09-23T04:01:00Z
PO26-000999,Approval,u024,2026-09-23T07:01:00Z
PO26-001000,Submission,u026,2026-09-16T02:28:00Z
PO26-001000,Delegation,u999,2026-09-16T04:28:00Z
PO26-001000,Approval,u008,2026-09-16T05:28:00Z
PO26-001001,Submission,u018,2026-09-06T10:16:00Z
PO26-001001,Approval,u019,2026-09-06T13:16:00Z
PO26-001002,Submission,u038,2026-07-07T03:09:00Z
PO26-001002,Approval,u020,2026-07-07T06:09:00Z
PO26-001003,Submission,u038,2026-08-17T05:32:00Z
PO26-001003,Approval,u006,2026-08-17T08:32:00Z
PO26-001004,Submission,u012,2026-09-14T05:23:00Z
PO26-001004,Approval,u013,2026-09-14T08:23:00Z
PO26-001005,Submission,u014,2026-09-27T03:37:00Z
PO26-001005,Approval,u013,2026-09-27T06:37:00Z
PO26-001006,Submission,u033,2026-09-09T05:41:00Z
PO26-001006,Approval,u034,2026-09-09T08:41:00Z
PO26-001007,Submission,u033,2026-09-06T06:15:00Z
PO26-001007,Approval,u013,2026-09-06T09:15:00Z
PO26-001008,Submission,u014,2026-07-26T08:08:00Z
PO26-001008,Approval,u013,2026-07-26T11:08:00Z
PO26-001009,Submission,u009,2026-08-18T03:38:00Z
PO26-001009,Delegation,u999,2026-08-18T05:38:00Z
PO26-001009,Approval,u022,2026-08-18T06:38:00Z
PO26-001010,Submission,u004,2026-08-23T04:40:00Z
PO26-001010,Approval,u023,2026-08-23T07:40:00Z
PO26-001011,Submission,u027,2026-08-11T07:16:00Z
PO26-001011,Approval,u022,2026-08-11T10:16:00Z
PO26-001012,Submission,u004,2026-09-03T03:07:00Z
PO26-001012,Approval,u040,2026-09-03T06:07:00Z
PO26-001013,Submission,u028,2026-08-06T09:43:00Z
PO26-001013,Approval,u020,2026-08-06T12:43:00Z
PO26-001014,Submission,u007,2026-07-13T02:10:00Z
PO26-001014,Approval,u024,2026-07-13T05:10:00Z
PO26-001015,Submission,u026,2026-08-05T07:08:00Z
PO26-001015,Approval,u021,2026-08-05T10:08:00Z
PO26-001016,Submission,u001,2026-07-22T09:38:00Z
PO26-001016,Approval,u024,2026-07-22T12:38:00Z
PO26-001017,Submission,u005,2026-08-24T05:37:00Z
PO26-001017,Approval,u040,2026-08-24T08:37:00Z
PO26-001018,Submission,u025,2026-08-11T08:40:00Z
PO26-001018,Delegation,u999,2026-08-11T10:40:00Z
PO26-001018,Approval,u039,2026-08-11T11:40:00Z
PO26-001019,Submission,u033,2026-08-17T05:28:00Z
PO26-001019,Approval,u013,2026-08-17T08:28:00Z
PO26-001020,Submission,u011,2026-07-21T07:59:00Z
PO26-001020,Approval,u019,2026-07-21T10:59:00Z
PO26-001021,Submission,u025,2026-08-23T05:39:00Z
PO26-001021,Approval,u015,2026-08-23T08:39:00Z
PO26-001022,Submission,u037,2026-08-11T02:02:00Z
PO26-001022,Approval,u040,2026-08-11T05:02:00Z
PO26-001023,Submission,u027,2026-07-16T08:06:00Z
PO26-001023,Approval,u039,2026-07-16T11:06:00Z
PO26-001024,Submission,u011,2026-07-22T06:54:00Z
PO26-001024,Approval,u019,2026-07-22T09:54:00Z
PO26-001025,Submission,u017,2026-08-04T08:31:00Z
PO26-001025,Approval,u013,2026-08-04T11:31:00Z
PO26-001026,Submission,u007,2026-08-25T09:38:00Z
PO26-001026,Approval,u022,2026-08-25T12:38:00Z
PO26-001027,Submission,u037,2026-08-18T07:54:00Z
PO26-001027,Delegation,u999,2026-08-18T09:54:00Z
PO26-001027,Approval,u023,2026-08-18T10:54:00Z
PO26-001028,Submission,u027,2026-09-29T10:25:00Z
PO26-001028,Approval,u036,2026-09-29T13:25:00Z
PO26-001029,Submission,u003,2026-09-02T05:34:00Z
PO26-001029,Approval,u039,2026-09-02T08:34:00Z
PO26-001030,Submission,u002,2026-07-22T07:10:00Z
PO26-001030,Approval,u034,2026-07-22T10:10:00Z
PO26-001031,Submission,u025,2026-09-06T04:56:00Z
PO26-001031,Approval,u013,2026-09-06T07:56:00Z
PO26-001032,Submission,u003,2026-07-21T03:08:00Z
PO26-001032,Approval,u040,2026-07-21T06:08:00Z
PO26-001033,Submission,u009,2026-09-29T05:50:00Z
PO26-001033,Approval,u021,2026-09-29T08:50:00Z
PO26-001034,Submission,u007,2026-08-12T05:44:00Z
PO26-001034,Approval,u039,2026-08-12T08:44:00Z
PO26-001035,Submission,u025,2026-09-28T07:05:00Z
PO26-001035,Approval,u020,2026-09-28T10:05:00Z
PO26-001036,Submission,u002,2026-08-24T04:35:00Z
PO26-001036,Delegation,u999,2026-08-24T06:35:00Z
PO26-001036,Approval,u036,2026-08-24T07:35:00Z
PO26-001037,Submission,u005,2026-07-13T04:54:00Z
PO26-001037,Approval,u023,2026-07-13T07:54:00Z
PO26-001038,Submission,u028,2026-07-06T09:05:00Z
PO26-001038,Approval,u034,2026-07-06T12:05:00Z
PO26-001039,Submission,u009,2026-07-05T05:00:00Z
PO26-001039,Approval,u015,2026-07-05T08:00:00Z
PO26-001040,Submission,u033,2026-08-13T03:53:00Z
PO26-001040,Approval,u021,2026-08-13T06:53:00Z
PO26-001041,Submission,u035,2026-07-30T02:14:00Z
PO26-001041,Approval,u024,2026-07-30T05:14:00Z
PO26-001042,Submission,u016,2026-07-09T09:50:00Z
PO26-001042,Approval,u021,2026-07-09T12:50:00Z
PO26-001043,Submission,u028,2026-08-18T07:14:00Z
PO26-001043,Approval,u019,2026-08-18T10:14:00Z
PO26-001044,Submission,u005,2026-08-18T02:21:00Z
PO26-001044,Approval,u015,2026-08-18T05:21:00Z
PO26-001045,Submission,u012,2026-08-10T08:18:00Z
PO26-001045,Delegation,u999,2026-08-10T10:18:00Z
PO26-001045,Approval,u013,2026-08-10T11:18:00Z
PO26-001046,Submission,u007,2026-07-16T02:23:00Z
PO26-001046,Approval,u015,2026-07-16T05:23:00Z
PO26-001047,Submission,u004,2026-09-21T09:15:00Z
PO26-001047,Approval,u034,2026-09-21T12:15:00Z
PO26-001048,Submission,u029,2026-09-16T09:58:00Z
PO26-001048,Approval,u040,2026-09-16T12:58:00Z
PO26-001049,Submission,u004,2026-07-12T03:27:00Z
PO26-001049,Approval,u039,2026-07-12T06:27:00Z
PO26-001050,Submission,u025,2026-08-13T04:36:00Z
PO26-001050,Approval,u034,2026-08-13T07:36:00Z
PO26-001051,Submission,u001,2026-07-15T08:03:00Z
PO26-001051,Approval,u006,2026-07-15T11:03:00Z
PO26-001052,Submission,u038,2026-08-23T07:54:00Z
PO26-001052,Approval,u022,2026-08-23T10:54:00Z
PO26-001053,Submission,u012,2026-09-07T03:25:00Z
PO26-001053,Approval,u024,2026-09-07T06:25:00Z
PO26-001054,Submission,u001,2026-07-29T09:29:00Z
PO26-001054,Delegation,u999,2026-07-29T11:29:00Z
PO26-001054,Approval,u034,2026-07-29T12:29:00Z
PO26-001055,Submission,u012,2026-09-24T09:54:00Z
PO26-001055,Approval,u024,2026-09-24T12:54:00Z
PO26-001056,Submission,u010,2026-07-28T05:02:00Z
PO26-001056,Approval,u013,2026-07-28T08:02:00Z
PO26-001057,Submission,u003,2026-08-18T10:07:00Z
PO26-001057,Approval,u039,2026-08-18T13:07:00Z
PO26-001058,Submission,u038,2026-08-25T05:51:00Z
PO26-001058,Approval,u023,2026-08-25T08:51:00Z
PO26-001059,Submission,u038,2026-08-24T07:38:00Z
PO26-001059,Approval,u019,2026-08-24T10:38:00Z
PO26-001060,Submission,u004,2026-09-24T04:59:00Z
PO26-001060,Approval,u023,2026-09-24T07:59:00Z
PO26-001061,Submission,u012,2026-08-13T07:10:00Z
PO26-001061,Approval,u023,2026-08-13T10:10:00Z
PO26-001062,Submission,u027,2026-08-31T05:52:00Z
PO26-001062,Approval,u023,2026-08-31T08:52:00Z
PO26-001063,Submission,u010,2026-09-09T07:08:00Z
PO26-001063,Delegation,u999,2026-09-09T09:08:00Z
PO26-001063,Approval,u040,2026-09-09T10:08:00Z
PO26-001064,Submission,u032,2026-07-22T06:35:00Z
PO26-001064,Approval,u024,2026-07-22T09:35:00Z
PO26-001065,Submission,u025,2026-08-20T04:09:00Z
PO26-001065,Approval,u034,2026-08-20T07:09:00Z
PO26-001066,Submission,u007,2026-08-05T03:36:00Z
PO26-001066,Approval,u013,2026-08-05T06:36:00Z
PO26-001067,Submission,u038,2026-07-22T08:58:00Z
PO26-001067,Approval,u019,2026-07-22T11:58:00Z
PO26-001068,Submission,u001,2026-09-15T07:36:00Z
PO26-001068,Approval,u039,2026-09-15T10:36:00Z
PO26-001069,Submission,u004,2026-07-09T09:15:00Z
PO26-001069,Approval,u022,2026-07-09T12:15:00Z
PO26-001070,Submission,u011,2026-09-15T07:53:00Z
PO26-001070,Approval,u015,2026-09-15T10:53:00Z
PO26-001071,Submission,u002,2026-09-13T04:41:00Z
PO26-001071,Approval,u020,2026-09-13T07:41:00Z
PO26-001072,Submission,u002,2026-09-08T04:51:00Z
PO26-001072,Delegation,u999,2026-09-08T06:51:00Z
PO26-001072,Approval,u036,2026-09-08T07:51:00Z
PO26-001073,Submission,u003,2026-09-15T03:09:00Z
PO26-001073,Approval,u022,2026-09-15T06:09:00Z
PO26-001074,Submission,u032,2026-08-27T05:49:00Z
PO26-001074,Approval,u013,2026-08-27T08:49:00Z
PO26-001075,Submission,u025,2026-07-05T05:41:00Z
PO26-001075,Approval,u023,2026-07-05T08:41:00Z
PO26-001076,Submission,u010,2026-09-24T07:14:00Z
PO26-001076,Approval,u008,2026-09-24T10:14:00Z
PO26-001077,Submission,u002,2026-07-15T03:26:00Z
PO26-001077,Approval,u019,2026-07-15T06:26:00Z
PO26-001078,Submission,u001,2026-07-21T04:20:00Z
PO26-001078,Approval,u040,2026-07-21T07:20:00Z
PO26-001079,Submission,u010,2026-09-01T09:04:00Z
PO26-001079,Approval,u008,2026-09-01T12:04:00Z
PO26-001080,Submission,u005,2026-07-02T04:45:00Z
PO26-001080,Approval,u024,2026-07-02T07:45:00Z
PO26-001081,Submission,u038,2026-08-23T08:43:00Z
PO26-001081,Delegation,u999,2026-08-23T10:43:00Z
PO26-001081,Approval,u021,2026-08-23T11:43:00Z
PO26-001082,Submission,u029,2026-07-22T02:08:00Z
PO26-001082,Approval,u024,2026-07-22T05:08:00Z
PO26-001083,Submission,u002,2026-09-21T07:21:00Z
PO26-001083,Approval,u023,2026-09-21T10:21:00Z
PO26-001084,Submission,u009,2026-08-03T05:24:00Z
PO26-001084,Approval,u013,2026-08-03T08:24:00Z
PO26-001085,Submission,u003,2026-08-13T06:07:00Z
PO26-001085,Approval,u013,2026-08-13T09:07:00Z
PO26-001086,Submission,u012,2026-09-16T03:06:00Z
PO26-001086,Approval,u019,2026-09-16T06:06:00Z
PO26-001087,Submission,u005,2026-08-10T05:51:00Z
PO26-001087,Approval,u006,2026-08-10T08:51:00Z
PO26-001088,Submission,u032,2026-07-26T02:35:00Z
PO26-001088,Approval,u020,2026-07-26T05:35:00Z
PO26-001089,Submission,u016,2026-09-27T09:14:00Z
PO26-001089,Approval,u034,2026-09-27T12:14:00Z
PO26-001090,Submission,u004,2026-08-20T07:34:00Z
PO26-001090,Delegation,u999,2026-08-20T09:34:00Z
PO26-001090,Approval,u019,2026-08-20T10:34:00Z
PO26-001091,Submission,u033,2026-08-05T07:26:00Z
PO26-001091,Approval,u013,2026-08-05T10:26:00Z
PO26-001092,Submission,u011,2026-07-14T03:38:00Z
PO26-001092,Approval,u024,2026-07-14T06:38:00Z
PO26-001093,Submission,u038,2026-08-12T04:10:00Z
PO26-001093,Approval,u013,2026-08-12T07:10:00Z
PO26-001094,Submission,u038,2026-08-23T05:16:00Z
PO26-001094,Approval,u021,2026-08-23T08:16:00Z
PO26-001095,Submission,u033,2026-07-16T08:47:00Z
PO26-001095,Approval,u022,2026-07-16T11:47:00Z
PO26-001096,Submission,u029,2026-09-07T09:01:00Z
PO26-001096,Approval,u013,2026-09-07T12:01:00Z
PO26-001097,Submission,u010,2026-08-31T06:24:00Z
PO26-001097,Approval,u024,2026-08-31T09:24:00Z
PO26-001098,Submission,u026,2026-09-20T09:04:00Z
PO26-001098,Approval,u021,2026-09-20T12:04:00Z
PO26-001099,Submission,u037,2026-09-24T07:21:00Z
PO26-001099,Delegation,u999,2026-09-24T09:21:00Z
PO26-001099,Approval,u013,2026-09-24T10:21:00Z
PO26-001100,Submission,u010,2026-08-11T03:26:00Z
PO26-001100,Approval,u024,2026-08-11T06:26:00Z
PO26-001101,Submission,u017,2026-07-22T02:22:00Z
PO26-001101,Approval,u008,2026-07-22T05:22:00Z
PO26-001102,Submission,u017,2026-07-26T10:58:00Z
PO26-001102,Approval,u021,2026-07-26T13:58:00Z
PO26-001103,Submission,u017,2026-07-26T04:47:00Z
PO26-001103,Approval,u006,2026-07-26T07:47:00Z
PO26-001104,Submission,u025,2026-09-16T05:21:00Z
PO26-001104,Approval,u040,2026-09-16T08:21:00Z
PO26-001105,Submission,u025,2026-09-20T07:32:00Z
PO26-001105,Approval,u024,2026-09-20T10:32:00Z
PO26-001106,Submission,u025,2026-09-20T05:50:00Z
PO26-001106,Approval,u040,2026-09-20T08:50:00Z
PO26-001107,Submission,u017,2026-08-03T03:38:00Z
PO26-001107,Approval,u008,2026-08-03T06:38:00Z
PO26-001108,Submission,u018,2026-08-17T05:30:00Z
PO26-001108,Delegation,u999,2026-08-17T07:30:00Z
PO26-001108,Approval,u021,2026-08-17T08:30:00Z
PO26-001109,Submission,u035,2026-07-30T03:13:00Z
PO26-001109,Approval,u015,2026-07-30T06:13:00Z
PO26-001110,Submission,u035,2026-09-13T07:36:00Z
PO26-001110,Approval,u019,2026-09-13T10:36:00Z
PO26-001111,Submission,u032,2026-09-08T05:05:00Z
PO26-001111,Approval,u015,2026-09-08T08:05:00Z
PO26-001112,Submission,u029,2026-08-17T09:24:00Z
PO26-001112,Approval,u020,2026-08-17T12:24:00Z
PO26-001113,Submission,u010,2026-08-04T10:50:00Z
PO26-001113,Approval,u034,2026-08-04T13:50:00Z
PO26-001114,Submission,u007,2026-07-14T06:09:00Z
PO26-001114,Approval,u019,2026-07-14T09:09:00Z
PO26-001115,Submission,u015,2026-07-21T10:26:00Z
PO26-001115,Approval,u015,2026-07-21T13:26:00Z
PO26-001116,Submission,u023,2026-09-10T09:21:00Z
PO26-001116,Approval,u023,2026-09-10T12:21:00Z
PO26-001117,Submission,u038,2026-08-30T17:07:00Z
PO26-001117,Delegation,u999,2026-08-30T19:07:00Z
PO26-001117,Approval,u039,2026-08-30T20:07:00Z
PO26-001118,Submission,u038,2026-08-05T17:55:00Z
PO26-001118,Approval,u023,2026-08-05T20:55:00Z
PO26-001119,Submission,u004,2026-07-24T07:05:00Z
PO26-001119,Approval,u034,2026-07-24T10:05:00Z
PO26-001120,Submission,u004,2026-07-08T08:22:00Z
PO26-001120,Approval,u006,2026-07-08T11:22:00Z
PO26-001121,Submission,u004,2026-07-05T03:48:00Z
PO26-001121,Approval,u024,2026-07-05T06:48:00Z
PO26-001122,Submission,u007,2026-09-06T05:22:00Z
PO26-001122,Approval,u036,2026-09-06T08:22:00Z
PO26-001123,Submission,u007,2026-09-28T03:21:00Z
PO26-001123,Approval,u006,2026-09-28T06:21:00Z
PO26-001124,Submission,u012,2026-08-27T08:52:00Z
PO26-001124,Approval,u006,2026-08-27T11:52:00Z
