Number,Vendor,Bill Reference,Bill Date,Source Document,Total,Status,Payment Status,Type
BILL/2026/00001,Bina Taqa Est. (fictional),INV-4395,2026-07-21,P00001,4307.95,Posted,Paid,Vendor Bill
BILL/2026/00002,Rimal Madar Contracting (fictional),INV-5017,2026-07-16,P00002,27039.1,Posted,Paid,Vendor Bill
BILL/2026/00003,Waha Taqa Services (fictional),INV-4844,2026-08-09,P00003,32127.76,Posted,Paid,Vendor Bill
BILL/2026/00004,Noor Najd Trading (fictional),INV-2223,2026-09-17,P00004,5643.7,Posted,Paid,Vendor Bill
BILL/2026/00005,Jazeera Qimma Solutions (fictional),INV-3768,2026-07-15,P00005,34742.4,Posted,Paid,Vendor Bill
BILL/2026/00006,Rimal Madar Contracting (fictional),INV-5057,2026-08-22,P00006,6280.04,Posted,Paid,Vendor Bill
BILL/2026/00007,Jazeera Noor Supplies (fictional),INV-4606,2026-10-01,P00007,23443.68,Posted,Paid,Vendor Bill
BILL/2026/00008,Noor Najd Trading (fictional),INV-2276,2026-07-14,P00008,17073.36,Posted,Paid,Vendor Bill
BILL/2026/00009,Taqa Shams Trading (fictional),INV-4001,2026-10-18,P00009,29448.0,Posted,Paid,Vendor Bill
BILL/2026/00010,Jazeera Noor Supplies (fictional),INV-4629,2026-08-08,P00010,15391.08,Posted,Paid,Vendor Bill
BILL/2026/00011,Sarh Noor Services (fictional),INV-1759,2026-07-31,P00011,11969.55,Posted,Paid,Vendor Bill
BILL/2026/00012,Najd Najd Contracting (fictional),INV-2951,2026-08-31,P00012,28252.38,Posted,Paid,Vendor Bill
BILL/2026/00013,Rimal Madar Contracting (fictional),INV-4812,2026-09-29,P00013,13609.56,Posted,Paid,Vendor Bill
BILL/2026/00014,Buruj Dana Services (fictional),INV-1893,2026-09-02,P00014,20234.55,Posted,Paid,Vendor Bill
BILL/2026/00015,Qimma Waha Est. (fictional),INV-4220,2026-10-05,P00015,9233.0,Posted,Paid,Vendor Bill
BILL/2026/00016,Rimal Madar Contracting (fictional),INV-5023,2026-08-14,P00016,20158.16,Posted,Paid,Vendor Bill
BILL/2026/00017,Dana Rimal Trading (fictional),INV-2131,2026-09-17,P00017,36822.34,Posted,Paid,Vendor Bill
BILL/2026/00018,Rimal Madar Contracting (fictional),INV-5037,2026-09-04,P00018,32038.08,Posted,Paid,Vendor Bill
BILL/2026/00019,Taqa Sahab Services (fictional),INV-2211,2026-08-09,P00019,22545.76,Posted,Paid,Vendor Bill
BILL/2026/00020,Shams Bina Solutions (fictional),INV-1588,2026-09-25,P00020,14696.4,Posted,Paid,Vendor Bill
BILL/2026/00021,Wadi Dana Solutions (fictional),INV-4416,2026-09-25,P00021,26988.28,Posted,Paid,Vendor Bill
BILL/2026/00022,Buruj Waha Supplies (fictional),INV-2992,2026-08-17,P00022,16348.75,Posted,Paid,Vendor Bill
BILL/2026/00023,Bina Sarh Est. (fictional),INV-1107,2026-09-20,P00023,16611.48,Posted,Paid,Vendor Bill
BILL/2026/00024,Noor Najd Trading (fictional),INV-2307,2026-08-03,P00024,27716.64,Posted,Paid,Vendor Bill
BILL/2026/00025,Rawabi Masar Trading (fictional),INV-3236,2026-08-03,P00025,18367.26,Posted,Paid,Vendor Bill
BILL/2026/00026,Noor Masar Contracting (fictional),INV-1922,2026-10-19,P00026,4920.43,Posted,Paid,Vendor Bill
BILL/2026/00027,Jazeera Noor Supplies (fictional),INV-4675,2026-08-29,P00027,30033.15,Posted,Paid,Vendor Bill
BILL/2026/00028,Najd Najd Contracting (fictional),INV-2989,2026-08-09,P00028,16452.15,Posted,Paid,Vendor Bill
BILL/2026/00029,Dana Rimal Trading (fictional),INV-2172,2026-08-19,P00029,3539.01,Posted,Paid,Vendor Bill
BILL/2026/00030,Sahab Tamayuz Services (fictional),INV-1873,2026-10-20,P00030,27650.95,Posted,Paid,Vendor Bill
BILL/2026/00031,Bina Taqa Est. (fictional),INV-4448,2026-07-17,P00031,6948.87,Posted,Paid,Vendor Bill
BILL/2026/00032,Rimal Madar Contracting (fictional),INV-2421,2026-09-15,P00032,34614.88,Posted,Paid,Vendor Bill
BILL/2026/00033,Madar Jazeera Trading (fictional),INV-1795,2026-08-17,P00033,30276.09,Posted,Paid,Vendor Bill
BILL/2026/00034,Jazeera Noor Supplies (fictional),INV-4699,2026-08-06,P00034,21838.88,Posted,Paid,Vendor Bill
BILL/2026/00035,Rawabi Masar Trading (fictional),INV-3261,2026-09-01,P00035,38909.0,Posted,Paid,Vendor Bill
BILL/2026/00036,Wadi Dana Solutions (fictional),INV-4443,2026-07-25,P00036,7040.07,Posted,Paid,Vendor Bill
BILL/2026/00037,Tamayuz Jazeera Trading (fictional),INV-1116,2026-09-07,P00037,22617.7,Posted,Paid,Vendor Bill
BILL/2026/00038,Bina Afaq Contracting (fictional),INV-3452,2026-09-18,P00038,4852.82,Posted,Paid,Vendor Bill
BILL/2026/00039,Rimal Madar Contracting (fictional),INV-3051,2026-07-22,P00039,19614.84,Posted,Paid,Vendor Bill
BILL/2026/00040,Taqa Rimal Solutions (fictional),INV-4883,2026-09-17,P00040,22924.4,Posted,Paid,Vendor Bill
BILL/2026/00041,Buruj Dana Trading (fictional),INV-1799,2026-08-01,P00041,22746.4,Posted,Paid,Vendor Bill
BILL/2026/00042,Najd Najd Contracting (fictional),INV-3024,2026-09-08,P00042,38630.34,Posted,Paid,Vendor Bill
BILL/2026/00043,Waha Madar Est. (fictional),INV-3611,2026-08-21,P00043,11847.52,Posted,Paid,Vendor Bill
BILL/2026/00044,Rimal Sahab Supplies (fictional),INV-2628,2026-09-05,P00044,31887.58,Posted,Paid,Vendor Bill
BILL/2026/00045,Bina Afaq Contracting (fictional),INV-3459,2026-08-01,P00045,19020.45,Posted,Paid,Vendor Bill
BILL/2026/00046,Taqa Shams Trading (fictional),INV-4009,2026-07-31,P00046,14289.1,Posted,Paid,Vendor Bill
BILL/2026/00047,Rimal Sahab Supplies (fictional),INV-2665,2026-10-07,P00047,12760.02,Posted,Paid,Vendor Bill
BILL/2026/00048,Noor Najd Trading (fictional),INV-2321,2026-09-15,P00048,37311.34,Posted,Paid,Vendor Bill
BILL/2026/00049,Taqa Noor Solutions (fictional),INV-2623,2026-08-27,P00049,6554.59,Posted,Paid,Vendor Bill
BILL/2026/00050,Bina Rawabi Est. (fictional),INV-1328,2026-09-12,P00050,9342.64,Posted,Paid,Vendor Bill
BILL/2026/00051,Madar Jazeera Trading (fictional),INV-1803,2026-09-12,P00051,9046.08,Posted,Paid,Vendor Bill
BILL/2026/00052,Sarh Qimma Services (fictional),INV-1583,2026-09-14,P00052,28782.6,Posted,Paid,Vendor Bill
BILL/2026/00053,Noor Najd Trading (fictional),INV-2379,2026-08-22,P00053,1897.07,Posted,Paid,Vendor Bill
BILL/2026/00054,Bina Afaq Contracting (fictional),INV-3475,2026-07-16,P00054,37263.52,Posted,Paid,Vendor Bill
BILL/2026/00055,Noor Najd Trading (fictional),INV-2408,2026-09-16,P00055,16659.86,Posted,Paid,Vendor Bill
BILL/2026/00056,Qimma Waha Est. (fictional),INV-4248,2026-09-04,P00056,3167.08,Posted,Paid,Vendor Bill
BILL/2026/00057,Buruj Noor Solutions (fictional),INV-4978,2026-09-09,P00057,26146.98,Posted,Paid,Vendor Bill
BILL/2026/00058,Wadi Dana Solutions (fictional),INV-4481,2026-10-13,P00058,8222.06,Posted,Paid,Vendor Bill
BILL/2026/00059,Taqa Sahab Services (fictional),INV-2228,2026-09-22,P00059,23677.84,Posted,Paid,Vendor Bill
BILL/2026/00060,Bina Taqa Est. (fictional),INV-4457,2026-08-16,P00060,27461.55,Posted,Paid,Vendor Bill
BILL/2026/00061,Dana Rimal Trading (fictional),INV-2218,2026-09-15,P00061,17772.24,Posted,Paid,Vendor Bill
BILL/2026/00062,Rimal Madar Contracting (fictional),INV-5076,2026-07-18,P00062,34553.76,Posted,Paid,Vendor Bill
BILL/2026/00063,Qimma Waha Est. (fictional),INV-4277,2026-08-15,P00063,13374.06,Posted,Paid,Vendor Bill
BILL/2026/00064,Buruj Noor Solutions (fictional),INV-4987,2026-09-04,P00064,26455.17,Posted,Paid,Vendor Bill
BILL/2026/00065,Wadi Dana Solutions (fictional),INV-4505,2026-08-11,P00065,4928.17,Posted,Paid,Vendor Bill
BILL/2026/00066,Nakheel Qimma Supplies (fictional),INV-4459,2026-09-22,P00066,32749.86,Posted,Paid,Vendor Bill
BILL/2026/00067,Rimal Madar Contracting (fictional),INV-5132,2026-08-15,P00067,10665.6,Posted,Paid,Vendor Bill
BILL/2026/00068,Rimal Madar Contracting (fictional),INV-2439,2026-08-25,P00068,6992.85,Posted,Paid,Vendor Bill
BILL/2026/00069,Dana Madar Est. (fictional),INV-4798,2026-09-06,P00069,16764.0,Posted,Paid,Vendor Bill
BILL/2026/00070,Dana Madar Est. (fictional),INV-4833,2026-08-23,P00070,23300.25,Posted,Paid,Vendor Bill
BILL/2026/00071,Shams Noor Trading (fictional),INV-1523,2026-10-18,P00071,33702.82,Posted,Paid,Vendor Bill
BILL/2026/00072,Rimal Madar Contracting (fictional),INV-4124,2026-08-05,P00072,35030.94,Posted,Paid,Vendor Bill
BILL/2026/00073,Buruj Dana Trading (fictional),INV-1809,2026-08-02,P00073,3673.22,Posted,Paid,Vendor Bill
BILL/2026/00074,Jazeera Qimma Solutions (fictional),INV-3825,2026-08-17,P00074,22629.48,Posted,Paid,Vendor Bill
BILL/2026/00075,Noor Masar Contracting (fictional),INV-1976,2026-07-30,P00075,30775.0,Posted,Paid,Vendor Bill
BILL/2026/00076,Rimal Madar Contracting (fictional),INV-2455,2026-08-24,P00076,24779.02,Posted,Paid,Vendor Bill
BILL/2026/00077,Qimma Waha Est. (fictional),INV-4304,2026-07-22,P00077,3651.55,Posted,Paid,Vendor Bill
BILL/2026/00078,Nakheel Sarh Solutions (fictional),INV-4973,2026-07-22,P00078,12932.1,Posted,Paid,Vendor Bill
BILL/2026/00079,Rimal Madar Contracting (fictional),INV-3606,2026-09-29,P00079,37233.65,Posted,Paid,Vendor Bill
BILL/2026/00080,Sarh Qimma Services (fictional),INV-1627,2026-08-17,P00080,21420.04,Posted,Paid,Vendor Bill
BILL/2026/00081,Taqa Sahab Services (fictional),INV-2269,2026-07-19,P00081,23912.44,Posted,Paid,Vendor Bill
BILL/2026/00082,Nakheel Sarh Solutions (fictional),INV-5013,2026-07-17,P00082,24518.94,Posted,Paid,Vendor Bill
BILL/2026/00083,Sarh Rimal Trading (fictional),INV-1598,2026-07-20,P00083,10363.44,Posted,Paid,Vendor Bill
BILL/2026/00084,Buruj Noor Solutions (fictional),INV-5012,2026-08-09,P00084,17197.32,Posted,Paid,Vendor Bill
BILL/2026/00085,Sahab Sarh Est. (fictional),INV-4995,2026-08-27,P00085,22115.52,Posted,Paid,Vendor Bill
BILL/2026/00086,Rimal Madar Contracting (fictional),INV-2462,2026-07-23,P00086,4742.13,Posted,Paid,Vendor Bill
BILL/2026/00087,Rimal Madar Contracting (fictional),INV-2497,2026-09-27,P00087,30226.0,Posted,Paid,Vendor Bill
BILL/2026/00088,Najd Najd Contracting (fictional),INV-3040,2026-08-14,P00088,18157.12,Posted,Paid,Vendor Bill
BILL/2026/00089,Rimal Qimma Services (fictional),INV-2149,2026-07-19,P00089,4687.07,Posted,Paid,Vendor Bill
BILL/2026/00090,Dana Rimal Trading (fictional),INV-2250,2026-08-28,P00090,4696.55,Posted,Paid,Vendor Bill
BILL/2026/00091,Rimal Madar Contracting (fictional),INV-3775,2026-09-30,P00091,31603.38,Posted,Paid,Vendor Bill
BILL/2026/00092,Wadi Dana Solutions (fictional),INV-4520,2026-07-25,P00092,15404.55,Posted,Paid,Vendor Bill
BILL/2026/00093,Qimma Waha Est. (fictional),INV-4314,2026-10-12,P00093,30350.46,Posted,Paid,Vendor Bill
BILL/2026/00094,Buruj Noor Solutions (fictional),INV-5021,2026-08-24,P00094,35179.97,Posted,Paid,Vendor Bill
BILL/2026/00095,Nakheel Qimma Supplies (fictional),INV-4479,2026-08-10,P00095,37468.2,Posted,Paid,Vendor Bill
BILL/2026/00096,Jazeera Noor Supplies (fictional),INV-4727,2026-10-09,P00096,15784.92,Posted,Paid,Vendor Bill
BILL/2026/00097,Sahab Sarh Est. (fictional),INV-5026,2026-10-07,P00097,33375.84,Posted,Paid,Vendor Bill
BILL/2026/00098,Buruj Dana Trading (fictional),INV-1829,2026-08-06,P00098,13322.32,Posted,Paid,Vendor Bill
BILL/2026/00099,Nakheel Najd Trading (fictional),INV-1054,2026-10-06,P00099,29909.04,Posted,Paid,Vendor Bill
BILL/2026/00100,Rimal Madar Contracting (fictional),INV-4143,2026-09-11,P00100,35942.68,Posted,Paid,Vendor Bill
BILL/2026/00101,Sarh Noor Services (fictional),INV-1774,2026-09-19,P00101,6109.81,Posted,Paid,Vendor Bill
BILL/2026/00102,Rimal Madar Contracting (fictional),INV-5108,2026-08-31,P00102,32136.0,Posted,Paid,Vendor Bill
BILL/2026/00103,Buruj Noor Solutions (fictional),INV-5048,2026-10-04,P00103,33710.64,Posted,Paid,Vendor Bill
BILL/2026/00104,Dana Madar Est. (fictional),INV-4873,2026-08-22,P00104,2973.96,Posted,Paid,Vendor Bill
BILL/2026/00105,Tamayuz Shams Solutions (fictional),INV-4835,2026-09-25,P00105,32078.31,Posted,Paid,Vendor Bill
BILL/2026/00106,Bina Rawabi Est. (fictional),INV-1335,2026-08-02,P00106,24386.65,Posted,Paid,Vendor Bill
BILL/2026/00107,Rimal Madar Contracting (fictional),INV-4176,2026-07-30,P00107,33833.63,Posted,Paid,Vendor Bill
BILL/2026/00108,Sahab Sarh Est. (fictional),INV-5082,2026-10-13,P00108,35017.94,Posted,Paid,Vendor Bill
BILL/2026/00109,Bina Taqa Est. (fictional),INV-4481,2026-08-29,P00109,36557.64,Posted,Paid,Vendor Bill
BILL/2026/00110,Dana Madar Est. (fictional),INV-4916,2026-09-18,P00110,24397.2,Posted,Paid,Vendor Bill
BILL/2026/00111,Taqa Rimal Solutions (fictional),INV-4913,2026-10-01,P00111,12739.02,Posted,Paid,Vendor Bill
BILL/2026/00112,Buruj Dana Trading (fictional),INV-1870,2026-09-03,P00112,21021.5,Posted,Paid,Vendor Bill
BILL/2026/00113,Nakheel Najd Trading (fictional),INV-1085,2026-10-10,P00113,5912.55,Posted,Paid,Vendor Bill
BILL/2026/00114,Rimal Madar Contracting (fictional),INV-1353,2026-09-25,P00114,27322.24,Posted,Paid,Vendor Bill
BILL/2026/00115,Najd Madar Supplies (fictional),INV-1212,2026-07-13,P00115,5638.6,Posted,Paid,Vendor Bill
BILL/2026/00116,Rawabi Masar Trading (fictional),INV-3303,2026-09-27,P00116,34804.35,Posted,Paid,Vendor Bill
BILL/2026/00117,Shams Madar Contracting (fictional),INV-4883,2026-08-09,P00117,18704.64,Posted,Paid,Vendor Bill
BILL/2026/00118,Madar Jazeera Trading (fictional),INV-1830,2026-08-08,P00118,18155.8,Posted,Paid,Vendor Bill
BILL/2026/00119,Noor Masar Contracting (fictional),INV-2004,2026-07-27,P00119,8688.74,Posted,Paid,Vendor Bill
BILL/2026/00120,Sahab Najd Solutions (fictional),INV-4994,2026-08-11,P00120,1228.32,Posted,Paid,Vendor Bill
BILL/2026/00121,Dana Madar Est. (fictional),INV-4966,2026-08-30,P00121,5757.19,Posted,Paid,Vendor Bill
BILL/2026/00122,Rimal Qimma Services (fictional),INV-2201,2026-08-09,P00122,15344.4,Posted,Paid,Vendor Bill
BILL/2026/00123,Shams Noor Trading (fictional),INV-1532,2026-09-09,P00123,4586.22,Posted,Paid,Vendor Bill
BILL/2026/00124,Rimal Sahab Supplies (fictional),INV-2694,2026-09-19,P00124,25257.68,Posted,Paid,Vendor Bill
BILL/2026/00125,Dana Rimal Trading (fictional),INV-2308,2026-08-26,P00125,33539.7,Posted,Paid,Vendor Bill
BILL/2026/00126,Nakheel Sarh Solutions (fictional),INV-5035,2026-08-19,P00126,3653.95,Posted,Paid,Vendor Bill
BILL/2026/00127,Dana Rimal Trading (fictional),INV-2347,2026-08-25,P00127,24920.28,Posted,Paid,Vendor Bill
BILL/2026/00128,Shams Noor Trading (fictional),INV-1590,2026-08-21,P00128,25978.05,Posted,Paid,Vendor Bill
BILL/2026/00129,Sarh Noor Services (fictional),INV-1783,2026-09-13,P00129,2672.76,Posted,Paid,Vendor Bill
BILL/2026/00130,Buruj Dana Trading (fictional),INV-1919,2026-09-24,P00130,8273.7,Posted,Paid,Vendor Bill
BILL/2026/00131,Jazeera Qimma Solutions (fictional),INV-3873,2026-09-07,P00131,28729.96,Posted,Paid,Vendor Bill
BILL/2026/00132,Rimal Madar Contracting (fictional),INV-5144,2026-07-16,P00132,27522.04,Posted,Paid,Vendor Bill
BILL/2026/00133,Sarh Qimma Services (fictional),INV-1641,2026-09-09,P00133,39954.18,Posted,Paid,Vendor Bill
BILL/2026/00134,Qimma Waha Est. (fictional),INV-4337,2026-07-20,P00134,22031.08,Posted,Paid,Vendor Bill
BILL/2026/00135,Rimal Madar Contracting (fictional),INV-1400,2026-08-29,P00135,5087.79,Posted,Paid,Vendor Bill
BILL/2026/00136,Wadi Dana Solutions (fictional),INV-4528,2026-08-05,P00136,24378.9,Posted,Paid,Vendor Bill
BILL/2026/00137,Rawabi Masar Trading (fictional),INV-3315,2026-10-11,P00137,15912.06,Posted,Paid,Vendor Bill
BILL/2026/00138,Jazeera Qimma Solutions (fictional),INV-3885,2026-09-18,P00138,19263.08,Posted,Paid,Vendor Bill
BILL/2026/00139,Nakheel Qimma Supplies (fictional),INV-4496,2026-08-13,P00139,33410.52,Posted,Paid,Vendor Bill
BILL/2026/00140,Tamayuz Shams Solutions (fictional),INV-4891,2026-08-09,P00140,3703.84,Posted,Paid,Vendor Bill
BILL/2026/00141,Waha Madar Est. (fictional),INV-3664,2026-08-31,P00141,24661.62,Posted,Paid,Vendor Bill
BILL/2026/00142,Bina Taqa Est. (fictional),INV-4535,2026-08-17,P00142,35291.55,Posted,Paid,Vendor Bill
BILL/2026/00143,Nakheel Sarh Solutions (fictional),INV-5059,2026-07-29,P00143,9768.15,Posted,Paid,Vendor Bill
BILL/2026/00144,Buruj Dana Services (fictional),INV-1945,2026-08-14,P00144,28430.88,Posted,Paid,Vendor Bill
BILL/2026/00145,Sarh Noor Services (fictional),INV-1793,2026-08-02,P00145,28305.42,Posted,Paid,Vendor Bill
BILL/2026/00146,Rimal Madar Contracting (fictional),INV-1423,2026-08-08,P00146,19565.86,Posted,Paid,Vendor Bill
BILL/2026/00147,Masar Wadi Services (fictional),INV-2424,2026-07-09,P00147,9474.45,Posted,Paid,Vendor Bill
BILL/2026/00148,Buruj Waha Supplies (fictional),INV-3014,2026-09-17,P00148,3160.08,Posted,Paid,Vendor Bill
BILL/2026/00149,Najd Sahab Contracting (fictional),INV-3946,2026-08-21,P00149,22003.92,Posted,Paid,Vendor Bill
BILL/2026/00150,Bina Rawabi Est. (fictional),INV-1386,2026-09-07,P00150,13677.36,Posted,Paid,Vendor Bill
BILL/2026/00151,Shams Noor Trading (fictional),INV-1623,2026-07-17,P00151,22709.06,Posted,Paid,Vendor Bill
BILL/2026/00152,Tamayuz Shams Solutions (fictional),INV-4904,2026-10-05,P00152,18799.13,Posted,Paid,Vendor Bill
BILL/2026/00153,Rimal Madar Contracting (fictional),INV-2509,2026-08-01,P00153,23379.2,Posted,Paid,Vendor Bill
BILL/2026/00154,Noor Masar Contracting (fictional),INV-2045,2026-08-16,P00154,4306.15,Posted,Paid,Vendor Bill
BILL/2026/00155,Bina Sarh Est. (fictional),INV-1151,2026-08-09,P00155,37355.68,Posted,Paid,Vendor Bill
BILL/2026/00156,Wadi Dana Solutions (fictional),INV-4587,2026-08-25,P00156,10899.7,Posted,Paid,Vendor Bill
BILL/2026/00157,Taqa Rimal Solutions (fictional),INV-4935,2026-07-19,P00157,1584.74,Posted,Paid,Vendor Bill
BILL/2026/00158,Tamayuz Jazeera Trading (fictional),INV-1135,2026-09-14,P00158,3803.13,Posted,Paid,Vendor Bill
BILL/2026/00159,Rimal Madar Contracting (fictional),INV-4233,2026-10-10,P00159,31806.0,Posted,Paid,Vendor Bill
BILL/2026/00160,Tamayuz Bina Trading (fictional),INV-1555,2026-08-26,P00160,4511.68,Posted,Paid,Vendor Bill
BILL/2026/00161,Taqa Rimal Solutions (fictional),INV-4991,2026-08-23,P00161,5536.32,Posted,Paid,Vendor Bill
BILL/2026/00162,Noor Masar Contracting (fictional),INV-2101,2026-09-19,P00162,12318.0,Posted,Paid,Vendor Bill
BILL/2026/00163,Taqa Shams Trading (fictional),INV-4032,2026-09-04,P00163,20749.5,Posted,Paid,Vendor Bill
BILL/2026/00164,Dana Rimal Trading (fictional),INV-2361,2026-08-09,P00164,4381.23,Posted,Paid,Vendor Bill
BILL/2026/00165,Rimal Madar Contracting (fictional),INV-1434,2026-09-19,P00165,31640.55,Posted,Paid,Vendor Bill
BILL/2026/00166,Bina Taqa Est. (fictional),INV-4590,2026-09-05,P00166,35955.92,Posted,Paid,Vendor Bill
BILL/2026/00167,Rimal Madar Contracting (fictional),INV-5204,2026-09-19,P00167,32927.4,Posted,Paid,Vendor Bill
BILL/2026/00168,Rimal Madar Contracting (fictional),INV-2550,2026-08-07,P00168,31920.64,Posted,Paid,Vendor Bill
BILL/2026/00169,Tamayuz Bina Trading (fictional),INV-1593,2026-08-16,P00169,28553.76,Posted,Paid,Vendor Bill
BILL/2026/00170,Buruj Waha Supplies (fictional),INV-3042,2026-07-27,P00170,37560.6,Posted,Paid,Vendor Bill
BILL/2026/00171,Rimal Madar Contracting (fictional),INV-5231,2026-08-01,P00171,21907.8,Posted,Paid,Vendor Bill
BILL/2026/00172,Rimal Madar Contracting (fictional),INV-5280,2026-09-14,P00172,36516.8,Posted,Paid,Vendor Bill
BILL/2026/00173,Tamayuz Shams Solutions (fictional),INV-4946,2026-08-08,P00173,20339.0,Posted,Paid,Vendor Bill
BILL/2026/00174,Wadi Dana Solutions (fictional),INV-4598,2026-08-26,P00174,20363.4,Posted,Paid,Vendor Bill
BILL/2026/00175,Waha Madar Est. (fictional),INV-3702,2026-09-25,P00175,22577.94,Posted,Paid,Vendor Bill
BILL/2026/00176,Taqa Shams Trading (fictional),INV-4055,2026-10-13,P00176,18102.63,Posted,Paid,Vendor Bill
BILL/2026/00177,Najd Sahab Contracting (fictional),INV-3966,2026-08-20,P00177,37629.54,Posted,Paid,Vendor Bill
BILL/2026/00178,Waha Taqa Services (fictional),INV-4863,2026-09-01,P00178,30940.84,Posted,Paid,Vendor Bill
BILL/2026/00179,Sahab Najd Solutions (fictional),INV-5025,2026-08-13,P00179,32096.7,Posted,Paid,Vendor Bill
BILL/2026/00180,Taqa Sahab Services (fictional),INV-2291,2026-08-27,P00180,24283.46,Posted,Paid,Vendor Bill
BILL/2026/00181,Bina Afaq Contracting (fictional),INV-3525,2026-09-30,P00181,6677.7,Posted,Paid,Vendor Bill
BILL/2026/00182,Tamayuz Jazeera Trading (fictional),INV-1147,2026-08-15,P00182,19864.7,Posted,Paid,Vendor Bill
BILL/2026/00183,Rimal Madar Contracting (fictional),INV-5116,2026-09-10,P00183,9097.02,Posted,Paid,Vendor Bill
BILL/2026/00184,Rimal Madar Contracting (fictional),INV-5299,2026-08-01,P00184,27078.7,Posted,Paid,Vendor Bill
BILL/2026/00185,Noor Najd Trading (fictional),INV-2423,2026-07-19,P00185,3373.56,Posted,Paid,Vendor Bill
BILL/2026/00186,Nakheel Sarh Solutions (fictional),INV-5079,2026-07-22,P00186,18159.24,Posted,Paid,Vendor Bill
BILL/2026/00187,Bina Afaq Contracting (fictional),INV-3580,2026-08-11,P00187,21159.9,Posted,Paid,Vendor Bill
BILL/2026/00188,Tamayuz Jazeera Trading (fictional),INV-1200,2026-09-05,P00188,39766.4,Posted,Paid,Vendor Bill
BILL/2026/00189,Rimal Madar Contracting (fictional),INV-3095,2026-08-16,P00189,30509.5,Posted,Paid,Vendor Bill
BILL/2026/00190,Najd Madar Supplies (fictional),INV-1232,2026-09-27,P00190,12740.7,Posted,Paid,Vendor Bill
BILL/2026/00191,Rimal Madar Contracting (fictional),INV-5155,2026-08-28,P00191,25947.68,Posted,Paid,Vendor Bill
BILL/2026/00192,Buruj Waha Supplies (fictional),INV-3049,2026-08-28,P00192,12340.08,Posted,Paid,Vendor Bill
BILL/2026/00193,Najd Najd Contracting (fictional),INV-3084,2026-08-12,P00193,22539.96,Posted,Paid,Vendor Bill
BILL/2026/00194,Nakheel Qimma Supplies (fictional),INV-4549,2026-09-25,P00194,29333.15,Posted,Paid,Vendor Bill
BILL/2026/00195,Rimal Sahab Supplies (fictional),INV-2723,2026-07-17,P00195,27160.65,Posted,Paid,Vendor Bill
BILL/2026/00196,Tamayuz Jazeera Trading (fictional),INV-1236,2026-10-07,P00196,33152.56,Posted,Paid,Vendor Bill
BILL/2026/00197,Nakheel Najd Trading (fictional),INV-1136,2026-09-01,P00197,23531.7,Posted,Paid,Vendor Bill
BILL/2026/00198,Dana Madar Est. (fictional),INV-4983,2026-10-01,P00198,27452.48,Posted,Paid,Vendor Bill
BILL/2026/00199,Rimal Madar Contracting (fictional),INV-5330,2026-08-17,P00199,8563.8,Posted,Paid,Vendor Bill
BILL/2026/00200,Nakheel Najd Trading (fictional),INV-1147,2026-08-16,P00200,25996.76,Posted,Paid,Vendor Bill
BILL/2026/00201,Rimal Qimma Services (fictional),INV-2217,2026-09-13,P00201,29093.79,Posted,Paid,Vendor Bill
BILL/2026/00202,Rimal Madar Contracting (fictional),INV-1474,2026-07-25,P00202,33564.0,Posted,Paid,Vendor Bill
BILL/2026/00203,Taqa Sahab Services (fictional),INV-2312,2026-08-07,P00203,5959.16,Posted,Paid,Vendor Bill
BILL/2026/00204,Taqa Sahab Services (fictional),INV-2350,2026-08-19,P00204,27111.48,Posted,Paid,Vendor Bill
BILL/2026/00205,Nakheel Qimma Supplies (fictional),INV-4600,2026-09-01,P00205,24908.4,Posted,Paid,Vendor Bill
BILL/2026/00206,Jazeera Qimma Solutions (fictional),INV-3923,2026-10-17,P00206,14200.35,Posted,Paid,Vendor Bill
BILL/2026/00207,Sarh Rimal Trading (fictional),INV-1633,2026-07-17,P00207,36045.0,Posted,Paid,Vendor Bill
BILL/2026/00208,Najd Madar Supplies (fictional),INV-1251,2026-10-03,P00208,11768.64,Posted,Paid,Vendor Bill
BILL/2026/00209,Madar Jazeera Trading (fictional),INV-1848,2026-09-15,P00209,29274.66,Posted,Paid,Vendor Bill
BILL/2026/00210,Rimal Sahab Supplies (fictional),INV-2759,2026-08-17,P00210,4614.75,Posted,Paid,Vendor Bill
BILL/2026/00211,Sahab Sarh Est. (fictional),INV-5135,2026-10-15,P00211,15623.99,Posted,Paid,Vendor Bill
BILL/2026/00212,Waha Taqa Services (fictional),INV-4878,2026-08-30,P00212,9697.14,Posted,Paid,Vendor Bill
BILL/2026/00213,Waha Madar Est. (fictional),INV-3754,2026-08-30,P00213,31723.8,Posted,Paid,Vendor Bill
BILL/2026/00214,Najd Madar Supplies (fictional),INV-1263,2026-08-28,P00214,35185.54,Posted,Paid,Vendor Bill
BILL/2026/00215,Tamayuz Jazeera Trading (fictional),INV-1276,2026-08-19,P00215,37360.32,Posted,Paid,Vendor Bill
BILL/2026/00216,Jazeera Noor Supplies (fictional),INV-4759,2026-09-23,P00216,19066.3,Posted,Paid,Vendor Bill
BILL/2026/00217,Rimal Madar Contracting (fictional),INV-3636,2026-07-23,P00217,2063.35,Posted,Paid,Vendor Bill
BILL/2026/00218,Shams Noor Trading (fictional),INV-1641,2026-07-30,P00218,5920.42,Posted,Paid,Vendor Bill
BILL/2026/00219,Qimma Waha Est. (fictional),INV-4374,2026-08-06,P00219,37483.3,Posted,Paid,Vendor Bill
BILL/2026/00220,Buruj Noor Solutions (fictional),INV-5083,2026-09-17,P00220,19667.75,Posted,Paid,Vendor Bill
BILL/2026/00221,Nakheel Qimma Supplies (fictional),INV-4660,2026-09-30,P00221,9288.4,Posted,Paid,Vendor Bill
BILL/2026/00222,Masar Wadi Services (fictional),INV-2461,2026-10-01,P00222,26726.34,Posted,Paid,Vendor Bill
BILL/2026/00223,Tamayuz Jazeera Trading (fictional),INV-1304,2026-08-27,P00223,37291.36,Posted,Paid,Vendor Bill
BILL/2026/00224,Sahab Tamayuz Services (fictional),INV-1880,2026-08-26,P00224,13374.33,Posted,Paid,Vendor Bill
BILL/2026/00225,Bina Sarh Est. (fictional),INV-1180,2026-09-26,P00225,29530.8,Posted,Paid,Vendor Bill
BILL/2026/00226,Buruj Dana Trading (fictional),INV-1932,2026-09-19,P00226,18024.7,Posted,Paid,Vendor Bill
BILL/2026/00227,Tamayuz Shams Solutions (fictional),INV-4988,2026-10-08,P00227,40698.44,Posted,Paid,Vendor Bill
BILL/2026/00228,Nakheel Najd Trading (fictional),INV-1160,2026-07-15,P00228,22563.69,Posted,Paid,Vendor Bill
BILL/2026/00229,Taqa Noor Solutions (fictional),INV-2655,2026-10-03,P00229,26661.0,Posted,Paid,Vendor Bill
BILL/2026/00230,Dana Rimal Trading (fictional),INV-2418,2026-09-09,P00230,29060.72,Posted,Paid,Vendor Bill
BILL/2026/00231,Tamayuz Shams Solutions (fictional),INV-5029,2026-10-13,P00231,5850.2,Posted,Paid,Vendor Bill
BILL/2026/00232,Dana Madar Est. (fictional),INV-5022,2026-07-20,P00232,41480.04,Posted,Paid,Vendor Bill
BILL/2026/00233,Nakheel Sarh Solutions (fictional),INV-5129,2026-08-24,P00233,4274.37,Posted,Paid,Vendor Bill
BILL/2026/00234,Bina Sarh Est. (fictional),INV-1237,2026-09-12,P00234,8157.24,Posted,Paid,Vendor Bill
BILL/2026/00235,Noor Najd Trading (fictional),INV-2438,2026-07-11,P00235,3003.66,Posted,Paid,Vendor Bill
BILL/2026/00236,Noor Masar Contracting (fictional),INV-2142,2026-09-11,P00236,14074.86,Posted,Paid,Vendor Bill
BILL/2026/00237,Najd Madar Supplies (fictional),INV-1318,2026-07-25,P00237,25849.68,Posted,Paid,Vendor Bill
BILL/2026/00238,Madar Jazeera Trading (fictional),INV-1882,2026-09-26,P00238,10536.57,Posted,Paid,Vendor Bill
BILL/2026/00239,Noor Masar Contracting (fictional),INV-2179,2026-07-26,P00239,2138.0,Posted,Paid,Vendor Bill
BILL/2026/00240,Sarh Qimma Services (fictional),INV-1685,2026-08-30,P00240,23039.44,Posted,Paid,Vendor Bill
BILL/2026/00241,Waha Madar Est. (fictional),INV-3796,2026-10-16,P00241,28487.04,Posted,Paid,Vendor Bill
BILL/2026/00242,Taqa Shams Trading (fictional),INV-4114,2026-07-08,P00242,38244.0,Posted,Paid,Vendor Bill
BILL/2026/00243,Sahab Sarh Est. (fictional),INV-5143,2026-08-04,P00243,25589.88,Posted,Paid,Vendor Bill
BILL/2026/00244,Sahab Najd Solutions (fictional),INV-5065,2026-08-17,P00244,24629.89,Posted,Paid,Vendor Bill
BILL/2026/00245,Sahab Tamayuz Services (fictional),INV-1915,2026-08-13,P00245,34703.96,Posted,Paid,Vendor Bill
BILL/2026/00246,Taqa Rimal Solutions (fictional),INV-5041,2026-08-18,P00246,9343.08,Posted,Paid,Vendor Bill
BILL/2026/00247,Taqa Shams Trading (fictional),INV-4142,2026-10-02,P00247,30426.06,Posted,Paid,Vendor Bill
BILL/2026/00248,Sarh Noor Services (fictional),INV-1848,2026-07-27,P00248,2792.88,Posted,Paid,Vendor Bill
BILL/2026/00249,Buruj Noor Solutions (fictional),INV-5138,2026-10-06,P00249,28360.8,Posted,Paid,Vendor Bill
BILL/2026/00250,Qimma Waha Est. (fictional),INV-4427,2026-08-23,P00250,15170.75,Posted,Paid,Vendor Bill
BILL/2026/00251,Rimal Madar Contracting (fictional),INV-3805,2026-08-05,P00251,30723.0,Posted,Paid,Vendor Bill
BILL/2026/00252,Rimal Sahab Supplies (fictional),INV-2773,2026-09-24,P00252,10399.52,Posted,Paid,Vendor Bill
BILL/2026/00253,Nakheel Qimma Supplies (fictional),INV-4708,2026-09-05,P00253,38383.74,Posted,Paid,Vendor Bill
BILL/2026/00254,Jazeera Noor Supplies (fictional),INV-4801,2026-09-23,P00254,13734.15,Posted,Paid,Vendor Bill
BILL/2026/00255,Bina Rawabi Est. (fictional),INV-1398,2026-10-03,P00255,32641.44,Posted,Paid,Vendor Bill
BILL/2026/00256,Qimma Waha Est. (fictional),INV-4478,2026-07-23,P00256,29397.24,Posted,Paid,Vendor Bill
BILL/2026/00257,Dana Madar Est. (fictional),INV-5042,2026-09-06,P00257,34347.6,Posted,Paid,Vendor Bill
BILL/2026/00258,Bina Rawabi Est. (fictional),INV-1432,2026-08-24,P00258,18826.88,Posted,Paid,Vendor Bill
BILL/2026/00259,Wadi Dana Solutions (fictional),INV-4647,2026-07-27,P00259,11557.22,Posted,Paid,Vendor Bill
BILL/2026/00260,Shams Bina Solutions (fictional),INV-1602,2026-08-23,P00260,37932.84,Posted,Paid,Vendor Bill
BILL/2026/00261,Shams Bina Solutions (fictional),INV-1660,2026-08-24,P00261,33018.12,Posted,Paid,Vendor Bill
BILL/2026/00262,Bina Taqa Est. (fictional),INV-4599,2026-10-03,P00262,31694.23,Posted,Paid,Vendor Bill
BILL/2026/00263,Sahab Tamayuz Services (fictional),INV-1943,2026-09-12,P00263,34058.4,Posted,Paid,Vendor Bill
BILL/2026/00264,Rimal Madar Contracting (fictional),INV-1517,2026-10-01,P00264,22888.91,Posted,Paid,Vendor Bill
BILL/2026/00265,Nakheel Qimma Supplies (fictional),INV-4750,2026-09-07,P00265,11973.6,Posted,Paid,Vendor Bill
BILL/2026/00266,Shams Bina Solutions (fictional),INV-1685,2026-08-19,P00266,2763.42,Posted,Paid,Vendor Bill
BILL/2026/00267,Noor Najd Trading (fictional),INV-2479,2026-09-08,P00267,5455.94,Posted,Paid,Vendor Bill
BILL/2026/00268,Madar Jazeera Trading (fictional),INV-1912,2026-07-26,P00268,21486.42,Posted,Paid,Vendor Bill
BILL/2026/00269,Rimal Qimma Services (fictional),INV-2267,2026-10-17,P00269,23723.2,Posted,Paid,Vendor Bill
BILL/2026/00270,Dana Rimal Trading (fictional),INV-2429,2026-07-26,P00270,8747.76,Posted,Paid,Vendor Bill
BILL/2026/00271,Shams Noor Trading (fictional),INV-1695,2026-08-19,P00271,32052.76,Posted,Paid,Vendor Bill
BILL/2026/00272,Najd Najd Contracting (fictional),INV-3117,2026-08-21,P00272,31369.76,Posted,Paid,Vendor Bill
BILL/2026/00273,Rimal Madar Contracting (fictional),INV-3832,2026-09-15,P00273,14259.07,Posted,Paid,Vendor Bill
BILL/2026/00274,Rawabi Masar Trading (fictional),INV-3375,2026-08-13,P00274,30129.0,Posted,Paid,Vendor Bill
BILL/2026/00275,Nakheel Najd Trading (fictional),INV-1195,2026-09-20,P00275,4755.85,Posted,Paid,Vendor Bill
BILL/2026/00276,Sahab Sarh Est. (fictional),INV-5195,2026-09-18,P00276,12354.3,Posted,Paid,Vendor Bill
BILL/2026/00277,Rimal Madar Contracting (fictional),INV-5184,2026-08-04,P00277,30763.78,Posted,Paid,Vendor Bill
BILL/2026/00278,Najd Najd Contracting (fictional),INV-3137,2026-08-09,P00278,5793.6,Posted,Paid,Vendor Bill
BILL/2026/00279,Nakheel Sarh Solutions (fictional),INV-5173,2026-08-11,P00279,3793.73,Posted,Paid,Vendor Bill
BILL/2026/00280,Dana Madar Est. (fictional),INV-5055,2026-09-15,P00280,7485.0,Posted,Paid,Vendor Bill
BILL/2026/00281,Nakheel Najd Trading (fictional),INV-1230,2026-10-09,P00281,27312.24,Posted,Paid,Vendor Bill
BILL/2026/00282,Buruj Dana Trading (fictional),INV-1980,2026-07-19,P00282,15920.71,Posted,Paid,Vendor Bill
BILL/2026/00283,Buruj Noor Solutions (fictional),INV-5171,2026-07-20,P00283,31616.0,Posted,Paid,Vendor Bill
BILL/2026/00284,Buruj Dana Trading (fictional),INV-2008,2026-07-22,P00284,9375.62,Posted,Paid,Vendor Bill
BILL/2026/00285,Dana Rimal Trading (fictional),INV-2480,2026-09-27,P00285,4521.77,Posted,Paid,Vendor Bill
BILL/2026/00286,Nakheel Najd Trading (fictional),INV-1271,2026-09-10,P00286,32833.57,Posted,Paid,Vendor Bill
BILL/2026/00287,Sahab Tamayuz Services (fictional),INV-1972,2026-09-14,P00287,37613.74,Posted,Paid,Vendor Bill
BILL/2026/00288,Taqa Sahab Services (fictional),INV-2384,2026-07-25,P00288,26787.23,Posted,Paid,Vendor Bill
BILL/2026/00289,Sarh Qimma Services (fictional),INV-1698,2026-09-17,P00289,17020.3,Posted,Paid,Vendor Bill
BILL/2026/00290,Buruj Waha Supplies (fictional),INV-3101,2026-09-06,P00290,26475.25,Posted,Paid,Vendor Bill
BILL/2026/00291,Rimal Qimma Services (fictional),INV-2320,2026-07-26,P00291,23948.6,Posted,Paid,Vendor Bill
BILL/2026/00292,Sarh Noor Services (fictional),INV-1855,2026-08-16,P00292,16714.2,Posted,Paid,Vendor Bill
BILL/2026/00293,Bina Afaq Contracting (fictional),INV-3626,2026-08-30,P00293,5260.36,Posted,Paid,Vendor Bill
BILL/2026/00294,Noor Najd Trading (fictional),INV-2493,2026-09-04,P00294,5851.89,Posted,Paid,Vendor Bill
BILL/2026/00295,Rimal Madar Contracting (fictional),INV-5225,2026-08-26,P00295,6545.0,Posted,Paid,Vendor Bill
BILL/2026/00296,Nakheel Najd Trading (fictional),INV-1297,2026-09-15,P00296,9016.2,Posted,Paid,Vendor Bill
BILL/2026/00297,Najd Madar Supplies (fictional),INV-1374,2026-10-09,P00297,41158.25,Posted,Paid,Vendor Bill
BILL/2026/00298,Bina Taqa Est. (fictional),INV-4623,2026-08-13,P00298,19200.3,Posted,Paid,Vendor Bill
BILL/2026/00299,Rimal Madar Contracting (fictional),INV-3152,2026-09-08,P00299,2083.92,Posted,Paid,Vendor Bill
BILL/2026/00300,Bina Taqa Est. (fictional),INV-4637,2026-07-20,P00300,39361.28,Posted,Paid,Vendor Bill
BILL/2026/00301,Noor Masar Contracting (fictional),INV-2235,2026-09-04,P00301,36792.0,Posted,Paid,Vendor Bill
BILL/2026/00302,Rimal Madar Contracting (fictional),INV-1542,2026-07-06,P00302,14146.4,Posted,Paid,Vendor Bill
BILL/2026/00303,Bina Taqa Est. (fictional),INV-4693,2026-08-09,P00303,23710.5,Posted,Paid,Vendor Bill
BILL/2026/00304,Nakheel Najd Trading (fictional),INV-1348,2026-07-30,P00304,11435.6,Posted,Paid,Vendor Bill
BILL/2026/00305,Sahab Tamayuz Services (fictional),INV-2009,2026-08-21,P00305,13713.44,Posted,Paid,Vendor Bill
BILL/2026/00306,Najd Madar Supplies (fictional),INV-1382,2026-07-12,P00306,17539.08,Posted,Paid,Vendor Bill
BILL/2026/00307,Sahab Tamayuz Services (fictional),INV-2069,2026-07-16,P00307,9589.56,Posted,Paid,Vendor Bill
BILL/2026/00308,Rimal Madar Contracting (fictional),INV-5274,2026-08-11,P00308,35108.58,Posted,Paid,Vendor Bill
BILL/2026/00309,Sarh Qimma Services (fictional),INV-1712,2026-09-19,P00309,26371.62,Posted,Paid,Vendor Bill
BILL/2026/00310,Najd Madar Supplies (fictional),INV-1394,2026-09-01,P00310,18427.77,Posted,Paid,Vendor Bill
BILL/2026/00311,Najd Najd Contracting (fictional),INV-3175,2026-10-10,P00311,34658.75,Posted,Paid,Vendor Bill
BILL/2026/00312,Noor Najd Trading (fictional),INV-2524,2026-09-26,P00312,37346.04,Posted,Paid,Vendor Bill
BILL/2026/00313,Rimal Madar Contracting (fictional),INV-2609,2026-09-26,P00313,3231.1,Posted,Paid,Vendor Bill
BILL/2026/00314,Noor Masar Contracting (fictional),INV-2294,2026-09-18,P00314,13004.1,Posted,Paid,Vendor Bill
BILL/2026/00315,Waha Madar Est. (fictional),INV-3813,2026-10-01,P00315,29196.64,Posted,Paid,Vendor Bill
BILL/2026/00316,Noor Najd Trading (fictional),INV-2569,2026-07-11,P00316,23808.72,Posted,Paid,Vendor Bill
BILL/2026/00317,Buruj Noor Solutions (fictional),INV-5201,2026-09-19,P00317,37255.7,Posted,Paid,Vendor Bill
BILL/2026/00318,Taqa Rimal Solutions (fictional),INV-5051,2026-08-31,P00318,30667.45,Posted,Paid,Vendor Bill
BILL/2026/00319,Rimal Madar Contracting (fictional),INV-5332,2026-08-04,P00319,24574.35,Posted,Paid,Vendor Bill
BILL/2026/00320,Tamayuz Bina Trading (fictional),INV-1622,2026-07-20,P00320,18443.76,Posted,Paid,Vendor Bill
BILL/2026/00321,Najd Najd Contracting (fictional),INV-3195,2026-07-30,P00321,41791.36,Posted,Paid,Vendor Bill
BILL/2026/00322,Shams Bina Solutions (fictional),INV-1718,2026-10-01,P00322,5308.1,Posted,Paid,Vendor Bill
BILL/2026/00323,Rimal Madar Contracting (fictional),INV-1599,2026-08-18,P00323,21133.58,Posted,Paid,Vendor Bill
BILL/2026/00324,Rimal Madar Contracting (fictional),INV-5370,2026-07-19,P00324,1744.57,Posted,Paid,Vendor Bill
BILL/2026/00325,Rawabi Masar Trading (fictional),INV-3426,2026-07-11,P00325,11128.92,Posted,Paid,Vendor Bill
BILL/2026/00326,Rawabi Masar Trading (fictional),INV-3453,2026-08-09,P00326,2734.48,Posted,Paid,Vendor Bill
BILL/2026/00327,Noor Najd Trading (fictional),INV-2594,2026-08-10,P00327,21046.96,Posted,Paid,Vendor Bill
BILL/2026/00328,Noor Masar Contracting (fictional),INV-2346,2026-08-25,P00328,33887.0,Posted,Paid,Vendor Bill
BILL/2026/00329,Rimal Madar Contracting (fictional),INV-1649,2026-07-14,P00329,34646.2,Posted,Paid,Vendor Bill
BILL/2026/00330,Jazeera Qimma Solutions (fictional),INV-3951,2026-08-29,P00330,16480.92,Posted,Paid,Vendor Bill
BILL/2026/00331,Rimal Madar Contracting (fictional),INV-3671,2026-08-01,P00331,34418.57,Posted,Paid,Vendor Bill
BILL/2026/00332,Waha Taqa Services (fictional),INV-4910,2026-07-18,P00332,27424.46,Posted,Paid,Vendor Bill
BILL/2026/00333,Rimal Sahab Supplies (fictional),INV-2824,2026-10-02,P00333,16510.91,Posted,Paid,Vendor Bill
BILL/2026/00334,Rimal Madar Contracting (fictional),INV-1683,2026-09-02,P00334,18885.24,Posted,Paid,Vendor Bill
BILL/2026/00335,Rimal Madar Contracting (fictional),INV-1720,2026-09-17,P00335,32248.44,Posted,Paid,Vendor Bill
BILL/2026/00336,Shams Bina Solutions (fictional),INV-1734,2026-07-19,P00336,10605.3,Posted,Paid,Vendor Bill
BILL/2026/00337,Dana Madar Est. (fictional),INV-5103,2026-08-30,P00337,36323.64,Posted,Paid,Vendor Bill
BILL/2026/00338,Rimal Madar Contracting (fictional),INV-5387,2026-08-31,P00338,13620.72,Posted,Paid,Vendor Bill
BILL/2026/00339,Sarh Noor Services (fictional),INV-1911,2026-08-13,P00339,13582.08,Posted,Paid,Vendor Bill
BILL/2026/00340,Waha Madar Est. (fictional),INV-3843,2026-08-01,P00340,36858.1,Posted,Paid,Vendor Bill
BILL/2026/00341,Bina Rawabi Est. (fictional),INV-1473,2026-08-06,P00341,29601.36,Posted,Paid,Vendor Bill
BILL/2026/00342,Waha Taqa Services (fictional),INV-4937,2026-08-05,P00342,34300.91,Posted,Paid,Vendor Bill
BILL/2026/00343,Taqa Noor Solutions (fictional),INV-2686,2026-08-24,P00343,37846.0,Posted,Paid,Vendor Bill
BILL/2026/00344,Rimal Madar Contracting (fictional),INV-1756,2026-07-20,P00344,33956.94,Posted,Paid,Vendor Bill
BILL/2026/00345,Nakheel Najd Trading (fictional),INV-1383,2026-07-31,P00345,38139.2,Posted,Paid,Vendor Bill
BILL/2026/00346,Rimal Madar Contracting (fictional),INV-2666,2026-07-08,P00346,26041.44,Posted,Paid,Vendor Bill
BILL/2026/00347,Najd Najd Contracting (fictional),INV-3214,2026-07-17,P00347,16454.55,Posted,Paid,Vendor Bill
BILL/2026/00348,Rimal Madar Contracting (fictional),INV-4242,2026-09-16,P00348,35673.31,Posted,Paid,Vendor Bill
BILL/2026/00349,Sahab Tamayuz Services (fictional),INV-2098,2026-08-02,P00349,15381.64,Posted,Paid,Vendor Bill
BILL/2026/00350,Noor Najd Trading (fictional),INV-2639,2026-09-29,P00350,25409.2,Posted,Paid,Vendor Bill
BILL/2026/00351,Bina Rawabi Est. (fictional),INV-1502,2026-09-25,P00351,4796.34,Posted,Paid,Vendor Bill
BILL/2026/00352,Wadi Dana Solutions (fictional),INV-4655,2026-09-21,P00352,10779.93,Posted,Paid,Vendor Bill
BILL/2026/00353,Taqa Shams Trading (fictional),INV-4194,2026-08-21,P00353,2848.5,Posted,Paid,Vendor Bill
BILL/2026/00354,Buruj Waha Supplies (fictional),INV-3132,2026-08-17,P00354,18047.15,Posted,Paid,Vendor Bill
BILL/2026/00355,Tamayuz Shams Solutions (fictional),INV-5081,2026-07-28,P00355,16010.32,Posted,Paid,Vendor Bill
BILL/2026/00356,Tamayuz Shams Solutions (fictional),INV-5114,2026-08-01,P00356,35257.82,Posted,Paid,Vendor Bill
BILL/2026/00357,Buruj Dana Trading (fictional),INV-2063,2026-08-30,P00357,25649.54,Posted,Paid,Vendor Bill
BILL/2026/00358,Najd Najd Contracting (fictional),INV-3224,2026-08-28,P00358,1545.74,Posted,Paid,Vendor Bill
BILL/2026/00359,Rimal Madar Contracting (fictional),INV-4253,2026-07-29,P00359,35728.9,Posted,Paid,Vendor Bill
BILL/2026/00360,Waha Taqa Services (fictional),INV-4985,2026-09-21,P00360,27410.34,Posted,Paid,Vendor Bill
BILL/2026/00361,Qimma Waha Est. (fictional),INV-4512,2026-10-07,P00361,19649.76,Posted,Paid,Vendor Bill
BILL/2026/00362,Buruj Dana Trading (fictional),INV-2113,2026-08-11,P00362,7574.66,Posted,Paid,Vendor Bill
BILL/2026/00363,Shams Bina Solutions (fictional),INV-1780,2026-08-01,P00363,8532.92,Posted,Paid,Vendor Bill
BILL/2026/00364,Rimal Madar Contracting (fictional),INV-3690,2026-09-30,P00364,7274.88,Posted,Paid,Vendor Bill
BILL/2026/00365,Rimal Madar Contracting (fictional),INV-3706,2026-08-06,P00365,27505.8,Posted,Paid,Vendor Bill
BILL/2026/00366,Waha Madar Est. (fictional),INV-3857,2026-08-17,P00366,9895.77,Posted,Paid,Vendor Bill
BILL/2026/00367,Noor Najd Trading (fictional),INV-2675,2026-08-18,P00367,30925.0,Posted,Paid,Vendor Bill
BILL/2026/00368,Rimal Madar Contracting (fictional),INV-1782,2026-08-25,P00368,32993.73,Posted,Paid,Vendor Bill
BILL/2026/00369,Waha Taqa Services (fictional),INV-5028,2026-09-28,P00369,33067.92,Posted,Paid,Vendor Bill
BILL/2026/00370,Sarh Qimma Services (fictional),INV-1737,2026-10-01,P00370,5503.14,Posted,Paid,Vendor Bill
BILL/2026/00371,Buruj Noor Solutions (fictional),INV-5259,2026-09-03,P00371,11985.0,Posted,Paid,Vendor Bill
BILL/2026/00372,Sarh Qimma Services (fictional),INV-1760,2026-07-30,P00372,34752.9,Posted,Paid,Vendor Bill
BILL/2026/00373,Taqa Shams Trading (fictional),INV-4247,2026-09-05,P00373,16851.86,Posted,Paid,Vendor Bill
BILL/2026/00374,Shams Bina Solutions (fictional),INV-1834,2026-10-01,P00374,11913.0,Posted,Paid,Vendor Bill
BILL/2026/00375,Rimal Madar Contracting (fictional),INV-5413,2026-09-05,P00375,34226.4,Posted,Paid,Vendor Bill
BILL/2026/00376,Taqa Rimal Solutions (fictional),INV-5073,2026-08-10,P00376,29559.6,Posted,Paid,Vendor Bill
BILL/2026/00377,Rimal Madar Contracting (fictional),INV-3864,2026-07-26,P00377,31498.58,Posted,Paid,Vendor Bill
BILL/2026/00378,Rimal Madar Contracting (fictional),INV-2673,2026-07-11,P00378,27213.36,Posted,Paid,Vendor Bill
BILL/2026/00379,Waha Madar Est. (fictional),INV-3898,2026-08-27,P00379,19704.23,Posted,Paid,Vendor Bill
BILL/2026/00380,Madar Jazeera Trading (fictional),INV-1934,2026-07-23,P00380,21885.22,Posted,Paid,Vendor Bill
BILL/2026/00381,Jazeera Qimma Solutions (fictional),INV-3964,2026-08-06,P00381,19225.6,Posted,Paid,Vendor Bill
BILL/2026/00382,Bina Sarh Est. (fictional),INV-1258,2026-08-28,P00382,8160.2,Posted,Paid,Vendor Bill
BILL/2026/00383,Noor Najd Trading (fictional),INV-2710,2026-09-23,P00383,36678.07,Posted,Paid,Vendor Bill
BILL/2026/00384,Rimal Madar Contracting (fictional),INV-5402,2026-09-27,P00384,11918.34,Posted,Paid,Vendor Bill
BILL/2026/00385,Qimma Waha Est. (fictional),INV-4528,2026-07-19,P00385,7536.78,Posted,Paid,Vendor Bill
BILL/2026/00386,Noor Najd Trading (fictional),INV-2744,2026-08-30,P00386,7402.8,Posted,Paid,Vendor Bill
BILL/2026/00387,Noor Najd Trading (fictional),INV-2777,2026-07-20,P00387,30802.5,Posted,Paid,Vendor Bill
BILL/2026/00388,Sarh Noor Services (fictional),INV-1958,2026-08-09,P00388,9700.88,Posted,Paid,Vendor Bill
BILL/2026/00389,Sahab Sarh Est. (fictional),INV-5249,2026-09-30,P00389,5483.27,Posted,Paid,Vendor Bill
BILL/2026/00390,Noor Najd Trading (fictional),INV-2789,2026-09-21,P00390,35239.17,Posted,Paid,Vendor Bill
BILL/2026/00391,Rimal Madar Contracting (fictional),INV-4308,2026-09-21,P00391,6579.56,Posted,Paid,Vendor Bill
BILL/2026/00392,Buruj Waha Supplies (fictional),INV-3150,2026-09-22,P00392,4954.25,Posted,Paid,Vendor Bill
BILL/2026/00393,Shams Madar Contracting (fictional),INV-4904,2026-08-07,P00393,10801.88,Posted,Paid,Vendor Bill
BILL/2026/00394,Rimal Madar Contracting (fictional),INV-2729,2026-09-20,P00394,14444.16,Posted,Paid,Vendor Bill
BILL/2026/00395,Sahab Sarh Est. (fictional),INV-5294,2026-07-31,P00395,36950.88,Posted,Paid,Vendor Bill
BILL/2026/00396,Sahab Najd Solutions (fictional),INV-5078,2026-09-07,P00396,36890.62,Posted,Paid,Vendor Bill
BILL/2026/00397,Buruj Dana Services (fictional),INV-1997,2026-09-25,P00397,22228.32,Posted,Paid,Vendor Bill
BILL/2026/00398,Bina Sarh Est. (fictional),INV-1272,2026-08-28,P00398,28102.36,Posted,Paid,Vendor Bill
BILL/2026/00399,Buruj Waha Supplies (fictional),INV-3196,2026-08-04,P00399,31726.62,Posted,Paid,Vendor Bill
BILL/2026/00400,Wadi Dana Solutions (fictional),INV-4667,2026-08-22,P00400,36294.66,Posted,Paid,Vendor Bill
BILL/2026/00401,Bina Rawabi Est. (fictional),INV-1531,2026-08-25,P00401,24357.35,Posted,Paid,Vendor Bill
BILL/2026/00402,Waha Taqa Services (fictional),INV-5043,2026-08-14,P00402,9270.34,Posted,Paid,Vendor Bill
BILL/2026/00403,Sarh Rimal Trading (fictional),INV-1642,2026-09-29,P00403,34073.26,Posted,Paid,Vendor Bill
BILL/2026/00404,Sarh Rimal Trading (fictional),INV-1696,2026-08-25,P00404,7012.08,Posted,Paid,Vendor Bill
BILL/2026/00405,Buruj Dana Trading (fictional),INV-2138,2026-08-10,P00405,29856.32,Posted,Paid,Vendor Bill
BILL/2026/00406,Nakheel Najd Trading (fictional),INV-1400,2026-08-09,P00406,8762.08,Posted,Paid,Vendor Bill
BILL/2026/00407,Buruj Waha Supplies (fictional),INV-3242,2026-07-26,P00407,12423.84,Posted,Paid,Vendor Bill
BILL/2026/00408,Taqa Noor Solutions (fictional),INV-2717,2026-09-27,P00408,2513.52,Posted,Paid,Vendor Bill
BILL/2026/00409,Sarh Qimma Services (fictional),INV-1791,2026-08-29,P00409,22665.42,Posted,Paid,Vendor Bill
BILL/2026/00410,Buruj Dana Services (fictional),INV-2048,2026-10-15,P00410,23930.76,Posted,Paid,Vendor Bill
BILL/2026/00411,Rimal Madar Contracting (fictional),INV-5424,2026-07-18,P00411,29878.64,Posted,Paid,Vendor Bill
BILL/2026/00412,Tamayuz Shams Solutions (fictional),INV-5162,2026-10-12,P00412,12684.49,Posted,Paid,Vendor Bill
BILL/2026/00413,Rimal Madar Contracting (fictional),INV-2778,2026-10-11,P00413,38881.98,Posted,Paid,Vendor Bill
BILL/2026/00414,Taqa Rimal Solutions (fictional),INV-5133,2026-08-13,P00414,14652.0,Posted,Paid,Vendor Bill
BILL/2026/00415,Qimma Waha Est. (fictional),INV-4545,2026-10-10,P00415,17823.93,Posted,Paid,Vendor Bill
BILL/2026/00416,Najd Sahab Contracting (fictional),INV-3997,2026-08-25,P00416,31546.56,Posted,Paid,Vendor Bill
BILL/2026/00417,Buruj Dana Services (fictional),INV-2063,2026-08-23,P00417,12158.85,Posted,Paid,Vendor Bill
BILL/2026/00418,Tamayuz Bina Trading (fictional),INV-1639,2026-08-10,P00418,32169.72,Posted,Paid,Vendor Bill
BILL/2026/00419,Sahab Tamayuz Services (fictional),INV-2146,2026-09-15,P00419,6902.19,Posted,Paid,Vendor Bill
BILL/2026/00420,Rimal Sahab Supplies (fictional),INV-2877,2026-07-21,P00420,31651.2,Posted,Paid,Vendor Bill
BILL/2026/00421,Taqa Shams Trading (fictional),INV-4260,2026-10-19,P00421,23755.05,Posted,Paid,Vendor Bill
BILL/2026/00422,Buruj Dana Services (fictional),INV-2081,2026-09-18,P00422,21071.67,Posted,Paid,Vendor Bill
BILL/2026/00423,Shams Madar Contracting (fictional),INV-4958,2026-07-17,P00423,6330.1,Posted,Paid,Vendor Bill
BILL/2026/00424,Rimal Madar Contracting (fictional),INV-3174,2026-08-31,P00424,26604.3,Posted,Paid,Vendor Bill
BILL/2026/00425,Sahab Sarh Est. (fictional),INV-5350,2026-09-27,P00425,12400.5,Posted,Paid,Vendor Bill
BILL/2026/00426,Rimal Madar Contracting (fictional),INV-3750,2026-09-07,P00426,37605.95,Posted,Paid,Vendor Bill
BILL/2026/00427,Rimal Madar Contracting (fictional),INV-5470,2026-07-25,P00427,12436.02,Posted,Paid,Vendor Bill
BILL/2026/00428,Rawabi Masar Trading (fictional),INV-3505,2026-08-11,P00428,16007.54,Posted,Paid,Vendor Bill
BILL/2026/00429,Shams Bina Solutions (fictional),INV-1871,2026-10-01,P00429,35481.6,Posted,Paid,Vendor Bill
BILL/2026/00430,Taqa Noor Solutions (fictional),INV-2755,2026-07-20,P00430,5490.56,Posted,Paid,Vendor Bill
BILL/2026/00431,Shams Noor Trading (fictional),INV-1730,2026-10-01,P00431,10652.36,Posted,Paid,Vendor Bill
BILL/2026/00432,Sahab Najd Solutions (fictional),INV-5091,2026-10-09,P00432,23792.11,Posted,Paid,Vendor Bill
BILL/2026/00433,Sarh Noor Services (fictional),INV-1995,2026-08-11,P00433,7296.16,Posted,Paid,Vendor Bill
BILL/2026/00434,Rimal Madar Contracting (fictional),INV-5450,2026-08-22,P00434,10489.62,Posted,Paid,Vendor Bill
BILL/2026/00435,Rimal Madar Contracting (fictional),INV-3183,2026-07-18,P00435,17084.01,Posted,Paid,Vendor Bill
BILL/2026/00436,Buruj Dana Trading (fictional),INV-2192,2026-09-30,P00436,18506.2,Posted,Paid,Vendor Bill
BILL/2026/00437,Bina Rawabi Est. (fictional),INV-1559,2026-10-11,P00437,21576.84,Posted,Paid,Vendor Bill
BILL/2026/00438,Madar Jazeera Trading (fictional),INV-1948,2026-09-11,P00438,34463.4,Posted,Paid,Vendor Bill
BILL/2026/00439,Sarh Qimma Services (fictional),INV-1821,2026-10-02,P00439,10147.0,Posted,Paid,Vendor Bill
BILL/2026/00440,Sahab Sarh Est. (fictional),INV-5371,2026-09-25,P00440,31636.5,Posted,Paid,Vendor Bill
BILL/2026/00441,Rimal Sahab Supplies (fictional),INV-2897,2026-09-12,P00441,18012.8,Posted,Paid,Vendor Bill
BILL/2026/00442,Jazeera Qimma Solutions (fictional),INV-3978,2026-10-08,P00442,3272.58,Posted,Paid,Vendor Bill
BILL/2026/00443,Taqa Sahab Services (fictional),INV-2411,2026-08-09,P00443,32226.34,Posted,Paid,Vendor Bill
BILL/2026/00444,Buruj Noor Solutions (fictional),INV-5275,2026-07-24,P00444,15799.35,Posted,Paid,Vendor Bill
BILL/2026/00445,Wadi Dana Solutions (fictional),INV-4726,2026-08-07,P00445,17771.46,Posted,Paid,Vendor Bill
BILL/2026/00446,Buruj Dana Trading (fictional),INV-2241,2026-07-25,P00446,4928.22,Posted,Paid,Vendor Bill
BILL/2026/00447,Madar Jazeera Trading (fictional),INV-1981,2026-10-05,P00447,17108.6,Posted,Paid,Vendor Bill
BILL/2026/00448,Nakheel Najd Trading (fictional),INV-1426,2026-08-08,P00448,25289.76,Posted,Paid,Vendor Bill
BILL/2026/00449,Shams Bina Solutions (fictional),INV-1890,2026-10-12,P00449,31843.57,Posted,Paid,Vendor Bill
BILL/2026/00450,Qimma Waha Est. (fictional),INV-4597,2026-07-23,P00450,9122.88,Posted,Paid,Vendor Bill
BILL/2026/00451,Taqa Shams Trading (fictional),INV-4296,2026-07-20,P00451,19675.08,Posted,Paid,Vendor Bill
BILL/2026/00452,Shams Noor Trading (fictional),INV-1780,2026-07-16,P00452,3440.22,Posted,Paid,Vendor Bill
BILL/2026/00453,Bina Rawabi Est. (fictional),INV-1608,2026-09-07,P00453,9844.32,Posted,Paid,Vendor Bill
BILL/2026/00454,Taqa Noor Solutions (fictional),INV-2777,2026-07-16,P00454,34917.4,Posted,Paid,Vendor Bill
BILL/2026/00455,Shams Bina Solutions (fictional),INV-1941,2026-07-11,P00455,33291.04,Posted,Paid,Vendor Bill
BILL/2026/00456,Tamayuz Jazeera Trading (fictional),INV-1352,2026-09-13,P00456,3572.01,Posted,Paid,Vendor Bill
BILL/2026/00457,Taqa Rimal Solutions (fictional),INV-5144,2026-09-23,P00457,34306.25,Posted,Paid,Vendor Bill
BILL/2026/00458,Buruj Dana Services (fictional),INV-2117,2026-09-30,P00458,19297.45,Posted,Paid,Vendor Bill
BILL/2026/00459,Sarh Rimal Trading (fictional),INV-1751,2026-09-24,P00459,8003.77,Posted,Paid,Vendor Bill
BILL/2026/00460,Noor Najd Trading (fictional),INV-2848,2026-09-08,P00460,29209.77,Posted,Paid,Vendor Bill
BILL/2026/00461,Rimal Madar Contracting (fictional),INV-5496,2026-10-04,P00461,28380.95,Posted,Paid,Vendor Bill
BILL/2026/00462,Jazeera Qimma Solutions (fictional),INV-3989,2026-09-05,P00462,10830.27,Posted,Paid,Vendor Bill
BILL/2026/00463,Dana Madar Est. (fictional),INV-5151,2026-09-11,P00463,9366.5,Posted,Paid,Vendor Bill
BILL/2026/00464,Jazeera Qimma Solutions (fictional),INV-3998,2026-08-03,P00464,29509.75,Posted,Paid,Vendor Bill
BILL/2026/00465,Rimal Sahab Supplies (fictional),INV-2938,2026-10-07,P00465,22500.35,Posted,Paid,Vendor Bill
BILL/2026/00466,Sarh Noor Services (fictional),INV-2017,2026-08-23,P00466,32438.9,Posted,Paid,Vendor Bill
BILL/2026/00467,Sarh Noor Services (fictional),INV-2077,2026-08-04,P00467,27426.9,Posted,Paid,Vendor Bill
BILL/2026/00468,Taqa Noor Solutions (fictional),INV-2804,2026-07-21,P00468,10193.04,Posted,Paid,Vendor Bill
BILL/2026/00469,Bina Afaq Contracting (fictional),INV-3665,2026-09-13,P00469,34810.08,Posted,Paid,Vendor Bill
BILL/2026/00470,Tamayuz Bina Trading (fictional),INV-1652,2026-07-24,P00470,24014.2,Posted,Paid,Vendor Bill
BILL/2026/00471,Sarh Rimal Trading (fictional),INV-1809,2026-09-09,P00471,24706.22,Posted,Paid,Vendor Bill
BILL/2026/00472,Shams Bina Solutions (fictional),INV-1948,2026-07-19,P00472,30466.17,Posted,Paid,Vendor Bill
BILL/2026/00473,Sahab Tamayuz Services (fictional),INV-2193,2026-09-04,P00473,13960.8,Posted,Paid,Vendor Bill
BILL/2026/00474,Rimal Madar Contracting (fictional),INV-5500,2026-08-28,P00474,36335.0,Posted,Paid,Vendor Bill
BILL/2026/00475,Nakheel Qimma Supplies (fictional),INV-4777,2026-08-12,P00475,26112.24,Posted,Paid,Vendor Bill
BILL/2026/00476,Najd Madar Supplies (fictional),INV-1445,2026-09-18,P00476,8293.38,Posted,Paid,Vendor Bill
BILL/2026/00477,Qimma Waha Est. (fictional),INV-4615,2026-09-24,P00477,20189.0,Posted,Paid,Vendor Bill
BILL/2026/00478,Rimal Madar Contracting (fictional),INV-5555,2026-07-21,P00478,4124.4,Posted,Paid,Vendor Bill
BILL/2026/00479,Taqa Shams Trading (fictional),INV-4343,2026-07-21,P00479,38883.3,Posted,Paid,Vendor Bill
BILL/2026/00480,Sarh Noor Services (fictional),INV-2084,2026-08-20,P00480,5771.97,Posted,Paid,Vendor Bill
BILL/2026/00481,Taqa Rimal Solutions (fictional),INV-5200,2026-10-01,P00481,14103.6,Posted,Paid,Vendor Bill
BILL/2026/00482,Tamayuz Shams Solutions (fictional),INV-5200,2026-10-03,P00482,15992.32,Posted,Paid,Vendor Bill
BILL/2026/00483,Bina Sarh Est. (fictional),INV-1309,2026-09-30,P00483,41383.44,Posted,Paid,Vendor Bill
BILL/2026/00484,Bina Rawabi Est. (fictional),INV-1668,2026-09-02,P00484,25443.36,Posted,Paid,Vendor Bill
BILL/2026/00485,Buruj Dana Services (fictional),INV-2128,2026-07-31,P00485,15744.68,Posted,Paid,Vendor Bill
BILL/2026/00486,Bina Afaq Contracting (fictional),INV-3693,2026-09-28,P00486,26337.2,Posted,Paid,Vendor Bill
BILL/2026/00487,Waha Madar Est. (fictional),INV-3907,2026-08-14,P00487,4332.36,Posted,Paid,Vendor Bill
BILL/2026/00488,Rimal Madar Contracting (fictional),INV-5577,2026-08-02,P00488,20891.34,Posted,Paid,Vendor Bill
BILL/2026/00489,Rimal Madar Contracting (fictional),INV-3766,2026-09-27,P00489,29397.73,Posted,Paid,Vendor Bill
BILL/2026/00490,Taqa Rimal Solutions (fictional),INV-5233,2026-08-02,P00490,2794.57,Posted,Paid,Vendor Bill
BILL/2026/00491,Sarh Noor Services (fictional),INV-2140,2026-08-06,P00491,31138.47,Posted,Paid,Vendor Bill
BILL/2026/00492,Rimal Madar Contracting (fictional),INV-2828,2026-08-11,P00492,32996.6,Posted,Paid,Vendor Bill
BILL/2026/00493,Dana Rimal Trading (fictional),INV-2492,2026-09-04,P00493,25656.96,Posted,Paid,Vendor Bill
BILL/2026/00494,Najd Najd Contracting (fictional),INV-3260,2026-09-13,P00494,27520.92,Posted,Paid,Vendor Bill
BILL/2026/00495,Buruj Dana Trading (fictional),INV-2281,2026-07-19,P00495,31771.46,Posted,Paid,Vendor Bill
BILL/2026/00496,Sarh Qimma Services (fictional),INV-1844,2026-10-02,P00496,21164.0,Posted,Paid,Vendor Bill
BILL/2026/00497,Nakheel Qimma Supplies (fictional),INV-4807,2026-08-15,P00497,25075.17,Posted,Paid,Vendor Bill
BILL/2026/00498,Sarh Qimma Services (fictional),INV-1899,2026-09-01,P00498,15492.75,Posted,Paid,Vendor Bill
BILL/2026/00499,Rimal Madar Contracting (fictional),INV-3919,2026-09-26,P00499,5551.92,Posted,Paid,Vendor Bill
BILL/2026/00500,Tamayuz Jazeera Trading (fictional),INV-1359,2026-08-27,P00500,11555.85,Posted,Paid,Vendor Bill
BILL/2026/00501,Najd Madar Supplies (fictional),INV-1455,2026-10-04,P00501,33442.89,Posted,Paid,Vendor Bill
BILL/2026/00502,Najd Najd Contracting (fictional),INV-3267,2026-10-06,P00502,33598.48,Posted,Paid,Vendor Bill
BILL/2026/00503,Rawabi Masar Trading (fictional),INV-3564,2026-08-10,P00503,9410.56,Posted,Paid,Vendor Bill
BILL/2026/00504,Rawabi Masar Trading (fictional),INV-3572,2026-08-20,P00504,5676.51,Posted,Paid,Vendor Bill
BILL/2026/00505,Madar Jazeera Trading (fictional),INV-2015,2026-09-26,P00505,5779.02,Posted,Paid,Vendor Bill
BILL/2026/00506,Masar Wadi Services (fictional),INV-2521,2026-10-17,P00506,26660.55,Posted,Paid,Vendor Bill
BILL/2026/00507,Rawabi Masar Trading (fictional),INV-3604,2026-08-15,P00507,28242.0,Posted,Paid,Vendor Bill
BILL/2026/00508,Nakheel Najd Trading (fictional),INV-1486,2026-08-12,P00508,35825.72,Posted,Paid,Vendor Bill
BILL/2026/00509,Tamayuz Jazeera Trading (fictional),INV-1382,2026-08-13,P00509,5639.7,Posted,Paid,Vendor Bill
BILL/2026/00510,Waha Taqa Services (fictional),INV-5053,2026-10-04,P00510,39937.0,Posted,Paid,Vendor Bill
BILL/2026/00511,Sahab Sarh Est. (fictional),INV-5385,2026-09-15,P00511,17352.58,Posted,Paid,Vendor Bill
BILL/2026/00512,Rimal Madar Contracting (fictional),INV-4855,2026-08-07,P00512,15215.06,Posted,Paid,Vendor Bill
BILL/2026/00513,Rimal Madar Contracting (fictional),INV-3943,2026-09-16,P00513,18511.02,Posted,Paid,Vendor Bill
BILL/2026/00514,Taqa Shams Trading (fictional),INV-4366,2026-07-17,P00514,15810.7,Posted,Paid,Vendor Bill
BILL/2026/00515,Taqa Noor Solutions (fictional),INV-2831,2026-09-08,P00515,4294.62,Posted,Paid,Vendor Bill
BILL/2026/00516,Buruj Noor Solutions (fictional),INV-5313,2026-09-10,P00516,14501.55,Posted,Paid,Vendor Bill
BILL/2026/00517,Taqa Rimal Solutions (fictional),INV-5255,2026-08-23,P00517,20508.18,Posted,Paid,Vendor Bill
BILL/2026/00518,Tamayuz Jazeera Trading (fictional),INV-1415,2026-07-21,P00518,27198.78,Posted,Paid,Vendor Bill
BILL/2026/00519,Buruj Waha Supplies (fictional),INV-3266,2026-09-29,P00519,6928.74,Posted,Paid,Vendor Bill
BILL/2026/00520,Noor Masar Contracting (fictional),INV-2363,2026-08-02,P00520,3724.86,Posted,Paid,Vendor Bill
BILL/2026/00521,Masar Wadi Services (fictional),INV-2543,2026-07-13,P00521,33704.84,Posted,Paid,Vendor Bill
BILL/2026/00522,Wadi Dana Solutions (fictional),INV-4757,2026-09-23,P00522,4005.54,Posted,Paid,Vendor Bill
BILL/2026/00523,Tamayuz Bina Trading (fictional),INV-1672,2026-09-20,P00523,29056.32,Posted,Paid,Vendor Bill
BILL/2026/00524,Jazeera Qimma Solutions (fictional),INV-4024,2026-10-03,P00524,28028.63,Posted,Paid,Vendor Bill
BILL/2026/00525,Taqa Noor Solutions (fictional),INV-2877,2026-07-14,P00525,37079.9,Posted,Paid,Vendor Bill
BILL/2026/00526,Noor Masar Contracting (fictional),INV-2412,2026-10-16,P00526,29188.32,Posted,Paid,Vendor Bill
BILL/2026/00527,Waha Taqa Services (fictional),INV-5076,2026-10-09,P00527,19068.35,Posted,Paid,Vendor Bill
BILL/2026/00528,Rimal Madar Contracting (fictional),INV-3791,2026-08-09,P00528,37725.38,Posted,Paid,Vendor Bill
BILL/2026/00529,Waha Madar Est. (fictional),INV-3967,2026-08-12,P00529,37728.45,Posted,Paid,Vendor Bill
BILL/2026/00530,Dana Madar Est. (fictional),INV-5183,2026-07-24,P00530,20752.44,Posted,Paid,Vendor Bill
BILL/2026/00531,Dana Rimal Trading (fictional),INV-2551,2026-08-11,P00531,33773.4,Posted,Paid,Vendor Bill
BILL/2026/00532,Dana Rimal Trading (fictional),INV-2611,2026-09-22,P00532,3972.49,Posted,Paid,Vendor Bill
BILL/2026/00533,Buruj Noor Solutions (fictional),INV-5344,2026-08-03,P00533,26123.79,Posted,Paid,Vendor Bill
BILL/2026/00534,Taqa Sahab Services (fictional),INV-2435,2026-08-19,P00534,15030.7,Posted,Paid,Vendor Bill
BILL/2026/00535,Shams Noor Trading (fictional),INV-1800,2026-09-27,P00535,3123.36,Posted,Paid,Vendor Bill
BILL/2026/00536,Sahab Najd Solutions (fictional),INV-5115,2026-08-25,P00536,28591.3,Posted,Paid,Vendor Bill
BILL/2026/00537,Waha Madar Est. (fictional),INV-3980,2026-09-08,P00537,11625.84,Posted,Paid,Vendor Bill
BILL/2026/00538,Shams Noor Trading (fictional),INV-1840,2026-10-04,P00538,4843.2,Posted,Paid,Vendor Bill
BILL/2026/00539,Tamayuz Shams Solutions (fictional),INV-5254,2026-09-16,P00539,8228.0,Posted,Paid,Vendor Bill
BILL/2026/00540,Rimal Madar Contracting (fictional),INV-1826,2026-07-21,P00540,12707.28,Posted,Paid,Vendor Bill
BILL/2026/00541,Sarh Qimma Services (fictional),INV-1910,2026-07-26,P00541,14784.27,Posted,Paid,Vendor Bill
BILL/2026/00542,Dana Rimal Trading (fictional),INV-2664,2026-09-08,P00542,14070.55,Posted,Paid,Vendor Bill
BILL/2026/00543,Sarh Noor Services (fictional),INV-2170,2026-08-24,P00543,17810.8,Posted,Paid,Vendor Bill
BILL/2026/00544,Dana Madar Est. (fictional),INV-5224,2026-08-30,P00544,15684.24,Posted,Paid,Vendor Bill
BILL/2026/00545,Tamayuz Jazeera Trading (fictional),INV-1461,2026-07-28,P00545,2353.74,Posted,Paid,Vendor Bill
BILL/2026/00546,Sarh Qimma Services (fictional),INV-1937,2026-08-23,P00546,10741.94,Posted,Paid,Vendor Bill
BILL/2026/00547,Najd Najd Contracting (fictional),INV-3284,2026-09-27,P00547,3080.28,Posted,Paid,Vendor Bill
BILL/2026/00548,Sarh Noor Services (fictional),INV-2221,2026-08-28,P00548,2867.01,Posted,Paid,Vendor Bill
BILL/2026/00549,Buruj Noor Solutions (fictional),INV-5375,2026-08-04,P00549,27356.77,Posted,Paid,Vendor Bill
BILL/2026/00550,Sahab Tamayuz Services (fictional),INV-2241,2026-09-27,P00550,14039.04,Posted,Paid,Vendor Bill
BILL/2026/00551,Tamayuz Shams Solutions (fictional),INV-5312,2026-07-25,P00551,18398.82,Posted,Paid,Vendor Bill
BILL/2026/00552,Jazeera Qimma Solutions (fictional),INV-4042,2026-09-05,P00552,28337.25,Posted,Paid,Vendor Bill
BILL/2026/00553,Noor Najd Trading (fictional),INV-2891,2026-10-02,P00553,21855.44,Posted,Paid,Vendor Bill
BILL/2026/00554,Bina Afaq Contracting (fictional),INV-3743,2026-10-10,P00554,2683.84,Posted,Paid,Vendor Bill
BILL/2026/00555,Wadi Dana Solutions (fictional),INV-4804,2026-10-03,P00555,32404.32,Posted,Paid,Vendor Bill
BILL/2026/00556,Waha Madar Est. (fictional),INV-4006,2026-08-10,P00556,31296.65,Posted,Paid,Vendor Bill
BILL/2026/00557,Sarh Rimal Trading (fictional),INV-1824,2026-09-28,P00557,16657.68,Posted,Paid,Vendor Bill
BILL/2026/00558,Najd Sahab Contracting (fictional),INV-4038,2026-08-14,P00558,28976.61,Posted,Paid,Vendor Bill
BILL/2026/00559,Nakheel Sarh Solutions (fictional),INV-5190,2026-09-19,P00559,33894.48,Posted,Paid,Vendor Bill
BILL/2026/00560,Shams Noor Trading (fictional),INV-1896,2026-07-28,P00560,12301.52,Posted,Paid,Vendor Bill
BILL/2026/00561,Rimal Madar Contracting (fictional),INV-3844,2026-08-12,P00561,34070.23,Posted,Paid,Vendor Bill
BILL/2026/00562,Noor Masar Contracting (fictional),INV-2445,2026-10-03,P00562,3267.45,Posted,Paid,Vendor Bill
BILL/2026/00563,Sarh Qimma Services (fictional),INV-1945,2026-09-27,P00563,11934.0,Posted,Paid,Vendor Bill
BILL/2026/00564,Wadi Dana Solutions (fictional),INV-4829,2026-08-25,P00564,9017.02,Posted,Paid,Vendor Bill
BILL/2026/00565,Buruj Dana Services (fictional),INV-2167,2026-08-31,P00565,29272.38,Posted,Paid,Vendor Bill
BILL/2026/00566,Sahab Najd Solutions (fictional),INV-5166,2026-09-26,P00566,5705.82,Posted,Paid,Vendor Bill
BILL/2026/00567,Jazeera Qimma Solutions (fictional),INV-4083,2026-09-29,P00567,35928.56,Posted,Paid,Vendor Bill
BILL/2026/00568,Waha Taqa Services (fictional),INV-5102,2026-08-03,P00568,14882.4,Posted,Paid,Vendor Bill
BILL/2026/00569,Nakheel Qimma Supplies (fictional),INV-4857,2026-08-11,P00569,30619.68,Posted,Paid,Vendor Bill
BILL/2026/00570,Rimal Madar Contracting (fictional),INV-4358,2026-08-31,P00570,5735.04,Posted,Paid,Vendor Bill
BILL/2026/00571,Rimal Sahab Supplies (fictional),INV-2969,2026-07-28,P00571,20594.88,Posted,Paid,Vendor Bill
BILL/2026/00572,Taqa Noor Solutions (fictional),INV-2894,2026-07-18,P00572,10464.3,Posted,Paid,Vendor Bill
BILL/2026/00573,Buruj Dana Services (fictional),INV-2176,2026-07-30,P00573,29881.04,Posted,Paid,Vendor Bill
BILL/2026/00574,Qimma Waha Est. (fictional),INV-4646,2026-07-20,P00574,18333.21,Posted,Paid,Vendor Bill
BILL/2026/00575,Bina Taqa Est. (fictional),INV-4705,2026-10-18,P00575,2794.15,Posted,Paid,Vendor Bill
BILL/2026/00576,Rimal Qimma Services (fictional),INV-2357,2026-08-28,P00576,19233.43,Posted,Paid,Vendor Bill
BILL/2026/00577,Rimal Sahab Supplies (fictional),INV-2990,2026-07-26,P00577,35236.04,Posted,Paid,Vendor Bill
BILL/2026/00578,Rawabi Masar Trading (fictional),INV-3623,2026-08-02,P00578,39639.73,Posted,Paid,Vendor Bill
BILL/2026/00579,Waha Madar Est. (fictional),INV-4016,2026-08-23,P00579,13162.9,Posted,Paid,Vendor Bill
BILL/2026/00580,Sarh Qimma Services (fictional),INV-2001,2026-09-26,P00580,2948.99,Posted,Paid,Vendor Bill
BILL/2026/00581,Rimal Madar Contracting (fictional),INV-3960,2026-09-21,P00581,13278.0,Posted,Paid,Vendor Bill
BILL/2026/00582,Rimal Madar Contracting (fictional),INV-4897,2026-10-04,P00582,29448.72,Posted,Paid,Vendor Bill
BILL/2026/00583,Taqa Noor Solutions (fictional),INV-2935,2026-09-05,P00583,27217.4,Posted,Paid,Vendor Bill
BILL/2026/00584,Rimal Madar Contracting (fictional),INV-3192,2026-08-27,P00584,21736.1,Posted,Paid,Vendor Bill
BILL/2026/00585,Buruj Noor Solutions (fictional),INV-5401,2026-07-14,P00585,9318.32,Posted,Paid,Vendor Bill
BILL/2026/00586,Rimal Madar Contracting (fictional),INV-2866,2026-08-11,P00586,23578.72,Posted,Paid,Vendor Bill
BILL/2026/00587,Nakheel Najd Trading (fictional),INV-1509,2026-08-05,P00587,29882.46,Posted,Paid,Vendor Bill
BILL/2026/00588,Noor Masar Contracting (fictional),INV-2491,2026-09-28,P00588,4397.67,Posted,Paid,Vendor Bill
BILL/2026/00589,Nakheel Qimma Supplies (fictional),INV-4878,2026-08-09,P00589,34175.5,Posted,Paid,Vendor Bill
BILL/2026/00590,Sahab Tamayuz Services (fictional),INV-2258,2026-08-09,P00590,18463.06,Posted,Paid,Vendor Bill
BILL/2026/00591,Sahab Tamayuz Services (fictional),INV-2267,2026-07-28,P00591,2239.14,Posted,Paid,Vendor Bill
BILL/2026/00592,Rimal Qimma Services (fictional),INV-2413,2026-09-10,P00592,15934.1,Posted,Paid,Vendor Bill
BILL/2026/00593,Bina Taqa Est. (fictional),INV-4714,2026-08-18,P00593,8588.16,Posted,Paid,Vendor Bill
BILL/2026/00594,Bina Sarh Est. (fictional),INV-1317,2026-10-12,P00594,22357.98,Posted,Paid,Vendor Bill
BILL/2026/00595,Dana Rimal Trading (fictional),INV-2688,2026-10-02,P00595,24279.2,Posted,Paid,Vendor Bill
BILL/2026/00596,Bina Rawabi Est. (fictional),INV-1706,2026-09-17,P00596,27734.42,Posted,Paid,Vendor Bill
BILL/2026/00597,Tamayuz Bina Trading (fictional),INV-1688,2026-07-29,P00597,11420.64,Posted,Paid,Vendor Bill
BILL/2026/00598,Najd Madar Supplies (fictional),INV-1506,2026-07-30,P00598,32665.62,Posted,Paid,Vendor Bill
BILL/2026/00599,Taqa Sahab Services (fictional),INV-2495,2026-09-25,P00599,2708.53,Posted,Paid,Vendor Bill
BILL/2026/00600,Rimal Madar Contracting (fictional),INV-3872,2026-07-17,P00600,7915.2,Posted,Paid,Vendor Bill
BILL/2026/00601,Rimal Sahab Supplies (fictional),INV-3022,2026-09-19,P00601,39035.83,Posted,Paid,Vendor Bill
BILL/2026/00602,Rimal Madar Contracting (fictional),INV-4923,2026-08-09,P00602,12750.24,Posted,Paid,Vendor Bill
BILL/2026/00603,Sarh Qimma Services (fictional),INV-2053,2026-10-05,P00603,27179.25,Posted,Paid,Vendor Bill
BILL/2026/00604,Nakheel Qimma Supplies (fictional),INV-4929,2026-08-04,P00604,27334.65,Posted,Paid,Vendor Bill
BILL/2026/00605,Najd Madar Supplies (fictional),INV-1545,2026-09-16,P00605,10183.28,Posted,Paid,Vendor Bill
BILL/2026/00606,Sarh Qimma Services (fictional),INV-2065,2026-09-26,P00606,25168.64,Posted,Paid,Vendor Bill
BILL/2026/00607,Noor Masar Contracting (fictional),INV-2531,2026-10-06,P00607,20258.22,Posted,Paid,Vendor Bill
BILL/2026/00608,Najd Najd Contracting (fictional),INV-3295,2026-08-16,P00608,26368.3,Posted,Paid,Vendor Bill
BILL/2026/00609,Sahab Najd Solutions (fictional),INV-5204,2026-07-20,P00609,39273.35,Posted,Paid,Vendor Bill
BILL/2026/00610,Waha Madar Est. (fictional),INV-4031,2026-09-06,P00610,24057.24,Posted,Paid,Vendor Bill
BILL/2026/00611,Bina Rawabi Est. (fictional),INV-1750,2026-09-30,P00611,9634.12,Posted,Paid,Vendor Bill
BILL/2026/00612,Waha Taqa Services (fictional),INV-5118,2026-09-07,P00612,24128.06,Posted,Paid,Vendor Bill
BILL/2026/00613,Waha Taqa Services (fictional),INV-5171,2026-08-18,P00613,34784.79,Posted,Paid,Vendor Bill
BILL/2026/00614,Bina Rawabi Est. (fictional),INV-1767,2026-08-10,P00614,25357.27,Posted,Paid,Vendor Bill
BILL/2026/00615,Buruj Noor Solutions (fictional),INV-5409,2026-09-17,P00615,19360.0,Posted,Paid,Vendor Bill
BILL/2026/00616,Bina Taqa Est. (fictional),INV-4723,2026-09-29,P00616,20654.2,Posted,Paid,Vendor Bill
BILL/2026/00617,Najd Najd Contracting (fictional),INV-3306,2026-07-31,P00617,22185.58,Posted,Paid,Vendor Bill
BILL/2026/00618,Rimal Sahab Supplies (fictional),INV-3065,2026-07-17,P00618,20911.2,Posted,Paid,Vendor Bill
BILL/2026/00619,Taqa Sahab Services (fictional),INV-2524,2026-07-25,P00619,4394.44,Posted,Paid,Vendor Bill
BILL/2026/00620,Sarh Qimma Services (fictional),INV-2076,2026-09-08,P00620,8221.5,Posted,Paid,Vendor Bill
BILL/2026/00621,Sahab Tamayuz Services (fictional),INV-2286,2026-07-24,P00621,36227.75,Posted,Paid,Vendor Bill
BILL/2026/00622,Masar Wadi Services (fictional),INV-2589,2026-09-19,P00622,24410.82,Posted,Paid,Vendor Bill
BILL/2026/00623,Sahab Sarh Est. (fictional),INV-5421,2026-07-17,P00623,21743.56,Posted,Paid,Vendor Bill
BILL/2026/00624,Najd Madar Supplies (fictional),INV-1602,2026-08-26,P00624,30517.55,Posted,Paid,Vendor Bill
BILL/2026/00625,Masar Wadi Services (fictional),INV-2633,2026-09-28,P00625,23292.96,Posted,Paid,Vendor Bill
BILL/2026/00626,Nakheel Qimma Supplies (fictional),INV-4958,2026-07-10,P00626,26858.4,Posted,Paid,Vendor Bill
BILL/2026/00627,Rimal Sahab Supplies (fictional),INV-3087,2026-08-16,P00627,32862.36,Posted,Paid,Vendor Bill
BILL/2026/00628,Bina Sarh Est. (fictional),INV-1334,2026-08-07,P00628,10200.5,Posted,Paid,Vendor Bill
BILL/2026/00629,Rimal Madar Contracting (fictional),INV-1833,2026-07-28,P00629,6517.92,Posted,Paid,Vendor Bill
BILL/2026/00630,Bina Rawabi Est. (fictional),INV-1787,2026-09-07,P00630,28702.35,Posted,Paid,Vendor Bill
BILL/2026/00631,Tamayuz Bina Trading (fictional),INV-1708,2026-10-14,P00631,25204.48,Posted,Paid,Vendor Bill
BILL/2026/00632,Rimal Madar Contracting (fictional),INV-4402,2026-08-18,P00632,8400.09,Posted,Paid,Vendor Bill
BILL/2026/00633,Shams Noor Trading (fictional),INV-1936,2026-09-11,P00633,11373.92,Posted,Paid,Vendor Bill
BILL/2026/00634,Nakheel Qimma Supplies (fictional),INV-4987,2026-07-17,P00634,37296.81,Posted,Paid,Vendor Bill
BILL/2026/00635,Taqa Sahab Services (fictional),INV-2578,2026-10-02,P00635,40282.2,Posted,Paid,Vendor Bill
BILL/2026/00636,Tamayuz Bina Trading (fictional),INV-1768,2026-08-08,P00636,15185.5,Posted,Paid,Vendor Bill
BILL/2026/00637,Rimal Sahab Supplies (fictional),INV-3113,2026-07-17,P00637,7814.43,Posted,Paid,Vendor Bill
BILL/2026/00638,Sarh Rimal Trading (fictional),INV-1873,2026-07-11,P00638,3945.43,Posted,Paid,Vendor Bill
BILL/2026/00639,Sarh Noor Services (fictional),INV-2243,2026-08-12,P00639,40233.38,Posted,Paid,Vendor Bill
BILL/2026/00640,Nakheel Sarh Solutions (fictional),INV-5216,2026-07-12,P00640,26583.0,Posted,Paid,Vendor Bill
BILL/2026/00641,Bina Afaq Contracting (fictional),INV-3800,2026-08-08,P00641,40354.66,Posted,Paid,Vendor Bill
BILL/2026/00642,Sahab Sarh Est. (fictional),INV-5465,2026-07-27,P00642,5760.56,Posted,Paid,Vendor Bill
BILL/2026/00643,Wadi Dana Solutions (fictional),INV-4880,2026-08-18,P00643,2689.9,Posted,Paid,Vendor Bill
BILL/2026/00644,Rimal Madar Contracting (fictional),INV-5505,2026-08-22,P00644,38998.08,Posted,Paid,Vendor Bill
BILL/2026/00645,Qimma Waha Est. (fictional),INV-4679,2026-09-21,P00645,38724.24,Posted,Paid,Vendor Bill
BILL/2026/00646,Rimal Madar Contracting (fictional),INV-5601,2026-08-07,P00646,18534.96,Posted,Paid,Vendor Bill
BILL/2026/00647,Waha Taqa Services (fictional),INV-5185,2026-08-20,P00647,14859.81,Posted,Paid,Vendor Bill
BILL/2026/00648,Najd Madar Supplies (fictional),INV-1651,2026-08-02,P00648,31201.92,Posted,Paid,Vendor Bill
BILL/2026/00649,Buruj Dana Services (fictional),INV-2234,2026-10-11,P00649,9650.08,Posted,Paid,Vendor Bill
BILL/2026/00650,Jazeera Qimma Solutions (fictional),INV-4134,2026-10-06,P00650,35137.08,Posted,Paid,Vendor Bill
BILL/2026/00651,Bina Rawabi Est. (fictional),INV-1828,2026-08-29,P00651,2272.78,Posted,Paid,Vendor Bill
BILL/2026/00652,Rimal Sahab Supplies (fictional),INV-3120,2026-08-05,P00652,2655.78,Posted,Paid,Vendor Bill
BILL/2026/00653,Sarh Rimal Trading (fictional),INV-1885,2026-09-03,P00653,9799.2,Posted,Paid,Vendor Bill
BILL/2026/00654,Waha Madar Est. (fictional),INV-4055,2026-09-18,P00654,35553.46,Posted,Paid,Vendor Bill
BILL/2026/00655,Rimal Madar Contracting (fictional),INV-2873,2026-07-13,P00655,33773.0,Posted,Paid,Vendor Bill
BILL/2026/00656,Najd Najd Contracting (fictional),INV-3326,2026-08-16,P00656,33295.65,Posted,Paid,Vendor Bill
BILL/2026/00657,Tamayuz Shams Solutions (fictional),INV-5363,2026-10-18,P00657,9593.73,Posted,Paid,Vendor Bill
BILL/2026/00658,Rimal Qimma Services (fictional),INV-2458,2026-09-28,P00658,38393.65,Posted,Paid,Vendor Bill
BILL/2026/00659,Shams Bina Solutions (fictional),INV-1981,2026-09-10,P00659,35615.7,Posted,Paid,Vendor Bill
BILL/2026/00660,Rimal Madar Contracting (fictional),INV-5514,2026-09-29,P00660,35376.15,Posted,Paid,Vendor Bill
BILL/2026/00661,Bina Rawabi Est. (fictional),INV-1872,2026-07-17,P00661,29871.66,Posted,Paid,Vendor Bill
BILL/2026/00662,Sahab Tamayuz Services (fictional),INV-2334,2026-10-04,P00662,38183.94,Posted,Paid,Vendor Bill
BILL/2026/00663,Shams Madar Contracting (fictional),INV-4968,2026-08-16,P00663,23986.77,Posted,Paid,Vendor Bill
BILL/2026/00664,Rimal Qimma Services (fictional),INV-2513,2026-07-15,P00664,8288.25,Posted,Paid,Vendor Bill
BILL/2026/00665,Noor Najd Trading (fictional),INV-2941,2026-10-04,P00665,11390.32,Posted,Paid,Vendor Bill
BILL/2026/00666,Rimal Madar Contracting (fictional),INV-3215,2026-08-20,P00666,36254.16,Posted,Paid,Vendor Bill
BILL/2026/00667,Wadi Dana Solutions (fictional),INV-4918,2026-08-14,P00667,39137.61,Posted,Paid,Vendor Bill
BILL/2026/00668,Taqa Noor Solutions (fictional),INV-2989,2026-07-08,P00668,25464.18,Posted,Paid,Vendor Bill
BILL/2026/00669,Tamayuz Shams Solutions (fictional),INV-5385,2026-08-30,P00669,26687.54,Posted,Paid,Vendor Bill
BILL/2026/00670,Tamayuz Bina Trading (fictional),INV-1819,2026-09-19,P00670,25546.0,Posted,Paid,Vendor Bill
BILL/2026/00671,Wadi Dana Solutions (fictional),INV-4975,2026-08-10,P00671,21301.56,Posted,Paid,Vendor Bill
BILL/2026/00672,Sahab Najd Solutions (fictional),INV-5214,2026-09-28,P00672,29864.35,Posted,Paid,Vendor Bill
BILL/2026/00673,Jazeera Qimma Solutions (fictional),INV-4146,2026-09-21,P00673,16576.8,Posted,Paid,Vendor Bill
BILL/2026/00674,Sarh Rimal Trading (fictional),INV-1924,2026-08-22,P00674,28740.84,Posted,Paid,Vendor Bill
BILL/2026/00675,Nakheel Najd Trading (fictional),INV-1537,2026-09-14,P00675,39090.6,Posted,Paid,Vendor Bill
BILL/2026/00676,Rimal Qimma Services (fictional),INV-2555,2026-08-08,P00676,19472.4,Posted,Paid,Vendor Bill
BILL/2026/00677,Buruj Dana Trading (fictional),INV-2299,2026-07-28,P00677,22620.25,Posted,Paid,Vendor Bill
BILL/2026/00678,Dana Rimal Trading (fictional),INV-2741,2026-09-09,P00678,23278.71,Posted,Paid,Vendor Bill
BILL/2026/00679,Sarh Rimal Trading (fictional),INV-1957,2026-07-26,P00679,19736.19,Posted,Paid,Vendor Bill
BILL/2026/00680,Sahab Najd Solutions (fictional),INV-5232,2026-09-10,P00680,23161.05,Posted,Paid,Vendor Bill
BILL/2026/00681,Nakheel Sarh Solutions (fictional),INV-5236,2026-09-27,P00681,7301.96,Posted,Paid,Vendor Bill
BILL/2026/00682,Rimal Madar Contracting (fictional),INV-3236,2026-09-04,P00682,8614.48,Posted,Paid,Vendor Bill
BILL/2026/00683,Tamayuz Jazeera Trading (fictional),INV-1469,2026-10-11,P00683,2191.3,Posted,Paid,Vendor Bill
BILL/2026/00684,Nakheel Qimma Supplies (fictional),INV-5047,2026-08-03,P00684,9704.94,Posted,Paid,Vendor Bill
BILL/2026/00685,Shams Bina Solutions (fictional),INV-2006,2026-09-30,P00685,36179.39,Posted,Paid,Vendor Bill
BILL/2026/00686,Masar Wadi Services (fictional),INV-2664,2026-08-19,P00686,8665.16,Posted,Paid,Vendor Bill
BILL/2026/00687,Jazeera Noor Supplies (fictional),INV-4860,2026-08-15,P00687,4164.18,Posted,Paid,Vendor Bill
BILL/2026/00688,Najd Madar Supplies (fictional),INV-1708,2026-09-14,P00688,20614.22,Posted,Paid,Vendor Bill
BILL/2026/00689,Wadi Dana Solutions (fictional),INV-4999,2026-09-23,P00689,31768.8,Posted,Paid,Vendor Bill
BILL/2026/00690,Buruj Dana Services (fictional),INV-2257,2026-09-03,P00690,14304.15,Posted,Paid,Vendor Bill
BILL/2026/00691,Waha Madar Est. (fictional),INV-4091,2026-08-13,P00691,22262.16,Posted,Paid,Vendor Bill
BILL/2026/00692,Taqa Sahab Services (fictional),INV-2610,2026-08-31,P00692,4269.12,Posted,Paid,Vendor Bill
BILL/2026/00693,Sahab Sarh Est. (fictional),INV-5509,2026-07-31,P00693,32611.4,Posted,Paid,Vendor Bill
BILL/2026/00694,Tamayuz Jazeera Trading (fictional),INV-1486,2026-08-14,P00694,4461.37,Posted,Paid,Vendor Bill
BILL/2026/00695,Buruj Noor Solutions (fictional),INV-5452,2026-07-06,P00695,30226.14,Posted,Paid,Vendor Bill
BILL/2026/00696,Sarh Noor Services (fictional),INV-2263,2026-09-06,P00696,8799.05,Posted,Paid,Vendor Bill
BILL/2026/00697,Sarh Rimal Trading (fictional),INV-1991,2026-09-13,P00697,35212.86,Posted,Paid,Vendor Bill
BILL/2026/00698,Buruj Dana Services (fictional),INV-2289,2026-08-18,P00698,4683.42,Posted,Paid,Vendor Bill
BILL/2026/00699,Rimal Madar Contracting (fictional),INV-4015,2026-10-07,P00699,18212.04,Posted,Paid,Vendor Bill
BILL/2026/00700,Najd Madar Supplies (fictional),INV-1757,2026-07-28,P00700,4192.92,Posted,Paid,Vendor Bill
BILL/2026/00701,Najd Madar Supplies (fictional),INV-1781,2026-08-24,P00701,3508.32,Posted,Paid,Vendor Bill
BILL/2026/00702,Rimal Madar Contracting (fictional),INV-4976,2026-10-07,P00702,16064.72,Posted,Paid,Vendor Bill
BILL/2026/00703,Rimal Madar Contracting (fictional),INV-3927,2026-09-25,P00703,19405.62,Posted,Paid,Vendor Bill
BILL/2026/00704,Tamayuz Shams Solutions (fictional),INV-5411,2026-09-06,P00704,25819.83,Posted,Paid,Vendor Bill
BILL/2026/00705,Noor Masar Contracting (fictional),INV-2541,2026-08-09,P00705,41361.34,Posted,Paid,Vendor Bill
BILL/2026/00706,Rimal Sahab Supplies (fictional),INV-3128,2026-09-25,P00706,35991.81,Posted,Paid,Vendor Bill
BILL/2026/00707,Rimal Madar Contracting (fictional),INV-5563,2026-07-31,P00707,17337.6,Posted,Paid,Vendor Bill
BILL/2026/00708,Nakheel Qimma Supplies (fictional),INV-5074,2026-09-24,P00708,22353.76,Posted,Paid,Vendor Bill
BILL/2026/00709,Sarh Rimal Trading (fictional),INV-2033,2026-09-20,P00709,10406.5,Posted,Paid,Vendor Bill
BILL/2026/00710,Rimal Madar Contracting (fictional),INV-3261,2026-07-18,P00710,2502.2,Posted,Paid,Vendor Bill
BILL/2026/00711,Rimal Qimma Services (fictional),INV-2599,2026-09-23,P00711,3066.14,Posted,Paid,Vendor Bill
BILL/2026/00712,Rimal Madar Contracting (fictional),INV-5638,2026-09-19,P00712,35725.84,Posted,Paid,Vendor Bill
BILL/2026/00713,Dana Rimal Trading (fictional),INV-2797,2026-09-04,P00713,9342.62,Posted,Paid,Vendor Bill
BILL/2026/00714,Sarh Noor Services (fictional),INV-2299,2026-08-27,P00714,1336.32,Posted,Paid,Vendor Bill
BILL/2026/00715,Rimal Madar Contracting (fictional),INV-3942,2026-07-29,P00715,23497.18,Posted,Paid,Vendor Bill
BILL/2026/00716,Sarh Rimal Trading (fictional),INV-2089,2026-09-17,P00716,9828.42,Posted,Paid,Vendor Bill
BILL/2026/00717,Taqa Rimal Solutions (fictional),INV-5267,2026-09-16,P00717,7853.8,Posted,Paid,Vendor Bill
BILL/2026/00718,Waha Madar Est. (fictional),INV-4143,2026-07-30,P00718,35248.08,Posted,Paid,Vendor Bill
BILL/2026/00719,Rimal Madar Contracting (fictional),INV-2911,2026-08-09,P00719,12367.14,Posted,Paid,Vendor Bill
BILL/2026/00720,Buruj Dana Services (fictional),INV-2340,2026-08-03,P00720,17996.64,Posted,Paid,Vendor Bill
BILL/2026/00721,Noor Najd Trading (fictional),INV-2959,2026-08-12,P00721,32121.0,Posted,Paid,Vendor Bill
BILL/2026/00722,Rimal Madar Contracting (fictional),INV-1846,2026-10-12,P00722,13899.0,Posted,Paid,Vendor Bill
BILL/2026/00723,Bina Taqa Est. (fictional),INV-4750,2026-08-07,P00723,21345.44,Posted,Paid,Vendor Bill
BILL/2026/00724,Waha Madar Est. (fictional),INV-4181,2026-10-06,P00724,28066.5,Posted,Paid,Vendor Bill
BILL/2026/00725,Waha Madar Est. (fictional),INV-4237,2026-09-25,P00725,19733.91,Posted,Paid,Vendor Bill
BILL/2026/00726,Nakheel Sarh Solutions (fictional),INV-5291,2026-08-02,P00726,20555.72,Posted,Paid,Vendor Bill
BILL/2026/00727,Buruj Dana Trading (fictional),INV-2331,2026-08-12,P00727,33377.85,Posted,Paid,Vendor Bill
BILL/2026/00728,Buruj Noor Solutions (fictional),INV-5491,2026-07-31,P00728,35181.72,Posted,Paid,Vendor Bill
BILL/2026/00729,Buruj Waha Supplies (fictional),INV-3276,2026-07-21,P00729,9548.91,Posted,Paid,Vendor Bill
BILL/2026/00730,Rimal Sahab Supplies (fictional),INV-3184,2026-08-23,P00730,35445.87,Posted,Paid,Vendor Bill
BILL/2026/00731,Najd Sahab Contracting (fictional),INV-4078,2026-09-12,P00731,18879.63,Posted,Paid,Vendor Bill
BILL/2026/00732,Waha Taqa Services (fictional),INV-5204,2026-09-25,P00732,11779.5,Posted,Paid,Vendor Bill
BILL/2026/00733,Jazeera Qimma Solutions (fictional),INV-4198,2026-08-20,P00733,4598.83,Posted,Paid,Vendor Bill
BILL/2026/00734,Buruj Dana Trading (fictional),INV-2357,2026-10-01,P00734,25899.51,Posted,Paid,Vendor Bill
BILL/2026/00735,Rimal Madar Contracting (fictional),INV-1876,2026-09-19,P00735,37670.13,Posted,Paid,Vendor Bill
BILL/2026/00736,Rimal Madar Contracting (fictional),INV-5679,2026-08-16,P00736,37801.76,Posted,Paid,Vendor Bill
BILL/2026/00737,Nakheel Qimma Supplies (fictional),INV-5081,2026-09-10,P00737,1323.67,Posted,Paid,Vendor Bill
BILL/2026/00738,Nakheel Najd Trading (fictional),INV-1559,2026-07-30,P00738,38274.6,Posted,Paid,Vendor Bill
BILL/2026/00739,Waha Taqa Services (fictional),INV-5257,2026-07-18,P00739,31410.32,Posted,Paid,Vendor Bill
BILL/2026/00740,Bina Taqa Est. (fictional),INV-4803,2026-08-02,P00740,16016.0,Posted,Paid,Vendor Bill
BILL/2026/00741,Rimal Madar Contracting (fictional),INV-4453,2026-07-27,P00741,25875.85,Posted,Paid,Vendor Bill
BILL/2026/00742,Rimal Madar Contracting (fictional),INV-4460,2026-08-07,P00742,14595.48,Posted,Paid,Vendor Bill
BILL/2026/00743,Waha Taqa Services (fictional),INV-5271,2026-10-11,P00743,31510.24,Posted,Paid,Vendor Bill
BILL/2026/00744,Sarh Qimma Services (fictional),INV-2125,2026-07-22,P00744,21373.0,Posted,Paid,Vendor Bill
BILL/2026/00745,Rimal Madar Contracting (fictional),INV-4984,2026-09-08,P00745,3616.88,Posted,Paid,Vendor Bill
BILL/2026/00746,Madar Jazeera Trading (fictional),INV-2073,2026-09-26,P00746,9969.65,Posted,Paid,Vendor Bill
BILL/2026/00747,Najd Madar Supplies (fictional),INV-1815,2026-07-21,P00747,14875.08,Posted,Paid,Vendor Bill
BILL/2026/00748,Dana Madar Est. (fictional),INV-5266,2026-09-08,P00748,20297.14,Posted,Paid,Vendor Bill
BILL/2026/00749,Rimal Madar Contracting (fictional),INV-4047,2026-08-26,P00749,33272.2,Posted,Paid,Vendor Bill
BILL/2026/00750,Rawabi Masar Trading (fictional),INV-3679,2026-07-19,P00750,29523.1,Posted,Paid,Vendor Bill
BILL/2026/00751,Taqa Noor Solutions (fictional),INV-3027,2026-08-22,P00751,30902.4,Posted,Paid,Vendor Bill
BILL/2026/00752,Rimal Madar Contracting (fictional),INV-4470,2026-09-04,P00752,38128.44,Posted,Paid,Vendor Bill
BILL/2026/00753,Rimal Madar Contracting (fictional),INV-2953,2026-10-14,P00753,18907.66,Posted,Paid,Vendor Bill
BILL/2026/00754,Qimma Waha Est. (fictional),INV-4686,2026-08-17,P00754,7405.7,Posted,Paid,Vendor Bill
BILL/2026/00755,Taqa Noor Solutions (fictional),INV-3036,2026-07-22,P00755,15578.1,Posted,Paid,Vendor Bill
BILL/2026/00756,Noor Masar Contracting (fictional),INV-2577,2026-09-23,P00756,32999.96,Posted,Paid,Vendor Bill
BILL/2026/00757,Rimal Madar Contracting (fictional),INV-5597,2026-10-15,P00757,8995.0,Posted,Paid,Vendor Bill
BILL/2026/00758,Rawabi Masar Trading (fictional),INV-3708,2026-10-10,P00758,31173.66,Posted,Paid,Vendor Bill
BILL/2026/00759,Najd Sahab Contracting (fictional),INV-4135,2026-10-02,P00759,13853.76,Posted,Paid,Vendor Bill
BILL/2026/00760,Buruj Dana Trading (fictional),INV-2406,2026-07-22,P00760,15925.68,Posted,Paid,Vendor Bill
BILL/2026/00761,Madar Jazeera Trading (fictional),INV-2096,2026-08-24,P00761,27503.84,Posted,Paid,Vendor Bill
BILL/2026/00762,Rimal Madar Contracting (fictional),INV-5726,2026-10-01,P00762,10423.95,Posted,Paid,Vendor Bill
BILL/2026/00763,Shams Madar Contracting (fictional),INV-5022,2026-09-20,P00763,8461.18,Posted,Paid,Vendor Bill
BILL/2026/00764,Shams Noor Trading (fictional),INV-1947,2026-07-23,P00764,28603.86,Posted,Paid,Vendor Bill
BILL/2026/00765,Bina Afaq Contracting (fictional),INV-3829,2026-08-01,P00765,25058.03,Posted,Paid,Vendor Bill
BILL/2026/00766,Madar Jazeera Trading (fictional),INV-2129,2026-08-10,P00766,9237.23,Posted,Paid,Vendor Bill
BILL/2026/00767,Rimal Madar Contracting (fictional),INV-5630,2026-10-07,P00767,27059.68,Posted,Paid,Vendor Bill
BILL/2026/00768,Bina Afaq Contracting (fictional),INV-3853,2026-08-13,P00768,38943.62,Posted,Paid,Vendor Bill
BILL/2026/00769,Shams Noor Trading (fictional),INV-1961,2026-09-29,P00769,19337.76,Posted,Paid,Vendor Bill
BILL/2026/00770,Taqa Noor Solutions (fictional),INV-3051,2026-09-04,P00770,11438.82,Posted,Paid,Vendor Bill
BILL/2026/00771,Rimal Madar Contracting (fictional),INV-5676,2026-08-02,P00771,27595.68,Posted,Paid,Vendor Bill
BILL/2026/00772,Rimal Madar Contracting (fictional),INV-4515,2026-08-23,P00772,16252.29,Posted,Paid,Vendor Bill
BILL/2026/00773,Bina Taqa Est. (fictional),INV-4852,2026-07-20,P00773,10455.51,Posted,Paid,Vendor Bill
BILL/2026/00774,Buruj Waha Supplies (fictional),INV-3283,2026-09-17,P00774,15763.42,Posted,Paid,Vendor Bill
BILL/2026/00775,Sahab Najd Solutions (fictional),INV-5275,2026-07-29,P00775,9937.83,Posted,Paid,Vendor Bill
BILL/2026/00776,Noor Masar Contracting (fictional),INV-2597,2026-09-14,P00776,9878.44,Posted,Paid,Vendor Bill
BILL/2026/00777,Rimal Madar Contracting (fictional),INV-3317,2026-08-26,P00777,18111.06,Posted,Paid,Vendor Bill
BILL/2026/00778,Rimal Madar Contracting (fictional),INV-2977,2026-10-07,P00778,32159.97,Posted,Paid,Vendor Bill
BILL/2026/00779,Sahab Najd Solutions (fictional),INV-5316,2026-07-20,P00779,17036.35,Posted,Paid,Vendor Bill
BILL/2026/00780,Rimal Madar Contracting (fictional),INV-4062,2026-09-02,P00780,17667.36,Posted,Paid,Vendor Bill
BILL/2026/00781,Sahab Sarh Est. (fictional),INV-5554,2026-07-08,P00781,25049.31,Posted,Paid,Vendor Bill
BILL/2026/00782,Shams Madar Contracting (fictional),INV-5077,2026-08-31,P00782,8793.12,Posted,Paid,Vendor Bill
BILL/2026/00783,Rimal Madar Contracting (fictional),INV-5765,2026-09-17,P00783,10803.24,Posted,Paid,Vendor Bill
BILL/2026/00784,Sarh Noor Services (fictional),INV-2355,2026-07-26,P00784,11992.95,Posted,Paid,Vendor Bill
BILL/2026/00785,Jazeera Noor Supplies (fictional),INV-4919,2026-07-29,P00785,37999.2,Posted,Paid,Vendor Bill
BILL/2026/00786,Dana Madar Est. (fictional),INV-5295,2026-09-08,P00786,27610.52,Posted,Paid,Vendor Bill
BILL/2026/00787,Wadi Dana Solutions (fictional),INV-5057,2026-09-28,P00787,31242.28,Posted,Paid,Vendor Bill
BILL/2026/00788,Noor Najd Trading (fictional),INV-2971,2026-07-12,P00788,9322.52,Posted,Paid,Vendor Bill
BILL/2026/00789,Bina Rawabi Est. (fictional),INV-1883,2026-08-29,P00789,3334.26,Posted,Paid,Vendor Bill
BILL/2026/00790,Bina Afaq Contracting (fictional),INV-3904,2026-08-18,P00790,10555.49,Posted,Paid,Vendor Bill
BILL/2026/00791,Shams Madar Contracting (fictional),INV-5088,2026-09-12,P00791,21171.5,Posted,Paid,Vendor Bill
BILL/2026/00792,Bina Afaq Contracting (fictional),INV-3952,2026-08-06,P00792,28529.4,Posted,Paid,Vendor Bill
BILL/2026/00793,Bina Sarh Est. (fictional),INV-1369,2026-09-07,P00793,12100.0,Posted,Paid,Vendor Bill
BILL/2026/00794,Rimal Madar Contracting (fictional),INV-4551,2026-10-10,P00794,20741.1,Posted,Paid,Vendor Bill
BILL/2026/00795,Sahab Sarh Est. (fictional),INV-5598,2026-08-13,P00795,11450.18,Posted,Paid,Vendor Bill
BILL/2026/00796,Rawabi Masar Trading (fictional),INV-3738,2026-08-27,P00796,22636.48,Posted,Paid,Vendor Bill
BILL/2026/00797,Jazeera Qimma Solutions (fictional),INV-4243,2026-08-30,P00797,30953.44,Posted,Paid,Vendor Bill
BILL/2026/00798,Najd Sahab Contracting (fictional),INV-4185,2026-08-18,P00798,26142.64,Posted,Paid,Vendor Bill
BILL/2026/00799,Najd Madar Supplies (fictional),INV-1862,2026-10-11,P00799,29652.35,Posted,Paid,Vendor Bill
BILL/2026/00800,Najd Madar Supplies (fictional),INV-1912,2026-08-31,P00800,21866.25,Posted,Paid,Vendor Bill
BILL/2026/00801,Taqa Sahab Services (fictional),INV-2642,2026-09-01,P00801,12121.4,Posted,Paid,Vendor Bill
BILL/2026/00802,Buruj Dana Trading (fictional),INV-2438,2026-08-13,P00802,22076.4,Posted,Paid,Vendor Bill
BILL/2026/00803,Buruj Dana Trading (fictional),INV-2457,2026-09-08,P00803,13560.6,Posted,Paid,Vendor Bill
BILL/2026/00804,Taqa Rimal Solutions (fictional),INV-5319,2026-09-12,P00804,20699.58,Posted,Paid,Vendor Bill
BILL/2026/00805,Waha Madar Est. (fictional),INV-4282,2026-09-02,P00805,8863.68,Posted,Paid,Vendor Bill
BILL/2026/00806,Taqa Sahab Services (fictional),INV-2695,2026-10-05,P00806,20346.13,Posted,Paid,Vendor Bill
BILL/2026/00807,Bina Afaq Contracting (fictional),INV-4004,2026-09-27,P00807,14243.28,Posted,Paid,Vendor Bill
BILL/2026/00808,Rimal Madar Contracting (fictional),INV-1907,2026-08-11,P00808,32223.35,Posted,Paid,Vendor Bill
BILL/2026/00809,Buruj Waha Supplies (fictional),INV-3328,2026-07-21,P00809,7510.32,Posted,Paid,Vendor Bill
BILL/2026/00810,Rawabi Masar Trading (fictional),INV-3768,2026-10-03,P00810,37460.71,Posted,Paid,Vendor Bill
BILL/2026/00811,Waha Madar Est. (fictional),INV-4292,2026-08-17,P00811,30633.17,Posted,Paid,Vendor Bill
BILL/2026/00812,Tamayuz Shams Solutions (fictional),INV-5459,2026-08-26,P00812,27900.6,Posted,Paid,Vendor Bill
BILL/2026/00813,Noor Masar Contracting (fictional),INV-2634,2026-07-12,P00813,4696.61,Posted,Paid,Vendor Bill
BILL/2026/00814,Najd Sahab Contracting (fictional),INV-4201,2026-07-30,P00814,34596.6,Posted,Paid,Vendor Bill
BILL/2026/00815,Rimal Madar Contracting (fictional),INV-3965,2026-08-28,P00815,25436.48,Posted,Paid,Vendor Bill
BILL/2026/00816,Taqa Rimal Solutions (fictional),INV-5345,2026-08-20,P00816,17125.56,Posted,Paid,Vendor Bill
BILL/2026/00817,Najd Madar Supplies (fictional),INV-1947,2026-08-09,P00817,13877.25,Posted,Paid,Vendor Bill
BILL/2026/00818,Nakheel Qimma Supplies (fictional),INV-5139,2026-09-01,P00818,3340.0,Posted,Paid,Vendor Bill
BILL/2026/00819,Buruj Dana Services (fictional),INV-2386,2026-09-06,P00819,34991.52,Posted,Paid,Vendor Bill
BILL/2026/00820,Qimma Waha Est. (fictional),INV-4743,2026-08-10,P00820,3959.91,Posted,Paid,Vendor Bill
BILL/2026/00821,Nakheel Qimma Supplies (fictional),INV-5146,2026-09-12,P00821,36514.6,Posted,Paid,Vendor Bill
BILL/2026/00822,Rimal Madar Contracting (fictional),INV-4091,2026-09-18,P00822,4383.68,Posted,Paid,Vendor Bill
BILL/2026/00823,Nakheel Najd Trading (fictional),INV-1582,2026-09-14,P00823,8601.56,Posted,Paid,Vendor Bill
BILL/2026/00824,Waha Taqa Services (fictional),INV-5284,2026-07-11,P00824,13299.24,Posted,Paid,Vendor Bill
BILL/2026/00825,Taqa Rimal Solutions (fictional),INV-5401,2026-08-23,P00825,25995.93,Posted,Paid,Vendor Bill
BILL/2026/00826,Qimma Waha Est. (fictional),INV-4762,2026-08-27,P00826,37219.0,Posted,Paid,Vendor Bill
BILL/2026/00827,Bina Afaq Contracting (fictional),INV-4045,2026-08-10,P00827,8317.53,Posted,Paid,Vendor Bill
BILL/2026/00828,Qimma Waha Est. (fictional),INV-4803,2026-09-25,P00828,7444.2,Posted,Paid,Vendor Bill
BILL/2026/00829,Madar Jazeera Trading (fictional),INV-2137,2026-10-02,P00829,8327.76,Posted,Paid,Vendor Bill
BILL/2026/00830,Dana Madar Est. (fictional),INV-5342,2026-10-16,P00830,22374.4,Posted,Paid,Vendor Bill
BILL/2026/00831,Rimal Madar Contracting (fictional),INV-4573,2026-08-05,P00831,16644.36,Posted,Paid,Vendor Bill
BILL/2026/00832,Rimal Madar Contracting (fictional),INV-4130,2026-08-17,P00832,4358.24,Posted,Paid,Vendor Bill
BILL/2026/00833,Qimma Waha Est. (fictional),INV-4860,2026-10-08,P00833,19488.36,Posted,Paid,Vendor Bill
BILL/2026/00834,Jazeera Noor Supplies (fictional),INV-4966,2026-09-11,P00834,27416.29,Posted,Paid,Vendor Bill
BILL/2026/00835,Rimal Sahab Supplies (fictional),INV-3237,2026-08-15,P00835,28250.04,Posted,Paid,Vendor Bill
BILL/2026/00836,Nakheel Najd Trading (fictional),INV-1601,2026-07-16,P00836,23441.4,Posted,Paid,Vendor Bill
BILL/2026/00837,Dana Rimal Trading (fictional),INV-2847,2026-09-11,P00837,30903.88,Posted,Paid,Vendor Bill
BILL/2026/00838,Taqa Shams Trading (fictional),INV-4404,2026-09-27,P00838,42193.69,Posted,Paid,Vendor Bill
BILL/2026/00839,Buruj Dana Services (fictional),INV-2420,2026-10-12,P00839,30843.04,Posted,Paid,Vendor Bill
BILL/2026/00840,Taqa Sahab Services (fictional),INV-2738,2026-07-22,P00840,30420.0,Posted,Paid,Vendor Bill
BILL/2026/00841,Shams Noor Trading (fictional),INV-2008,2026-07-27,P00841,8415.15,Posted,Paid,Vendor Bill
BILL/2026/00842,Shams Madar Contracting (fictional),INV-5144,2026-10-16,P00842,6549.68,Posted,Paid,Vendor Bill
BILL/2026/00843,Sahab Tamayuz Services (fictional),INV-2361,2026-09-20,P00843,5921.4,Posted,Paid,Vendor Bill
BILL/2026/00844,Taqa Noor Solutions (fictional),INV-3089,2026-09-03,P00844,21649.68,Posted,Paid,Vendor Bill
BILL/2026/00845,Madar Jazeera Trading (fictional),INV-2171,2026-07-25,P00845,8385.64,Posted,Paid,Vendor Bill
BILL/2026/00846,Jazeera Qimma Solutions (fictional),INV-4283,2026-07-16,P00846,24563.54,Posted,Paid,Vendor Bill
BILL/2026/00847,Jazeera Qimma Solutions (fictional),INV-4304,2026-07-09,P00847,19445.62,Posted,Paid,Vendor Bill
BILL/2026/00848,Rimal Qimma Services (fictional),INV-2630,2026-07-08,P00848,20122.24,Posted,Paid,Vendor Bill
BILL/2026/00849,Rimal Madar Contracting (fictional),INV-4606,2026-08-07,P00849,18627.57,Posted,Paid,Vendor Bill
BILL/2026/00850,Shams Madar Contracting (fictional),INV-5167,2026-10-01,P00850,8470.28,Posted,Paid,Vendor Bill
BILL/2026/00851,Sahab Najd Solutions (fictional),INV-5327,2026-08-09,P00851,23299.01,Posted,Paid,Vendor Bill
BILL/2026/00852,Najd Madar Supplies (fictional),INV-1970,2026-09-07,P00852,2799.28,Posted,Paid,Vendor Bill
BILL/2026/00853,Najd Madar Supplies (fictional),INV-1984,2026-08-11,P00853,7649.7,Posted,Paid,Vendor Bill
BILL/2026/00854,Rimal Madar Contracting (fictional),INV-3978,2026-08-13,P00854,14186.08,Posted,Paid,Vendor Bill
BILL/2026/00855,Najd Madar Supplies (fictional),INV-2023,2026-08-25,P00855,6240.6,Posted,Paid,Vendor Bill
BILL/2026/00856,Rawabi Masar Trading (fictional),INV-3779,2026-09-30,P00856,27776.47,Posted,Paid,Vendor Bill
BILL/2026/00857,Waha Taqa Services (fictional),INV-5332,2026-10-06,P00857,9209.3,Posted,Paid,Vendor Bill
BILL/2026/00858,Taqa Shams Trading (fictional),INV-4442,2026-09-15,P00858,39379.5,Posted,Paid,Vendor Bill
BILL/2026/00859,Shams Madar Contracting (fictional),INV-5205,2026-08-30,P00859,24341.28,Posted,Paid,Vendor Bill
BILL/2026/00860,Buruj Dana Trading (fictional),INV-2490,2026-08-11,P00860,41442.94,Posted,Paid,Vendor Bill
BILL/2026/00861,Qimma Waha Est. (fictional),INV-4886,2026-08-23,P00861,8305.22,Posted,Paid,Vendor Bill
BILL/2026/00862,Waha Taqa Services (fictional),INV-5384,2026-10-05,P00862,5553.9,Posted,Paid,Vendor Bill
BILL/2026/00863,Nakheel Qimma Supplies (fictional),INV-5193,2026-07-30,P00863,12501.72,Posted,Paid,Vendor Bill
BILL/2026/00864,Dana Madar Est. (fictional),INV-5383,2026-09-29,P00864,27317.84,Posted,Paid,Vendor Bill
BILL/2026/00865,Buruj Noor Solutions (fictional),INV-5514,2026-07-26,P00865,26670.93,Posted,Paid,Vendor Bill
BILL/2026/00866,Najd Sahab Contracting (fictional),INV-4215,2026-07-09,P00866,15583.77,Posted,Paid,Vendor Bill
BILL/2026/00867,Taqa Shams Trading (fictional),INV-4457,2026-09-30,P00867,40305.2,Posted,Paid,Vendor Bill
BILL/2026/00868,Rawabi Masar Trading (fictional),INV-3823,2026-08-26,P00868,30281.4,Posted,Paid,Vendor Bill
BILL/2026/00869,Sahab Najd Solutions (fictional),INV-5358,2026-08-28,P00869,8888.04,Posted,Paid,Vendor Bill
BILL/2026/00870,Rimal Madar Contracting (fictional),INV-4659,2026-07-23,P00870,31627.12,Posted,Paid,Vendor Bill
BILL/2026/00871,Taqa Sahab Services (fictional),INV-2770,2026-09-16,P00871,4765.78,Posted,Paid,Vendor Bill
BILL/2026/00872,Wadi Dana Solutions (fictional),INV-5106,2026-08-15,P00872,6406.64,Posted,Paid,Vendor Bill
BILL/2026/00873,Sahab Tamayuz Services (fictional),INV-2382,2026-09-01,P00873,4430.8,Posted,Paid,Vendor Bill
BILL/2026/00874,Waha Madar Est. (fictional),INV-4341,2026-10-03,P00874,19522.58,Posted,Paid,Vendor Bill
BILL/2026/00875,Noor Najd Trading (fictional),INV-3012,2026-09-23,P00875,18223.92,Posted,Paid,Vendor Bill
BILL/2026/00876,Najd Najd Contracting (fictional),INV-3345,2026-10-02,P00876,21242.26,Posted,Paid,Vendor Bill
BILL/2026/00877,Wadi Dana Solutions (fictional),INV-5154,2026-10-03,P00877,33894.98,Posted,Paid,Vendor Bill
BILL/2026/00878,Shams Madar Contracting (fictional),INV-5239,2026-08-27,P00878,28783.36,Posted,Paid,Vendor Bill
BILL/2026/00879,Rimal Madar Contracting (fictional),INV-5034,2026-10-15,P00879,2304.57,Posted,Paid,Vendor Bill
BILL/2026/00880,Sahab Tamayuz Services (fictional),INV-2413,2026-09-15,P00880,35720.16,Posted,Paid,Vendor Bill
BILL/2026/00881,Jazeera Noor Supplies (fictional),INV-5020,2026-09-23,P00881,7416.96,Posted,Paid,Vendor Bill
BILL/2026/00882,Sarh Noor Services (fictional),INV-2380,2026-09-26,P00882,4367.94,Posted,Paid,Vendor Bill
BILL/2026/00883,Rimal Qimma Services (fictional),INV-2655,2026-08-12,P00883,5293.8,Posted,Paid,Vendor Bill
BILL/2026/00884,Waha Taqa Services (fictional),INV-5425,2026-10-12,P00884,16727.32,Posted,Paid,Vendor Bill
BILL/2026/00885,Noor Masar Contracting (fictional),INV-2651,2026-09-08,P00885,1165.68,Posted,Paid,Vendor Bill
BILL/2026/00886,Qimma Waha Est. (fictional),INV-4923,2026-09-28,P00886,10888.83,Posted,Paid,Vendor Bill
BILL/2026/00887,Masar Wadi Services (fictional),INV-2719,2026-08-15,P00887,7872.12,Posted,Paid,Vendor Bill
BILL/2026/00888,Buruj Dana Trading (fictional),INV-2516,2026-08-05,P00888,20817.54,Posted,Paid,Vendor Bill
BILL/2026/00889,Bina Rawabi Est. (fictional),INV-1908,2026-09-23,P00889,29013.72,Posted,Paid,Vendor Bill
BILL/2026/00890,Shams Madar Contracting (fictional),INV-5285,2026-09-10,P00890,1638.86,Posted,Paid,Vendor Bill
BILL/2026/00891,Taqa Rimal Solutions (fictional),INV-5457,2026-09-30,P00891,18552.84,Posted,Paid,Vendor Bill
BILL/2026/00892,Buruj Waha Supplies (fictional),INV-3339,2026-08-13,P00892,34527.95,Posted,Paid,Vendor Bill
BILL/2026/00893,Taqa Noor Solutions (fictional),INV-3142,2026-07-26,P00893,31826.16,Posted,Paid,Vendor Bill
BILL/2026/00894,Sahab Sarh Est. (fictional),INV-5617,2026-08-08,P00894,32993.9,Posted,Paid,Vendor Bill
BILL/2026/00895,Shams Noor Trading (fictional),INV-2045,2026-09-11,P00895,17859.52,Posted,Paid,Vendor Bill
BILL/2026/00896,Jazeera Noor Supplies (fictional),INV-5040,2026-08-15,P00896,25020.14,Posted,Paid,Vendor Bill
BILL/2026/00897,Nakheel Qimma Supplies (fictional),INV-5227,2026-09-23,P00897,14176.97,Posted,Paid,Vendor Bill
BILL/2026/00898,Rimal Qimma Services (fictional),INV-2713,2026-08-09,P00898,34578.47,Posted,Paid,Vendor Bill
BILL/2026/00899,Waha Taqa Services (fictional),INV-5458,2026-10-18,P00899,18877.2,Posted,Paid,Vendor Bill
BILL/2026/00900,Wadi Dana Solutions (fictional),INV-5184,2026-08-08,P00900,2778.78,Posted,Paid,Vendor Bill
BILL/2026/00901,Sarh Rimal Trading (fictional),INV-2116,2026-08-28,P00901,7682.47,Posted,Paid,Vendor Bill
BILL/2026/00902,Rimal Madar Contracting (fictional),INV-3994,2026-07-10,P00902,1761.51,Posted,Paid,Vendor Bill
BILL/2026/00903,Rimal Madar Contracting (fictional),INV-4167,2026-07-26,P00903,22815.32,Posted,Paid,Vendor Bill
BILL/2026/00904,Najd Najd Contracting (fictional),INV-3376,2026-07-22,P00904,19464.27,Posted,Paid,Vendor Bill
BILL/2026/00905,Sarh Rimal Trading (fictional),INV-2126,2026-10-02,P00905,22220.52,Posted,Paid,Vendor Bill
BILL/2026/00906,Dana Rimal Trading (fictional),INV-2881,2026-08-09,P00906,12109.46,Posted,Paid,Vendor Bill
BILL/2026/00907,Buruj Waha Supplies (fictional),INV-3356,2026-08-08,P00907,9865.22,Posted,Paid,Vendor Bill
BILL/2026/00908,Masar Wadi Services (fictional),INV-2747,2026-08-29,P00908,20693.33,Posted,Paid,Vendor Bill
BILL/2026/00909,Sarh Rimal Trading (fictional),INV-2153,2026-07-28,P00909,12520.2,Posted,Paid,Vendor Bill
BILL/2026/00910,Qimma Waha Est. (fictional),INV-4973,2026-09-05,P00910,10818.75,Posted,Paid,Vendor Bill
BILL/2026/00911,Rimal Madar Contracting (fictional),INV-4017,2026-07-27,P00911,32453.14,Posted,Paid,Vendor Bill
BILL/2026/00912,Taqa Noor Solutions (fictional),INV-3161,2026-09-30,P00912,39156.92,Posted,Paid,Vendor Bill
BILL/2026/00913,Rimal Madar Contracting (fictional),INV-5805,2026-08-24,P00913,31977.36,Posted,Paid,Vendor Bill
BILL/2026/00914,Madar Jazeera Trading (fictional),INV-2194,2026-10-16,P00914,10214.25,Posted,Paid,Vendor Bill
BILL/2026/00915,Qimma Waha Est. (fictional),INV-5005,2026-09-07,P00915,8278.9,Posted,Paid,Vendor Bill
BILL/2026/00916,Buruj Dana Trading (fictional),INV-2524,2026-10-08,P00916,4861.64,Posted,Paid,Vendor Bill
BILL/2026/00917,Madar Jazeera Trading (fictional),INV-2216,2026-07-20,P00917,4756.72,Posted,Paid,Vendor Bill
BILL/2026/00918,Dana Rimal Trading (fictional),INV-2895,2026-08-09,P00918,7294.3,Posted,Paid,Vendor Bill
BILL/2026/00919,Taqa Rimal Solutions (fictional),INV-5487,2026-07-30,P00919,4610.4,Posted,Paid,Vendor Bill
BILL/2026/00920,Tamayuz Jazeera Trading (fictional),INV-1509,2026-09-26,P00920,18647.3,Posted,Paid,Vendor Bill
BILL/2026/00921,Buruj Noor Solutions (fictional),INV-5536,2026-08-18,P00921,28360.8,Posted,Paid,Vendor Bill
BILL/2026/00922,Madar Jazeera Trading (fictional),INV-2255,2026-09-20,P00922,27866.74,Posted,Paid,Vendor Bill
BILL/2026/00923,Buruj Noor Solutions (fictional),INV-5581,2026-07-26,P00923,2690.16,Posted,Paid,Vendor Bill
BILL/2026/00924,Rimal Madar Contracting (fictional),INV-4073,2026-08-05,P00924,31304.7,Posted,Paid,Vendor Bill
BILL/2026/00925,Qimma Waha Est. (fictional),INV-5036,2026-07-21,P00925,13616.64,Posted,Paid,Vendor Bill
BILL/2026/00926,Tamayuz Bina Trading (fictional),INV-1862,2026-10-12,P00926,32607.64,Posted,Paid,Vendor Bill
BILL/2026/00927,Noor Najd Trading (fictional),INV-3044,2026-08-27,P00927,10288.59,Posted,Paid,Vendor Bill
BILL/2026/00928,Nakheel Qimma Supplies (fictional),INV-5278,2026-07-24,P00928,2491.17,Posted,Paid,Vendor Bill
BILL/2026/00929,Wadi Dana Solutions (fictional),INV-5193,2026-10-03,P00929,20200.32,Posted,Paid,Vendor Bill
BILL/2026/00930,Jazeera Qimma Solutions (fictional),INV-4361,2026-09-17,P00930,8537.74,Posted,Paid,Vendor Bill
BILL/2026/00931,Shams Noor Trading (fictional),INV-2088,2026-08-11,P00931,28551.84,Posted,Paid,Vendor Bill
BILL/2026/00932,Waha Madar Est. (fictional),INV-4374,2026-07-30,P00932,36981.62,Posted,Paid,Vendor Bill
BILL/2026/00933,Taqa Sahab Services (fictional),INV-2819,2026-07-17,P00933,37916.19,Posted,Paid,Vendor Bill
BILL/2026/00934,Waha Taqa Services (fictional),INV-5494,2026-08-26,P00934,32742.09,Posted,Paid,Vendor Bill
BILL/2026/00935,Tamayuz Bina Trading (fictional),INV-1880,2026-09-11,P00935,29285.93,Posted,Paid,Vendor Bill
BILL/2026/00936,Rimal Sahab Supplies (fictional),INV-3294,2026-07-24,P00936,2835.42,Posted,Paid,Vendor Bill
BILL/2026/00937,Najd Madar Supplies (fictional),INV-2058,2026-10-09,P00937,12375.0,Posted,Paid,Vendor Bill
BILL/2026/00938,Bina Sarh Est. (fictional),INV-1396,2026-09-06,P00938,16460.56,Posted,Paid,Vendor Bill
BILL/2026/00939,Tamayuz Shams Solutions (fictional),INV-5468,2026-10-04,P00939,12197.57,Posted,Paid,Vendor Bill
BILL/2026/00940,Najd Sahab Contracting (fictional),INV-4243,2026-07-14,P00940,20680.17,Posted,Paid,Vendor Bill
BILL/2026/00941,Buruj Dana Trading (fictional),INV-2538,2026-07-28,P00941,2230.14,Posted,Paid,Vendor Bill
BILL/2026/00942,Rimal Madar Contracting (fictional),INV-5069,2026-08-04,P00942,8371.44,Posted,Paid,Vendor Bill
BILL/2026/00943,Bina Rawabi Est. (fictional),INV-1923,2026-09-25,P00943,8842.62,Posted,Paid,Vendor Bill
BILL/2026/00944,Noor Najd Trading (fictional),INV-3057,2026-08-15,P00944,5028.4,Posted,Paid,Vendor Bill
BILL/2026/00945,Jazeera Qimma Solutions (fictional),INV-4372,2026-08-10,P00945,9673.28,Posted,Paid,Vendor Bill
BILL/2026/00946,Nakheel Najd Trading (fictional),INV-1658,2026-09-27,P00946,33739.44,Posted,Paid,Vendor Bill
BILL/2026/00947,Buruj Waha Supplies (fictional),INV-3406,2026-07-24,P00947,4798.26,Posted,Paid,Vendor Bill
BILL/2026/00948,Qimma Waha Est. (fictional),INV-5069,2026-07-25,P00948,31123.04,Posted,Paid,Vendor Bill
BILL/2026/00949,Rimal Madar Contracting (fictional),INV-4718,2026-07-18,P00949,38229.84,Posted,Paid,Vendor Bill
BILL/2026/00950,Shams Bina Solutions (fictional),INV-2016,2026-08-13,P00950,14075.01,Posted,Paid,Vendor Bill
BILL/2026/00951,Sarh Noor Services (fictional),INV-2423,2026-08-02,P00951,19893.13,Posted,Paid,Vendor Bill
BILL/2026/00952,Sahab Tamayuz Services (fictional),INV-2467,2026-09-26,P00952,35814.18,Posted,Paid,Vendor Bill
BILL/2026/00953,Rimal Madar Contracting (fictional),INV-5849,2026-08-31,P00953,26323.31,Posted,Paid,Vendor Bill
BILL/2026/00954,Rimal Madar Contracting (fictional),INV-4181,2026-07-19,P00954,27136.2,Posted,Paid,Vendor Bill
BILL/2026/00955,Sarh Noor Services (fictional),INV-2460,2026-08-24,P00955,25931.92,Posted,Paid,Vendor Bill
BILL/2026/00956,Qimma Waha Est. (fictional),INV-5084,2026-10-11,P00956,9454.56,Posted,Paid,Vendor Bill
BILL/2026/00957,Rimal Madar Contracting (fictional),INV-5700,2026-08-07,P00957,13510.52,Posted,Paid,Vendor Bill
BILL/2026/00958,Shams Bina Solutions (fictional),INV-2037,2026-07-24,P00958,25554.15,Posted,Paid,Vendor Bill
BILL/2026/00959,Shams Bina Solutions (fictional),INV-2096,2026-07-17,P00959,15020.4,Posted,Paid,Vendor Bill
BILL/2026/00960,Rimal Madar Contracting (fictional),INV-3330,2026-08-03,P00960,25801.65,Posted,Paid,Vendor Bill
BILL/2026/00961,Qimma Waha Est. (fictional),INV-5133,2026-08-21,P00961,9332.4,Posted,Paid,Vendor Bill
BILL/2026/00962,Rimal Madar Contracting (fictional),INV-4090,2026-10-20,P00962,4292.82,Posted,Paid,Vendor Bill
BILL/2026/00963,Bina Sarh Est. (fictional),INV-1405,2026-10-02,P00963,24238.4,Posted,Paid,Vendor Bill
BILL/2026/00964,Taqa Sahab Services (fictional),INV-2835,2026-10-11,P00964,3021.91,Posted,Paid,Vendor Bill
BILL/2026/00965,Jazeera Qimma Solutions (fictional),INV-4410,2026-08-18,P00965,33037.47,Posted,Paid,Vendor Bill
BILL/2026/00966,Rawabi Masar Trading (fictional),INV-3833,2026-08-10,P00966,14678.61,Posted,Paid,Vendor Bill
BILL/2026/00967,Dana Rimal Trading (fictional),INV-2932,2026-09-15,P00967,35079.39,Posted,Paid,Vendor Bill
BILL/2026/00968,Jazeera Noor Supplies (fictional),INV-5099,2026-09-16,P00968,6000.3,Posted,Paid,Vendor Bill
BILL/2026/00969,Rimal Madar Contracting (fictional),INV-1965,2026-09-10,P00969,29047.0,Posted,Paid,Vendor Bill
BILL/2026/00970,Dana Madar Est. (fictional),INV-5425,2026-07-24,P00970,11689.86,Posted,Paid,Vendor Bill
BILL/2026/00971,Shams Madar Contracting (fictional),INV-5318,2026-10-04,P00971,14997.6,Posted,Paid,Vendor Bill
BILL/2026/00972,Qimma Waha Est. (fictional),INV-5145,2026-10-02,P00972,9333.41,Posted,Paid,Vendor Bill
BILL/2026/00973,Rimal Madar Contracting (fictional),INV-5751,2026-08-07,P00973,15064.96,Posted,Paid,Vendor Bill
BILL/2026/00974,Tamayuz Jazeera Trading (fictional),INV-1516,2026-08-09,P00974,18527.8,Posted,Paid,Vendor Bill
BILL/2026/00975,Madar Jazeera Trading (fictional),INV-2312,2026-09-19,P00975,21443.94,Posted,Paid,Vendor Bill
BILL/2026/00976,Nakheel Sarh Solutions (fictional),INV-5337,2026-08-16,P00976,4090.65,Posted,Paid,Vendor Bill
BILL/2026/00977,Rawabi Masar Trading (fictional),INV-3844,2026-09-08,P00977,18866.33,Posted,Paid,Vendor Bill
BILL/2026/00978,Nakheel Qimma Supplies (fictional),INV-5330,2026-08-31,P00978,25174.62,Posted,Paid,Vendor Bill
BILL/2026/00979,Wadi Dana Solutions (fictional),INV-5201,2026-09-13,P00979,17612.1,Posted,Paid,Vendor Bill
BILL/2026/00980,Waha Taqa Services (fictional),INV-5514,2026-08-25,P00980,14413.1,Posted,Paid,Vendor Bill
BILL/2026/00981,Dana Rimal Trading (fictional),INV-2990,2026-09-06,P00981,11424.36,Posted,Paid,Vendor Bill
BILL/2026/00982,Dana Rimal Trading (fictional),INV-3026,2026-07-30,P00982,30259.0,Posted,Paid,Vendor Bill
BILL/2026/00983,Bina Taqa Est. (fictional),INV-4894,2026-09-19,P00983,31031.32,Posted,Paid,Vendor Bill
BILL/2026/00984,Sarh Noor Services (fictional),INV-2478,2026-08-14,P00984,10714.8,Posted,Paid,Vendor Bill
BILL/2026/00985,Shams Madar Contracting (fictional),INV-5350,2026-09-14,P00985,31105.81,Posted,Paid,Vendor Bill
BILL/2026/00986,Nakheel Sarh Solutions (fictional),INV-5356,2026-08-09,P00986,4201.25,Posted,Paid,Vendor Bill
BILL/2026/00987,Rimal Madar Contracting (fictional),INV-5117,2026-10-20,P00987,6630.92,Posted,Paid,Vendor Bill
BILL/2026/00988,Nakheel Sarh Solutions (fictional),INV-5392,2026-09-05,P00988,12646.7,Posted,Paid,Vendor Bill
BILL/2026/00989,Rimal Madar Contracting (fictional),INV-3342,2026-08-13,P00989,3736.72,Posted,Paid,Vendor Bill
BILL/2026/00990,Dana Rimal Trading (fictional),INV-3084,2026-07-09,P00990,29854.44,Posted,Paid,Vendor Bill
BILL/2026/00991,Rawabi Masar Trading (fictional),INV-3863,2026-07-31,P00991,19371.84,Posted,Paid,Vendor Bill
BILL/2026/00992,Sahab Sarh Est. (fictional),INV-5673,2026-07-30,P00992,41407.32,Posted,Paid,Vendor Bill
BILL/2026/00993,Dana Madar Est. (fictional),INV-5478,2026-09-22,P00993,20953.24,Posted,Paid,Vendor Bill
BILL/2026/00994,Sarh Rimal Trading (fictional),INV-2201,2026-09-17,P00994,36285.04,Posted,Paid,Vendor Bill
BILL/2026/00995,Dana Rimal Trading (fictional),INV-3098,2026-09-16,P00995,7883.6,Posted,Paid,Vendor Bill
BILL/2026/00996,Dana Rimal Trading (fictional),INV-3147,2026-09-07,P00996,19314.04,Posted,Paid,Vendor Bill
BILL/2026/00997,Rimal Madar Contracting (fictional),INV-5156,2026-07-17,P00997,27789.0,Posted,Paid,Vendor Bill
BILL/2026/00998,Jazeera Noor Supplies (fictional),INV-5120,2026-09-16,P00998,27402.32,Posted,Paid,Vendor Bill
BILL/2026/00999,Madar Jazeera Trading (fictional),INV-2363,2026-10-12,P00999,8470.77,Posted,Paid,Vendor Bill
BILL/2026/01000,Rawabi Masar Trading (fictional),INV-3917,2026-09-30,P01000,11650.83,Posted,Paid,Vendor Bill
BILL/2026/01001,Wadi Dana Solutions (fictional),INV-5258,2026-09-22,P01001,22307.34,Posted,Paid,Vendor Bill
BILL/2026/01002,Wadi Dana Solutions (fictional),INV-5298,2026-07-12,P01002,31737.11,Posted,Paid,Vendor Bill
BILL/2026/01003,Nakheel Najd Trading (fictional),INV-1718,2026-09-03,P01003,8725.68,Posted,Paid,Vendor Bill
BILL/2026/01004,Rimal Madar Contracting (fictional),INV-4114,2026-09-27,P01004,17638.4,Posted,Paid,Vendor Bill
BILL/2026/01005,Waha Taqa Services (fictional),INV-5564,2026-10-17,P01005,16254.48,Posted,Paid,Vendor Bill
BILL/2026/01006,Bina Rawabi Est. (fictional),INV-1968,2026-09-17,P01006,26936.14,Posted,Paid,Vendor Bill
BILL/2026/01007,Sarh Rimal Trading (fictional),INV-2238,2026-09-17,P01007,27293.4,Posted,Paid,Vendor Bill
BILL/2026/01008,Nakheel Najd Trading (fictional),INV-1771,2026-08-14,P01008,19539.1,Posted,Paid,Vendor Bill
BILL/2026/01009,Rimal Madar Contracting (fictional),INV-3000,2026-08-25,P01009,38573.25,Posted,Paid,Vendor Bill
BILL/2026/01010,Rimal Madar Contracting (fictional),INV-5210,2026-09-11,P01010,19141.67,Posted,Paid,Vendor Bill
BILL/2026/01011,Rawabi Masar Trading (fictional),INV-3953,2026-08-21,P01011,17565.84,Posted,Paid,Vendor Bill
BILL/2026/01012,Waha Madar Est. (fictional),INV-4385,2026-09-23,P01012,27509.0,Posted,Paid,Vendor Bill
BILL/2026/01013,Buruj Dana Services (fictional),INV-2444,2026-08-20,P01013,1065.73,Posted,Paid,Vendor Bill
BILL/2026/01014,Rimal Sahab Supplies (fictional),INV-3328,2026-07-25,P01014,16766.55,Posted,Paid,Vendor Bill
BILL/2026/01015,Sahab Tamayuz Services (fictional),INV-2526,2026-08-22,P01015,5766.54,Posted,Paid,Vendor Bill
BILL/2026/01016,Rawabi Masar Trading (fictional),INV-3983,2026-08-03,P01016,5027.58,Posted,Paid,Vendor Bill
BILL/2026/01017,Taqa Shams Trading (fictional),INV-4467,2026-09-07,P01017,13681.14,Posted,Paid,Vendor Bill
BILL/2026/01018,Waha Madar Est. (fictional),INV-4420,2026-08-23,P01018,16417.6,Posted,Paid,Vendor Bill
BILL/2026/01019,Rimal Madar Contracting (fictional),INV-3375,2026-08-24,P01019,24186.55,Posted,Paid,Vendor Bill
BILL/2026/01020,Tamayuz Shams Solutions (fictional),INV-5499,2026-07-27,P01020,27946.24,Posted,Paid,Vendor Bill
BILL/2026/01021,Rimal Madar Contracting (fictional),INV-1982,2026-08-31,P01021,24870.04,Posted,Paid,Vendor Bill
BILL/2026/01022,Dana Madar Est. (fictional),INV-5511,2026-08-25,P01022,4401.48,Posted,Paid,Vendor Bill
BILL/2026/01023,Nakheel Qimma Supplies (fictional),INV-5350,2026-07-21,P01023,20772.45,Posted,Paid,Vendor Bill
BILL/2026/01024,Rimal Madar Contracting (fictional),INV-5762,2026-08-01,P01024,11940.39,Posted,Paid,Vendor Bill
BILL/2026/01025,Dana Rimal Trading (fictional),INV-3207,2026-08-18,P01025,4372.32,Posted,Paid,Vendor Bill
BILL/2026/01026,Madar Jazeera Trading (fictional),INV-2404,2026-09-11,P01026,9636.0,Posted,Paid,Vendor Bill
BILL/2026/01027,Rimal Madar Contracting (fictional),INV-3056,2026-09-02,P01027,33870.54,Posted,Paid,Vendor Bill
BILL/2026/01028,Waha Taqa Services (fictional),INV-5580,2026-10-17,P01028,21171.32,Posted,Paid,Vendor Bill
BILL/2026/01029,Taqa Rimal Solutions (fictional),INV-5529,2026-09-17,P01029,26273.5,Posted,Paid,Vendor Bill
BILL/2026/01030,Sahab Tamayuz Services (fictional),INV-2541,2026-07-29,P01030,39834.08,Posted,Paid,Vendor Bill
BILL/2026/01031,Sarh Qimma Services (fictional),INV-2136,2026-09-12,P01031,12551.7,Posted,Paid,Vendor Bill
BILL/2026/01032,Shams Madar Contracting (fictional),INV-5357,2026-07-30,P01032,4641.12,Posted,Paid,Vendor Bill
BILL/2026/01033,Masar Wadi Services (fictional),INV-2793,2026-10-16,P01033,22271.68,Posted,Paid,Vendor Bill
BILL/2026/01034,Buruj Waha Supplies (fictional),INV-3453,2026-08-19,P01034,19547.84,Posted,Paid,Vendor Bill
BILL/2026/01035,Taqa Rimal Solutions (fictional),INV-5541,2026-10-08,P01035,5891.1,Posted,Paid,Vendor Bill
BILL/2026/01036,Nakheel Sarh Solutions (fictional),INV-5409,2026-09-04,P01036,6622.44,Posted,Paid,Vendor Bill
BILL/2026/01037,Qimma Waha Est. (fictional),INV-5182,2026-07-28,P01037,12807.12,Posted,Paid,Vendor Bill
BILL/2026/01038,Nakheel Najd Trading (fictional),INV-1790,2026-07-10,P01038,4214.28,Posted,Paid,Vendor Bill
BILL/2026/01039,Sarh Qimma Services (fictional),INV-2171,2026-07-15,P01039,34454.76,Posted,Paid,Vendor Bill
BILL/2026/01040,Taqa Rimal Solutions (fictional),INV-5561,2026-08-27,P01040,11446.17,Posted,Paid,Vendor Bill
BILL/2026/01041,Sahab Tamayuz Services (fictional),INV-2549,2026-08-17,P01041,27567.59,Posted,Paid,Vendor Bill
BILL/2026/01042,Bina Taqa Est. (fictional),INV-4909,2026-07-14,P01042,27721.2,Posted,Paid,Vendor Bill
BILL/2026/01043,Taqa Rimal Solutions (fictional),INV-5591,2026-09-02,P01043,8857.89,Posted,Paid,Vendor Bill
BILL/2026/01044,Jazeera Qimma Solutions (fictional),INV-4468,2026-09-04,P01044,4639.59,Posted,Paid,Vendor Bill
BILL/2026/01045,Waha Madar Est. (fictional),INV-4438,2026-08-21,P01045,17126.34,Posted,Paid,Vendor Bill
BILL/2026/01046,Noor Masar Contracting (fictional),INV-2681,2026-07-27,P01046,21731.7,Posted,Paid,Vendor Bill
BILL/2026/01047,Rimal Madar Contracting (fictional),INV-4765,2026-10-11,P01047,15363.2,Posted,Paid,Vendor Bill
BILL/2026/01048,Buruj Dana Services (fictional),INV-2480,2026-09-26,P01048,4409.89,Posted,Paid,Vendor Bill
BILL/2026/01049,Taqa Shams Trading (fictional),INV-4488,2026-07-27,P01049,2196.8,Posted,Paid,Vendor Bill
BILL/2026/01050,Najd Sahab Contracting (fictional),INV-4264,2026-09-01,P01050,25614.98,Posted,Paid,Vendor Bill
BILL/2026/01051,Rimal Madar Contracting (fictional),INV-5862,2026-07-27,P01051,30713.06,Posted,Paid,Vendor Bill
BILL/2026/01052,Rimal Madar Contracting (fictional),INV-4795,2026-08-28,P01052,29248.24,Posted,Paid,Vendor Bill
BILL/2026/01053,Rimal Sahab Supplies (fictional),INV-3343,2026-09-23,P01053,34814.4,Posted,Paid,Vendor Bill
BILL/2026/01054,Taqa Sahab Services (fictional),INV-2876,2026-08-09,P01054,29216.6,Posted,Paid,Vendor Bill
BILL/2026/01055,Dana Rimal Trading (fictional),INV-3235,2026-10-05,P01055,3857.63,Posted,Paid,Vendor Bill
BILL/2026/01056,Rimal Madar Contracting (fictional),INV-3387,2026-08-17,P01056,23175.36,Posted,Paid,Vendor Bill
BILL/2026/01057,Sarh Qimma Services (fictional),INV-2180,2026-09-05,P01057,19325.46,Posted,Paid,Vendor Bill
BILL/2026/01058,Jazeera Noor Supplies (fictional),INV-5165,2026-08-31,P01058,17878.12,Posted,Paid,Vendor Bill
BILL/2026/01059,Rawabi Masar Trading (fictional),INV-3993,2026-09-06,P01059,15873.86,Posted,Paid,Vendor Bill
BILL/2026/01060,Tamayuz Jazeera Trading (fictional),INV-1524,2026-10-01,P01060,15139.84,Posted,Paid,Vendor Bill
BILL/2026/01061,Sahab Tamayuz Services (fictional),INV-2568,2026-08-20,P01061,29559.3,Posted,Paid,Vendor Bill
BILL/2026/01062,Nakheel Qimma Supplies (fictional),INV-5372,2026-09-17,P01062,3692.8,Posted,Paid,Vendor Bill
BILL/2026/01063,Rimal Madar Contracting (fictional),INV-2016,2026-09-29,P01063,19440.27,Posted,Paid,Vendor Bill
BILL/2026/01064,Shams Bina Solutions (fictional),INV-2114,2026-08-08,P01064,28183.68,Posted,Paid,Vendor Bill
BILL/2026/01065,Noor Najd Trading (fictional),INV-3116,2026-08-30,P01065,12900.16,Posted,Paid,Vendor Bill
BILL/2026/01066,Waha Madar Est. (fictional),INV-4484,2026-08-23,P01066,20232.68,Posted,Paid,Vendor Bill
BILL/2026/01067,Nakheel Najd Trading (fictional),INV-1835,2026-07-26,P01067,16582.23,Posted,Paid,Vendor Bill
BILL/2026/01068,Shams Noor Trading (fictional),INV-2137,2026-09-20,P01068,31193.62,Posted,Paid,Vendor Bill
BILL/2026/01069,Rawabi Masar Trading (fictional),INV-4005,2026-07-16,P01069,3189.41,Posted,Paid,Vendor Bill
BILL/2026/01070,Qimma Waha Est. (fictional),INV-5233,2026-09-20,P01070,7162.38,Posted,Paid,Vendor Bill
BILL/2026/01071,Taqa Shams Trading (fictional),INV-4498,2026-09-22,P01071,13239.95,Posted,Paid,Vendor Bill
BILL/2026/01072,Sarh Qimma Services (fictional),INV-2230,2026-09-26,P01072,13165.71,Posted,Paid,Vendor Bill
BILL/2026/01073,Rimal Madar Contracting (fictional),INV-4804,2026-09-29,P01073,10853.8,Posted,Paid,Vendor Bill
BILL/2026/01074,Sahab Tamayuz Services (fictional),INV-2598,2026-09-07,P01074,33354.96,Posted,Paid,Vendor Bill
BILL/2026/01075,Madar Jazeera Trading (fictional),INV-2446,2026-07-18,P01075,11932.31,Posted,Paid,Vendor Bill
BILL/2026/01076,Bina Sarh Est. (fictional),INV-1457,2026-10-03,P01076,4933.83,Posted,Paid,Vendor Bill
BILL/2026/01077,Tamayuz Shams Solutions (fictional),INV-5520,2026-07-18,P01077,36475.4,Posted,Paid,Vendor Bill
BILL/2026/01078,Sahab Tamayuz Services (fictional),INV-2651,2026-07-30,P01078,27182.76,Posted,Paid,Vendor Bill
BILL/2026/01079,Jazeera Noor Supplies (fictional),INV-5192,2026-09-04,P01079,17452.0,Posted,Paid,Vendor Bill
BILL/2026/01080,Taqa Shams Trading (fictional),INV-4515,2026-07-15,P01080,33118.4,Posted,Paid,Vendor Bill
BILL/2026/01081,Rimal Madar Contracting (fictional),INV-4859,2026-09-09,P01081,1326.51,Posted,Paid,Vendor Bill
BILL/2026/01082,Tamayuz Bina Trading (fictional),INV-1918,2026-07-27,P01082,30803.74,Posted,Paid,Vendor Bill
BILL/2026/01083,Rimal Madar Contracting (fictional),INV-3081,2026-10-02,P01083,23080.32,Posted,Paid,Vendor Bill
BILL/2026/01084,Bina Taqa Est. (fictional),INV-4931,2026-08-06,P01084,16844.85,Posted,Paid,Vendor Bill
BILL/2026/01085,Najd Sahab Contracting (fictional),INV-4286,2026-08-21,P01085,40204.5,Posted,Paid,Vendor Bill
BILL/2026/01086,Jazeera Noor Supplies (fictional),INV-5250,2026-09-28,P01086,11597.4,Posted,Paid,Vendor Bill
BILL/2026/01087,Madar Jazeera Trading (fictional),INV-2484,2026-08-16,P01087,36357.36,Posted,Paid,Vendor Bill
BILL/2026/01088,Noor Masar Contracting (fictional),INV-2698,2026-08-11,P01088,15890.76,Posted,Paid,Vendor Bill
BILL/2026/01089,Rimal Madar Contracting (fictional),INV-3132,2026-10-11,P01089,26532.6,Posted,Paid,Vendor Bill
BILL/2026/01090,Tamayuz Shams Solutions (fictional),INV-5553,2026-08-27,P01090,6855.6,Posted,Paid,Vendor Bill
BILL/2026/01091,Dana Rimal Trading (fictional),INV-3245,2026-08-16,P01091,21664.02,Posted,Paid,Vendor Bill
BILL/2026/01092,Taqa Rimal Solutions (fictional),INV-5628,2026-07-29,P01092,12862.5,Posted,Paid,Vendor Bill
BILL/2026/01093,Taqa Sahab Services (fictional),INV-2919,2026-08-30,P01093,12222.56,Posted,Paid,Vendor Bill
BILL/2026/01094,Rimal Madar Contracting (fictional),INV-5897,2026-09-05,P01094,16735.6,Posted,Paid,Vendor Bill
BILL/2026/01095,Sarh Noor Services (fictional),INV-2511,2026-07-25,P01095,21174.5,Posted,Paid,Vendor Bill
BILL/2026/01096,Bina Afaq Contracting (fictional),INV-4064,2026-09-12,P01096,5309.24,Posted,Paid,Vendor Bill
BILL/2026/01097,Bina Afaq Contracting (fictional),INV-4093,2026-09-03,P01097,28429.2,Posted,Paid,Vendor Bill
BILL/2026/01098,Buruj Dana Trading (fictional),INV-2555,2026-10-08,P01098,22015.0,Posted,Paid,Vendor Bill
BILL/2026/01099,Najd Sahab Contracting (fictional),INV-4300,2026-10-09,P01099,4555.2,Posted,Paid,Vendor Bill
BILL/2026/01100,Masar Wadi Services (fictional),INV-2833,2026-08-16,P01100,30801.98,Posted,Paid,Vendor Bill
BILL/2026/01101,Nakheel Najd Trading (fictional),INV-1894,2026-07-28,P01101,46587.06,Posted,Paid,Vendor Bill
BILL/2026/01102,Nakheel Najd Trading (fictional),INV-1905,2026-08-07,P01102,48073.81,Posted,Paid,Vendor Bill
BILL/2026/01103,Nakheel Najd Trading (fictional),INV-1913,2026-08-15,P01103,45605.7,Posted,Paid,Vendor Bill
BILL/2026/01104,Waha Madar Est. (fictional),INV-4535,2026-09-23,P01104,8844.7,Posted,Paid,Vendor Bill
BILL/2026/01105,Waha Madar Est. (fictional),INV-4570,2026-09-24,P01105,9070.92,Posted,Paid,Vendor Bill
BILL/2026/01106,Waha Madar Est. (fictional),INV-4582,2026-10-01,P01106,9100.46,Posted,Paid,Vendor Bill
BILL/2026/01107,Rimal Madar Contracting (fictional),INV-4358A,2026-09-01,P00570,5735.04,Posted,Paid,Vendor Bill
BILL/2026/01108,Rimal Madar Contracting (fictional),INV-5184,2026-08-04,P00277,30763.78,Posted,Paid,Vendor Bill
BILL/2026/01109,Dana Rimal Trading (fictional),INV-2688,2026-10-02,P00595,24279.2,Posted,Paid,Vendor Bill
BILL/2026/01110,Taqa Quick Est. (fictional),INV-3502,2026-08-03,P01107,4925.78,Posted,Paid,Vendor Bill
BILL/2026/01111,Dana Quick Contracting (fictional),INV-3087,2026-08-17,P01108,33172.44,Posted,Paid,Vendor Bill
BILL/2026/01112,Bina Taqa Est. (fictional),INV-4961,2026-08-13,P01109,79730.27,Posted,Paid,Vendor Bill
BILL/2026/01113,Bina Taqa Est. (fictional),INV-4999,2026-10-03,P01110,5834.18,Posted,Paid,Vendor Bill
BILL/2026/01114,Rimal Qimma Services (fictional),INV-2755,2026-09-12,P01111,66766.2,Posted,Paid,Vendor Bill
BILL/2026/01115,Najd Sahab Contracting (fictional),INV-4310,2026-08-29,P01112,62352.72,Posted,Paid,Vendor Bill
BILL/2026/01116,Shams Noor Trading (fictional),INV-2192,2026-08-08,P01113,2714.04,Posted,Paid,Vendor Bill
BILL/2026/01117,Dana Madar Est. (fictional),INV-5550,2026-07-20,P01114,46395.0,Posted,Paid,Vendor Bill
BILL/2026/01118,Dana Rawabi Est. (fictional),INV-3443,2026-07-28,P01115,40184.82,Posted,Paid,Vendor Bill
BILL/2026/01119,Jazeera Noor Supplies (fictional),INV-5301,2026-09-16,P01116,6228.75,Posted,Paid,Vendor Bill
BILL/2026/01120,Rimal Madar Contracting (fictional),INV-4918,2026-09-15,P01117,38819.25,Posted,Paid,Vendor Bill
BILL/2026/01121,Bina Afaq Contracting (fictional),INV-4133,2026-08-24,P01118,37347.65,Posted,Paid,Vendor Bill
BILL/2026/01122,Rimal Sahab Supplies (fictional),INV-3396,2026-07-25,P01119,5020.88,Posted,Paid,Vendor Bill
BILL/2026/01123,Najd Madar Supplies (fictional),INV-114,2026-07-12,P01120,25000.0,Posted,Paid,Vendor Bill
BILL/2026/01124,Najd Madar Supplies (fictional),INV-115,2026-07-18,P01121,20000.0,Posted,Paid,Vendor Bill
BILL/2026/01125,Najd Madar Supplies (fictional),INV-116,2026-09-20,P01122,15000.0,Posted,Paid,Vendor Bill
BILL/2026/01126,Najd Madar Supplies (fictional),INV-117,2026-10-12,P01123,30000.0,Posted,Paid,Vendor Bill
BILL/2026/01127,Najd Madar Supplies (fictional),INV-118,2026-09-03,P01124,30000.0,Posted,Paid,Vendor Bill
BILL/2026/99999,Bina Taqa Est. (fictional),REV-1,2026-07-21,P00001,4307.95,Posted,Reversed,Vendor Bill
