po_id,po_date,vendor_id,category,item,quantity,unit_price,amount,requester_id,approver_id,approved_at
PO-00001,2026-07-02,V042,Catering,Event catering per head,29,148.55,4307.95,E012,E036,2026-07-02 12:04
PO-00002,2026-07-06,V046,Security services,Guard shift,55,491.62,27039.1,E018,E024,2026-07-06 13:27
PO-00003,2026-08-05,V013,IT hardware,Network switch,8,4015.97,32127.76,E035,E021,2026-08-05 09:32
PO-00004,2026-09-02,V023,Building materials,Rebar ton,2,2821.85,5643.7,E005,E036,2026-09-02 12:44
PO-00005,2026-07-02,V011,IT hardware,Laptop,7,4963.2,34742.4,E007,E023,2026-07-02 12:35
PO-00006,2026-08-17,V046,Security services,Access card batch,4,1570.01,6280.04,E031,E022,2026-08-17 15:34
PO-00007,2026-09-14,V033,Facility services,AC maintenance visit,26,901.68,23443.68,E017,E039,2026-09-14 09:31
PO-00008,2026-07-02,V023,Building materials,Rebar ton,6,2845.56,17073.36,E035,E020,2026-07-02 13:48
PO-00009,2026-09-28,V043,Catering,Water carton,2045,14.4,29448.0,E031,E021,2026-09-28 15:03
PO-00010,2026-08-03,V033,Facility services,AC maintenance visit,18,855.06,15391.08,E037,E019,2026-08-03 16:29
PO-00011,2026-07-26,V034,Facility services,Cleaning visit,9,1329.95,11969.55,E005,E006,2026-07-26 09:36
PO-00012,2026-08-13,V009,Office supplies,Office chair,39,724.42,28252.38,E002,E020,2026-08-13 16:02
PO-00013,2026-09-14,V046,Security services,CCTV maintenance,6,2268.26,13609.56,E003,E006,2026-09-14 09:55
PO-00014,2026-08-27,V014,IT hardware,Network switch,5,4046.91,20234.55,E003,E022,2026-08-27 12:20
PO-00015,2026-09-20,V008,Office supplies,A4 paper box,100,92.33,9233.0,E027,E022,2026-09-20 11:25
PO-00016,2026-08-09,V046,Security services,Access card batch,11,1832.56,20158.16,E025,E015,2026-08-09 10:14
PO-00017,2026-09-09,V018,IT hardware,Monitor 27in,34,1083.01,36822.34,E026,E022,2026-09-09 09:14
PO-00018,2026-08-23,V046,Security services,Guard shift,69,464.32,32038.08,E011,E013,2026-08-23 16:10
PO-00019,2026-07-27,V020,Building materials,Cement bag 50kg,1247,18.08,22545.76,E027,E008,2026-07-27 12:44
PO-00020,2026-09-07,V019,Building materials,Cement bag 50kg,740,19.86,14696.4,E017,E021,2026-09-07 10:54
PO-00021,2026-09-20,V045,Catering,Staff lunch box,913,29.56,26988.28,E005,E021,2026-09-20 13:56
PO-00022,2026-08-13,V044,Catering,Water carton,1189,13.75,16348.75,E028,E015,2026-08-13 13:57
PO-00023,2026-09-08,V005,Office supplies,A4 paper box,162,102.54,16611.48,E037,E021,2026-09-08 13:47
PO-00024,2026-07-29,V023,Building materials,Cement bag 50kg,1356,20.44,27716.64,E002,E006,2026-07-29 08:28
PO-00025,2026-07-23,V021,Building materials,Rebar ton,6,3061.21,18367.26,E033,E013,2026-07-23 11:54
PO-00026,2026-09-30,V015,IT hardware,Laptop,1,4920.43,4920.43,E014,E019,2026-09-30 08:33
PO-00027,2026-08-13,V033,Facility services,AC maintenance visit,35,858.09,30033.15,E038,E024,2026-08-13 08:44
PO-00028,2026-07-30,V009,Office supplies,A4 paper box,165,99.71,16452.15,E014,E019,2026-07-30 16:53
PO-00029,2026-08-10,V018,IT hardware,Monitor 27in,3,1179.67,3539.01,E038,E036,2026-08-10 13:39
PO-00030,2026-09-30,V006,Office supplies,Toner cartridge,71,389.45,27650.95,E018,E008,2026-09-30 11:44
PO-00031,2026-07-01,V042,Catering,Staff lunch box,219,31.73,6948.87,E014,E022,2026-07-01 16:48
PO-00032,2026-09-09,V046,Security services,Guard shift,67,516.64,34614.88,E009,E039,2026-09-09 15:25
PO-00033,2026-08-13,V038,Catering,Water carton,2061,14.69,30276.09,E026,E020,2026-08-13 11:29
PO-00034,2026-07-21,V033,Facility services,Cleaning visit,16,1364.93,21838.88,E025,E022,2026-07-21 11:08
PO-00035,2026-08-23,V021,Building materials,Cement bag 50kg,2050,18.98,38909.0,E031,E023,2026-08-23 08:17
PO-00036,2026-07-12,V045,Catering,Water carton,537,13.11,7040.07,E011,E034,2026-07-12 10:10
PO-00037,2026-08-31,V010,IT hardware,Laptop,5,4523.54,22617.7,E017,E022,2026-08-31 13:42
PO-00038,2026-09-08,V036,Facility services,Pest control visit,7,693.26,4852.82,E037,E024,2026-09-08 11:33
PO-00039,2026-07-05,V046,Security services,Guard shift,38,516.18,19614.84,E030,E008,2026-07-05 11:05
PO-00040,2026-08-31,V025,Building materials,Cement bag 50kg,1285,17.84,22924.4,E017,E019,2026-08-31 12:59
PO-00041,2026-07-16,V016,IT hardware,Monitor 27in,20,1137.32,22746.4,E025,E036,2026-07-16 15:45
PO-00042,2026-08-23,V009,Office supplies,A4 paper box,414,93.31,38630.34,E033,E021,2026-08-23 08:11
PO-00043,2026-08-12,V022,Building materials,Rebar ton,4,2961.88,11847.52,E012,E022,2026-08-12 15:42
PO-00044,2026-08-24,V030,Facility services,AC maintenance visit,34,937.87,31887.58,E032,E021,2026-08-24 11:00
PO-00045,2026-07-28,V036,Facility services,Cleaning visit,15,1268.03,19020.45,E004,E022,2026-07-28 16:11
PO-00046,2026-07-15,V043,Catering,Water carton,959,14.9,14289.1,E016,E015,2026-07-15 10:06
PO-00047,2026-09-27,V030,Facility services,Pest control visit,19,671.58,12760.02,E032,E015,2026-09-27 09:29
PO-00048,2026-09-02,V023,Building materials,Cement bag 50kg,1874,19.91,37311.34,E032,E013,2026-09-02 13:22
PO-00049,2026-08-23,V029,Facility services,AC maintenance visit,7,936.37,6554.59,E002,E006,2026-08-23 09:08
PO-00050,2026-08-27,V012,IT hardware,Monitor 27in,8,1167.83,9342.64,E032,E021,2026-08-27 14:57
PO-00051,2026-08-24,V038,Catering,Water carton,648,13.96,9046.08,E011,E023,2026-08-24 09:36
PO-00052,2026-08-30,V040,Catering,Water carton,2156,13.35,28782.6,E029,E036,2026-08-30 15:18
PO-00053,2026-08-02,V023,Building materials,Ready-mix m3,7,271.01,1897.07,E025,E008,2026-08-02 16:19
PO-00054,2026-07-05,V036,Facility services,Cleaning visit,28,1330.84,37263.52,E012,E015,2026-07-05 15:56
PO-00055,2026-08-31,V023,Building materials,Cement bag 50kg,937,17.78,16659.86,E018,E015,2026-08-31 16:58
PO-00056,2026-08-30,V008,Office supplies,Office chair,4,791.77,3167.08,E002,E023,2026-08-30 15:26
PO-00057,2026-09-01,V003,Office supplies,Toner cartridge,58,450.81,26146.98,E033,E040,2026-09-01 09:25
PO-00058,2026-09-23,V045,Catering,Staff lunch box,266,30.91,8222.06,E025,E039,2026-09-23 08:28
PO-00059,2026-09-09,V020,Building materials,Rebar ton,8,2959.73,23677.84,E032,E036,2026-09-09 12:44
PO-00060,2026-07-30,V042,Catering,Event catering per head,177,155.15,27461.55,E037,E020,2026-07-30 09:58
PO-00061,2026-08-26,V018,IT hardware,Laptop,4,4443.06,17772.24,E005,E039,2026-08-26 09:25
PO-00062,2026-07-13,V046,Security services,CCTV maintenance,16,2159.61,34553.76,E037,E036,2026-07-13 14:11
PO-00063,2026-08-06,V008,Office supplies,A4 paper box,147,90.98,13374.06,E026,E023,2026-08-06 15:23
PO-00064,2026-08-17,V003,Office supplies,A4 paper box,263,100.59,26455.17,E025,E019,2026-08-17 16:34
PO-00065,2026-07-26,V045,Catering,Staff lunch box,167,29.51,4928.17,E005,E006,2026-07-26 11:03
PO-00066,2026-09-02,V032,Facility services,AC maintenance visit,39,839.74,32749.86,E037,E021,2026-09-02 10:56
PO-00067,2026-07-26,V046,Security services,Guard shift,24,444.4,10665.6,E003,E021,2026-07-26 09:33
PO-00068,2026-08-20,V046,Security services,CCTV maintenance,3,2330.95,6992.85,E038,E040,2026-08-20 08:02
PO-00069,2026-08-24,V041,Catering,Staff lunch box,508,33.0,16764.0,E004,E013,2026-08-24 08:41
PO-00070,2026-08-12,V041,Catering,Staff lunch box,705,33.05,23300.25,E001,E022,2026-08-12 08:05
PO-00071,2026-09-28,V027,Building materials,Cement bag 50kg,1886,17.87,33702.82,E005,E019,2026-09-28 09:12
PO-00072,2026-07-23,V046,Security services,Access card batch,21,1668.14,35030.94,E002,E015,2026-07-23 10:50
PO-00073,2026-07-27,V016,IT hardware,Network switch,1,3673.22,3673.22,E029,E013,2026-07-27 16:21
PO-00074,2026-08-06,V011,IT hardware,Network switch,6,3771.58,22629.48,E012,E013,2026-08-06 09:56
PO-00075,2026-07-20,V015,IT hardware,Monitor 27in,25,1231.0,30775.0,E004,E006,2026-07-20 16:52
PO-00076,2026-08-20,V046,Security services,Access card batch,14,1769.93,24779.02,E004,E024,2026-08-20 13:12
PO-00077,2026-07-15,V008,Office supplies,Office chair,5,730.31,3651.55,E018,E023,2026-07-15 15:44
PO-00078,2026-07-14,V017,IT hardware,Laptop,3,4310.7,12932.1,E018,E040,2026-07-14 09:04
PO-00079,2026-09-09,V046,Security services,Guard shift,73,510.05,37233.65,E011,E019,2026-09-09 13:22
PO-00080,2026-08-05,V040,Catering,Event catering per head,148,144.73,21420.04,E001,E024,2026-08-05 16:14
PO-00081,2026-07-14,V020,Building materials,Ready-mix m3,97,246.52,23912.44,E029,E006,2026-07-14 15:01
PO-00082,2026-07-05,V017,IT hardware,Network switch,6,4086.49,24518.94,E012,E040,2026-07-05 08:49
PO-00083,2026-07-05,V002,Office supplies,Toner cartridge,24,431.81,10363.44,E003,E024,2026-07-05 09:53
PO-00084,2026-08-05,V003,Office supplies,A4 paper box,177,97.16,17197.32,E005,E006,2026-08-05 11:19
PO-00085,2026-08-12,V007,Office supplies,Toner cartridge,56,394.92,22115.52,E010,E015,2026-08-12 14:21
PO-00086,2026-07-13,V046,Security services,Access card batch,3,1580.71,4742.13,E001,E023,2026-07-13 15:20
PO-00087,2026-09-21,V046,Security services,Access card batch,17,1778.0,30226.0,E004,E020,2026-09-21 11:31
PO-00088,2026-08-10,V009,Office supplies,Toner cartridge,46,394.72,18157.12,E029,E039,2026-08-10 12:36
PO-00089,2026-07-12,V037,Catering,Water carton,349,13.43,4687.07,E009,E024,2026-07-12 08:00
PO-00090,2026-08-24,V018,IT hardware,Laptop,1,4696.55,4696.55,E030,E020,2026-08-24 11:25
PO-00091,2026-09-16,V046,Security services,Guard shift,69,458.02,31603.38,E035,E039,2026-09-16 14:40
PO-00092,2026-07-13,V045,Catering,Event catering per head,105,146.71,15404.55,E025,E024,2026-07-13 12:27
PO-00093,2026-09-28,V008,Office supplies,Office chair,42,722.63,30350.46,E014,E040,2026-09-28 15:20
PO-00094,2026-08-17,V003,Office supplies,Office chair,47,748.51,35179.97,E011,E024,2026-08-17 11:21
PO-00095,2026-08-04,V032,Facility services,AC maintenance visit,42,892.1,37468.2,E011,E039,2026-08-04 08:23
PO-00096,2026-09-28,V033,Facility services,Cleaning visit,12,1315.41,15784.92,E035,E008,2026-09-28 08:12
PO-00097,2026-09-21,V007,Office supplies,A4 paper box,372,89.72,33375.84,E001,E023,2026-09-21 13:55
PO-00098,2026-07-20,V016,IT hardware,Monitor 27in,11,1211.12,13322.32,E032,E021,2026-07-20 16:21
PO-00099,2026-09-21,V004,Office supplies,Toner cartridge,76,393.54,29909.04,E037,E008,2026-09-21 14:29
PO-00100,2026-08-26,V046,Security services,Guard shift,76,472.93,35942.68,E002,E015,2026-08-26 11:41
PO-00101,2026-08-30,V034,Facility services,AC maintenance visit,7,872.83,6109.81,E018,E023,2026-08-30 13:52
PO-00102,2026-08-20,V046,Security services,CCTV maintenance,15,2142.4,32136.0,E002,E039,2026-08-20 11:49
PO-00103,2026-09-28,V003,Office supplies,A4 paper box,372,90.62,33710.64,E030,E021,2026-09-28 09:15
PO-00104,2026-08-03,V041,Catering,Event catering per head,22,135.18,2973.96,E007,E019,2026-08-03 09:34
PO-00105,2026-09-06,V024,Building materials,Rebar ton,11,2916.21,32078.31,E014,E015,2026-09-06 13:37
PO-00106,2026-07-28,V012,IT hardware,Laptop,5,4877.33,24386.65,E004,E006,2026-07-28 13:06
PO-00107,2026-07-19,V046,Security services,Guard shift,71,476.53,33833.63,E003,E021,2026-07-19 10:05
PO-00108,2026-09-28,V007,Office supplies,A4 paper box,382,91.67,35017.94,E038,E036,2026-09-28 13:45
PO-00109,2026-08-16,V042,Catering,Event catering per head,267,136.92,36557.64,E014,E019,2026-08-16 16:37
PO-00110,2026-09-10,V041,Catering,Staff lunch box,810,30.12,24397.2,E017,E008,2026-09-10 14:43
PO-00111,2026-09-14,V025,Building materials,Ready-mix m3,49,259.98,12739.02,E033,E020,2026-09-14 08:59
PO-00112,2026-08-19,V016,IT hardware,Network switch,5,4204.3,21021.5,E038,E023,2026-08-19 14:14
PO-00113,2026-09-21,V004,Office supplies,A4 paper box,63,93.85,5912.55,E016,E024,2026-09-21 14:19
PO-00114,2026-09-09,V046,Security services,Access card batch,16,1707.64,27322.24,E035,E008,2026-09-09 10:01
PO-00115,2026-07-02,V031,Facility services,Cleaning visit,4,1409.65,5638.6,E014,E036,2026-07-02 10:57
PO-00116,2026-09-15,V021,Building materials,Cement bag 50kg,1905,18.27,34804.35,E010,E006,2026-09-15 10:57
PO-00117,2026-08-06,V001,Office supplies,Toner cartridge,48,389.68,18704.64,E012,E019,2026-08-06 16:24
PO-00118,2026-07-29,V038,Catering,Event catering per head,130,139.66,18155.8,E004,E023,2026-07-29 12:23
PO-00119,2026-07-13,V015,IT hardware,Laptop,2,4344.37,8688.74,E026,E034,2026-07-13 12:00
PO-00120,2026-07-22,V035,Facility services,Pest control visit,2,614.16,1228.32,E032,E006,2026-07-22 12:26
PO-00121,2026-08-10,V041,Catering,Staff lunch box,193,29.83,5757.19,E004,E034,2026-08-10 13:30
PO-00122,2026-08-03,V037,Catering,Water carton,1140,13.46,15344.4,E002,E013,2026-08-03 14:30
PO-00123,2026-08-24,V027,Building materials,Ready-mix m3,18,254.79,4586.22,E027,E040,2026-08-24 13:38
PO-00124,2026-09-15,V030,Facility services,AC maintenance visit,28,902.06,25257.68,E026,E024,2026-09-15 13:05
PO-00125,2026-08-12,V018,IT hardware,Monitor 27in,30,1117.99,33539.7,E028,E019,2026-08-12 14:05
PO-00126,2026-08-11,V017,IT hardware,Network switch,1,3653.95,3653.95,E009,E023,2026-08-11 09:53
PO-00127,2026-08-19,V018,IT hardware,Monitor 27in,22,1132.74,24920.28,E001,E019,2026-08-19 08:45
PO-00128,2026-08-04,V027,Building materials,Ready-mix m3,105,247.41,25978.05,E037,E040,2026-08-04 09:23
PO-00129,2026-09-02,V034,Facility services,Pest control visit,4,668.19,2672.76,E002,E021,2026-09-02 16:14
PO-00130,2026-09-13,V016,IT hardware,Network switch,2,4136.85,8273.7,E005,E022,2026-09-13 10:58
PO-00131,2026-08-20,V011,IT hardware,Network switch,7,4104.28,28729.96,E031,E034,2026-08-20 16:26
PO-00132,2026-07-05,V046,Security services,CCTV maintenance,13,2117.08,27522.04,E016,E022,2026-07-05 13:20
PO-00133,2026-09-02,V040,Catering,Water carton,2653,15.06,39954.18,E010,E024,2026-09-02 10:36
PO-00134,2026-07-06,V008,Office supplies,A4 paper box,218,101.06,22031.08,E037,E024,2026-07-06 08:54
PO-00135,2026-08-23,V046,Security services,Access card batch,3,1695.93,5087.79,E032,E021,2026-08-23 16:12
PO-00136,2026-07-27,V045,Catering,Water carton,1786,13.65,24378.9,E011,E034,2026-07-27 10:56
PO-00137,2026-09-29,V021,Building materials,Rebar ton,6,2652.01,15912.06,E010,E020,2026-09-29 10:34
PO-00138,2026-08-31,V011,IT hardware,Laptop,4,4815.77,19263.08,E029,E013,2026-08-31 14:11
PO-00139,2026-08-05,V032,Facility services,AC maintenance visit,36,928.07,33410.52,E011,E021,2026-08-05 13:06
PO-00140,2026-07-29,V024,Building materials,Ready-mix m3,14,264.56,3703.84,E017,E013,2026-07-29 09:32
PO-00141,2026-08-24,V022,Building materials,Rebar ton,9,2740.18,24661.62,E001,E036,2026-08-24 16:01
PO-00142,2026-08-04,V042,Catering,Staff lunch box,1159,30.45,35291.55,E014,E021,2026-08-04 13:00
PO-00143,2026-07-23,V017,IT hardware,Monitor 27in,9,1085.35,9768.15,E001,E008,2026-07-23 12:41
PO-00144,2026-08-05,V014,IT hardware,Laptop,6,4738.48,28430.88,E014,E039,2026-08-05 14:21
PO-00145,2026-07-21,V034,Facility services,Cleaning visit,22,1286.61,28305.42,E027,E015,2026-07-21 15:30
PO-00146,2026-07-22,V046,Security services,Guard shift,43,455.02,19565.86,E027,E019,2026-07-22 16:03
PO-00147,2026-07-06,V028,Facility services,Pest control visit,15,631.63,9474.45,E037,E015,2026-07-06 13:36
PO-00148,2026-09-08,V044,Catering,Event catering per head,22,143.64,3160.08,E012,E020,2026-09-08 12:15
PO-00149,2026-08-09,V039,Catering,Water carton,1503,14.64,22003.92,E004,E021,2026-08-09 12:57
PO-00150,2026-08-19,V012,IT hardware,Laptop,3,4559.12,13677.36,E011,E021,2026-08-19 08:18
PO-00151,2026-07-05,V027,Building materials,Cement bag 50kg,1199,18.94,22709.06,E038,E019,2026-07-05 09:39
PO-00152,2026-09-29,V024,Building materials,Rebar ton,7,2685.59,18799.13,E026,E015,2026-09-29 13:15
PO-00153,2026-07-16,V046,Security services,CCTV maintenance,10,2337.92,23379.2,E037,E039,2026-07-16 13:03
PO-00154,2026-08-03,V015,IT hardware,Laptop,1,4306.15,4306.15,E016,E019,2026-08-03 12:48
PO-00155,2026-07-29,V005,Office supplies,Toner cartridge,92,406.04,37355.68,E001,E039,2026-07-29 16:25
PO-00156,2026-08-12,V045,Catering,Water carton,805,13.54,10899.7,E031,E015,2026-08-12 15:00
PO-00157,2026-07-13,V025,Building materials,Cement bag 50kg,79,20.06,1584.74,E009,E024,2026-07-13 09:19
PO-00158,2026-08-30,V010,IT hardware,Network switch,1,3803.13,3803.13,E027,E015,2026-08-30 10:58
PO-00159,2026-09-20,V046,Security services,Access card batch,19,1674.0,31806.0,E017,E036,2026-09-20 12:54
PO-00160,2026-08-09,V026,Building materials,Ready-mix m3,16,281.98,4511.68,E007,E006,2026-08-09 15:54
PO-00161,2026-08-05,V025,Building materials,Rebar ton,2,2768.16,5536.32,E026,E021,2026-08-05 14:41
PO-00162,2026-09-10,V015,IT hardware,Monitor 27in,10,1231.8,12318.0,E004,E006,2026-09-10 10:47
PO-00163,2026-08-23,V043,Catering,Water carton,1590,13.05,20749.5,E010,E039,2026-08-23 13:56
PO-00164,2026-07-29,V018,IT hardware,Laptop,1,4381.23,4381.23,E035,E006,2026-07-29 11:03
PO-00165,2026-09-01,V046,Security services,CCTV maintenance,15,2109.37,31640.55,E031,E034,2026-09-01 10:00
PO-00166,2026-09-01,V042,Catering,Staff lunch box,1144,31.43,35955.92,E001,E040,2026-09-01 11:49
PO-00167,2026-09-06,V046,Security services,Guard shift,66,498.9,32927.4,E018,E021,2026-09-06 12:05
PO-00168,2026-07-26,V046,Security services,Guard shift,64,498.76,31920.64,E014,E019,2026-07-26 10:27
PO-00169,2026-08-10,V026,Building materials,Cement bag 50kg,1422,20.08,28553.76,E038,E019,2026-08-10 15:30
PO-00170,2026-07-20,V044,Catering,Water carton,2772,13.55,37560.6,E005,E008,2026-07-20 08:10
PO-00171,2026-07-12,V046,Security services,Access card batch,12,1825.65,21907.8,E001,E023,2026-07-12 16:08
PO-00172,2026-09-08,V046,Security services,Access card batch,20,1825.84,36516.8,E030,E015,2026-09-08 13:18
PO-00173,2026-07-23,V024,Building materials,Cement bag 50kg,1100,18.49,20339.0,E011,E039,2026-07-23 11:52
PO-00174,2026-08-18,V045,Catering,Event catering per head,135,150.84,20363.4,E031,E034,2026-08-18 16:16
PO-00175,2026-09-10,V022,Building materials,Ready-mix m3,81,278.74,22577.94,E003,E024,2026-09-10 08:44
PO-00176,2026-09-29,V043,Catering,Event catering per head,133,136.11,18102.63,E032,E040,2026-09-29 12:09
PO-00177,2026-08-17,V039,Catering,Staff lunch box,1237,30.42,37629.54,E031,E040,2026-08-17 14:11
PO-00178,2026-08-24,V013,IT hardware,Monitor 27in,28,1105.03,30940.84,E002,E013,2026-08-24 11:53
PO-00179,2026-07-28,V035,Facility services,AC maintenance visit,38,844.65,32096.7,E011,E023,2026-07-28 10:32
PO-00180,2026-08-09,V020,Building materials,Cement bag 50kg,1198,20.27,24283.46,E007,E024,2026-08-09 16:57
PO-00181,2026-09-22,V036,Facility services,Cleaning visit,5,1335.54,6677.7,E001,E040,2026-09-22 10:09
PO-00182,2026-08-11,V010,IT hardware,Network switch,5,3972.94,19864.7,E012,E022,2026-08-11 16:23
PO-00183,2026-09-03,V046,Security services,Guard shift,18,505.39,9097.02,E016,E024,2026-09-03 15:15
PO-00184,2026-07-16,V046,Security services,Guard shift,55,492.34,27078.7,E038,E020,2026-07-16 16:18
PO-00185,2026-07-02,V023,Building materials,Ready-mix m3,12,281.13,3373.56,E032,E021,2026-07-02 09:33
PO-00186,2026-07-02,V017,IT hardware,Laptop,4,4539.81,18159.24,E010,E022,2026-07-02 12:46
PO-00187,2026-08-06,V036,Facility services,Cleaning visit,17,1244.7,21159.9,E003,E022,2026-08-06 08:15
PO-00188,2026-09-01,V010,IT hardware,Monitor 27in,34,1169.6,39766.4,E030,E021,2026-09-01 08:12
PO-00189,2026-07-29,V046,Security services,CCTV maintenance,14,2179.25,30509.5,E009,E022,2026-07-29 13:23
PO-00190,2026-09-20,V031,Facility services,Cleaning visit,10,1274.07,12740.7,E005,E019,2026-09-20 09:13
PO-00191,2026-08-09,V046,Security services,CCTV maintenance,11,2358.88,25947.68,E004,E020,2026-08-09 12:27
PO-00192,2026-08-17,V044,Catering,Staff lunch box,394,31.32,12340.08,E010,E022,2026-08-17 11:30
PO-00193,2026-08-06,V009,Office supplies,Toner cartridge,58,388.62,22539.96,E002,E036,2026-08-06 15:17
PO-00194,2026-09-20,V032,Facility services,AC maintenance visit,35,838.09,29333.15,E014,E006,2026-09-20 09:31
PO-00195,2026-07-05,V030,Facility services,AC maintenance visit,31,876.15,27160.65,E003,E019,2026-07-05 12:36
PO-00196,2026-09-17,V010,IT hardware,Network switch,8,4144.07,33152.56,E038,E019,2026-09-17 09:26
PO-00197,2026-08-25,V004,Office supplies,Office chair,30,784.39,23531.7,E012,E023,2026-08-25 16:59
PO-00198,2026-09-13,V041,Catering,Event catering per head,176,155.98,27452.48,E016,E023,2026-09-13 12:53
PO-00199,2026-08-03,V046,Security services,CCTV maintenance,4,2140.95,8563.8,E014,E034,2026-08-03 09:23
PO-00200,2026-08-02,V004,Office supplies,Toner cartridge,58,448.22,25996.76,E007,E039,2026-08-02 15:28
PO-00201,2026-08-30,V037,Catering,Water carton,2019,14.41,29093.79,E007,E022,2026-08-30 15:33
PO-00202,2026-07-15,V046,Security services,Access card batch,20,1678.2,33564.0,E032,E036,2026-07-15 16:49
PO-00203,2026-07-29,V020,Building materials,Rebar ton,2,2979.58,5959.16,E027,E022,2026-07-29 11:42
PO-00204,2026-08-12,V020,Building materials,Cement bag 50kg,1518,17.86,27111.48,E032,E040,2026-08-12 08:11
PO-00205,2026-08-18,V032,Facility services,Pest control visit,36,691.9,24908.4,E014,E021,2026-08-18 13:45
PO-00206,2026-09-30,V011,IT hardware,Laptop,3,4733.45,14200.35,E025,E013,2026-09-30 09:33
PO-00207,2026-07-08,V002,Office supplies,A4 paper box,356,101.25,36045.0,E005,E040,2026-07-08 11:51
PO-00208,2026-09-28,V031,Facility services,AC maintenance visit,13,905.28,11768.64,E017,E020,2026-09-28 08:03
PO-00209,2026-09-10,V038,Catering,Event catering per head,206,142.11,29274.66,E003,E036,2026-09-10 09:36
PO-00210,2026-08-13,V030,Facility services,Pest control visit,7,659.25,4614.75,E010,E008,2026-08-13 09:13
PO-00211,2026-09-30,V007,Office supplies,Toner cartridge,37,422.27,15623.99,E017,E008,2026-09-30 08:03
PO-00212,2026-08-27,V013,IT hardware,Laptop,2,4848.57,9697.14,E037,E013,2026-08-27 08:12
PO-00213,2026-08-27,V022,Building materials,Rebar ton,12,2643.65,31723.8,E012,E006,2026-08-27 15:16
PO-00214,2026-08-10,V031,Facility services,Cleaning visit,26,1353.29,35185.54,E025,E013,2026-08-10 11:37
PO-00215,2026-08-04,V010,IT hardware,Laptop,8,4670.04,37360.32,E001,E019,2026-08-04 13:31
PO-00216,2026-09-20,V033,Facility services,AC maintenance visit,22,866.65,19066.3,E017,E022,2026-09-20 15:32
PO-00217,2026-07-07,V046,Security services,CCTV maintenance,1,2063.35,2063.35,E009,E019,2026-07-07 15:58
PO-00218,2026-07-13,V027,Building materials,Ready-mix m3,22,269.11,5920.42,E026,E020,2026-07-13 08:45
PO-00219,2026-07-26,V008,Office supplies,Toner cartridge,85,440.98,37483.3,E035,E021,2026-07-26 14:29
PO-00220,2026-09-09,V003,Office supplies,Office chair,25,786.71,19667.75,E005,E006,2026-09-09 12:31
PO-00221,2026-09-15,V032,Facility services,AC maintenance visit,10,928.84,9288.4,E032,E022,2026-09-15 10:16
PO-00222,2026-09-20,V028,Facility services,AC maintenance visit,31,862.14,26726.34,E037,E020,2026-09-20 11:01
PO-00223,2026-08-24,V010,IT hardware,Laptop,8,4661.42,37291.36,E035,E019,2026-08-24 09:55
PO-00224,2026-08-19,V006,Office supplies,Toner cartridge,31,431.43,13374.33,E027,E015,2026-08-19 16:48
PO-00225,2026-09-23,V005,Office supplies,Office chair,36,820.3,29530.8,E005,E020,2026-09-23 08:54
PO-00226,2026-09-07,V016,IT hardware,Network switch,5,3604.94,18024.7,E001,E023,2026-09-07 16:24
PO-00227,2026-09-28,V024,Building materials,Cement bag 50kg,1996,20.39,40698.44,E035,E020,2026-09-28 10:47
PO-00228,2026-07-08,V004,Office supplies,Toner cartridge,53,425.73,22563.69,E026,E015,2026-07-08 15:17
PO-00229,2026-09-27,V029,Facility services,AC maintenance visit,30,888.7,26661.0,E016,E024,2026-09-27 08:27
PO-00230,2026-08-30,V018,IT hardware,Network switch,8,3632.59,29060.72,E026,E040,2026-08-30 14:55
PO-00231,2026-09-30,V024,Building materials,Rebar ton,2,2925.1,5850.2,E017,E013,2026-09-30 12:26
PO-00232,2026-07-02,V041,Catering,Event catering per head,266,155.94,41480.04,E026,E022,2026-07-02 15:47
PO-00233,2026-08-13,V017,IT hardware,Laptop,1,4274.37,4274.37,E010,E019,2026-08-13 13:54
PO-00234,2026-08-26,V005,Office supplies,A4 paper box,84,97.11,8157.24,E010,E040,2026-08-26 14:00
PO-00235,2026-07-02,V023,Building materials,Rebar ton,1,3003.66,3003.66,E027,E006,2026-07-02 16:13
PO-00236,2026-08-31,V015,IT hardware,Laptop,3,4691.62,14074.86,E002,E022,2026-08-31 12:54
PO-00237,2026-07-22,V031,Facility services,Pest control visit,37,698.64,25849.68,E033,E024,2026-07-22 12:03
PO-00238,2026-09-09,V038,Catering,Staff lunch box,319,33.03,10536.57,E035,E024,2026-09-09 16:47
PO-00239,2026-07-09,V015,IT hardware,Monitor 27in,2,1069.0,2138.0,E017,E019,2026-07-09 16:57
PO-00240,2026-08-11,V040,Catering,Staff lunch box,776,29.69,23039.44,E018,E020,2026-08-11 15:01
PO-00241,2026-09-29,V022,Building materials,Ready-mix m3,111,256.64,28487.04,E033,E040,2026-09-29 13:13
PO-00242,2026-07-05,V043,Catering,Staff lunch box,1200,31.87,38244.0,E007,E015,2026-07-05 11:11
PO-00243,2026-07-23,V007,Office supplies,Toner cartridge,62,412.74,25589.88,E018,E021,2026-07-23 08:12
PO-00244,2026-07-30,V035,Facility services,Cleaning visit,19,1296.31,24629.89,E005,E020,2026-07-30 16:08
PO-00245,2026-07-30,V006,Office supplies,Toner cartridge,83,418.12,34703.96,E035,E040,2026-07-30 12:09
PO-00246,2026-08-13,V025,Building materials,Ready-mix m3,36,259.53,9343.08,E002,E036,2026-08-13 11:22
PO-00247,2026-09-13,V043,Catering,Staff lunch box,917,33.18,30426.06,E014,E034,2026-09-13 16:31
PO-00248,2026-07-23,V034,Facility services,AC maintenance visit,3,930.96,2792.88,E005,E020,2026-07-23 10:29
PO-00249,2026-09-23,V003,Office supplies,A4 paper box,303,93.6,28360.8,E035,E040,2026-09-23 12:16
PO-00250,2026-08-13,V008,Office supplies,Toner cartridge,35,433.45,15170.75,E011,E024,2026-08-13 11:03
PO-00251,2026-07-21,V046,Security services,Access card batch,19,1617.0,30723.0,E027,E015,2026-07-21 10:27
PO-00252,2026-09-15,V030,Facility services,Pest control visit,16,649.97,10399.52,E033,E008,2026-09-15 09:08
PO-00253,2026-08-25,V032,Facility services,Cleaning visit,27,1421.62,38383.74,E016,E021,2026-08-25 12:19
PO-00254,2026-09-10,V033,Facility services,AC maintenance visit,15,915.61,13734.15,E030,E039,2026-09-10 11:31
PO-00255,2026-09-27,V012,IT hardware,Network switch,8,4080.18,32641.44,E026,E019,2026-09-27 08:30
PO-00256,2026-07-16,V008,Office supplies,A4 paper box,333,88.28,29397.24,E004,E019,2026-07-16 08:19
PO-00257,2026-08-20,V041,Catering,Event catering per head,252,136.3,34347.6,E033,E019,2026-08-20 12:50
PO-00258,2026-08-06,V012,IT hardware,Laptop,4,4706.72,18826.88,E026,E019,2026-08-06 12:20
PO-00259,2026-07-21,V045,Catering,Staff lunch box,353,32.74,11557.22,E030,E036,2026-07-21 15:10
PO-00260,2026-08-17,V019,Building materials,Cement bag 50kg,1854,20.46,37932.84,E002,E039,2026-08-17 16:26
PO-00261,2026-08-16,V019,Building materials,Ready-mix m3,123,268.44,33018.12,E012,E006,2026-08-16 15:41
PO-00262,2026-09-13,V042,Catering,Staff lunch box,943,33.61,31694.23,E003,E034,2026-09-13 11:51
PO-00263,2026-09-09,V006,Office supplies,A4 paper box,368,92.55,34058.4,E027,E020,2026-09-09 09:43
PO-00264,2026-09-23,V046,Security services,CCTV maintenance,11,2080.81,22888.91,E026,E039,2026-09-23 08:57
PO-00265,2026-08-24,V032,Facility services,Pest control visit,18,665.2,11973.6,E031,E015,2026-08-24 13:22
PO-00266,2026-08-12,V019,Building materials,Rebar ton,1,2763.42,2763.42,E014,E019,2026-08-12 16:26
PO-00267,2026-09-02,V023,Building materials,Rebar ton,2,2727.97,5455.94,E014,E036,2026-09-02 13:15
PO-00268,2026-07-20,V038,Catering,Water carton,1511,14.22,21486.42,E003,E008,2026-07-20 11:40
PO-00269,2026-09-27,V037,Catering,Event catering per head,160,148.27,23723.2,E037,E036,2026-09-27 09:12
PO-00270,2026-07-12,V018,IT hardware,Laptop,2,4373.88,8747.76,E018,E034,2026-07-12 12:00
PO-00271,2026-08-12,V027,Building materials,Ready-mix m3,124,258.49,32052.76,E011,E006,2026-08-12 13:00
PO-00272,2026-08-10,V009,Office supplies,Toner cartridge,76,412.76,31369.76,E011,E006,2026-08-10 13:20
PO-00273,2026-09-09,V046,Security services,Guard shift,31,459.97,14259.07,E038,E036,2026-09-09 11:20
PO-00274,2026-07-29,V021,Building materials,Rebar ton,11,2739.0,30129.0,E033,E015,2026-07-29 10:22
PO-00275,2026-09-01,V004,Office supplies,Toner cartridge,11,432.35,4755.85,E004,E022,2026-09-01 12:13
PO-00276,2026-08-31,V007,Office supplies,Office chair,15,823.62,12354.3,E026,E021,2026-08-31 08:38
PO-00277,2026-07-16,V046,Security services,Guard shift,62,496.19,30763.78,E018,E020,2026-07-16 10:26
PO-00278,2026-07-28,V009,Office supplies,Office chair,8,724.2,5793.6,E026,E008,2026-07-28 12:54
PO-00279,2026-08-02,V017,IT hardware,Network switch,1,3793.73,3793.73,E009,E039,2026-08-02 10:54
PO-00280,2026-09-08,V041,Catering,Water carton,499,15.0,7485.0,E030,E020,2026-09-08 09:10
PO-00281,2026-09-20,V004,Office supplies,Toner cartridge,62,440.52,27312.24,E029,E036,2026-09-20 15:44
PO-00282,2026-07-01,V016,IT hardware,Monitor 27in,13,1224.67,15920.71,E009,E039,2026-07-01 12:44
PO-00283,2026-07-15,V003,Office supplies,Toner cartridge,80,395.2,31616.0,E037,E034,2026-07-15 09:53
PO-00284,2026-07-14,V016,IT hardware,Laptop,2,4687.81,9375.62,E009,E039,2026-07-14 12:16
PO-00285,2026-09-10,V018,IT hardware,Laptop,1,4521.77,4521.77,E018,E034,2026-09-10 09:49
PO-00286,2026-08-26,V004,Office supplies,Toner cartridge,77,426.41,32833.57,E012,E020,2026-08-26 13:03
PO-00287,2026-09-07,V006,Office supplies,Office chair,46,817.69,37613.74,E031,E022,2026-09-07 10:50
PO-00288,2026-07-09,V020,Building materials,Cement bag 50kg,1373,19.51,26787.23,E035,E015,2026-07-09 11:58
PO-00289,2026-09-07,V040,Catering,Event catering per head,110,154.73,17020.3,E030,E024,2026-09-07 09:16
PO-00290,2026-08-19,V044,Catering,Staff lunch box,773,34.25,26475.25,E009,E021,2026-08-19 10:30
PO-00291,2026-07-12,V037,Catering,Staff lunch box,755,31.72,23948.6,E026,E023,2026-07-12 09:28
PO-00292,2026-08-04,V034,Facility services,AC maintenance visit,20,835.71,16714.2,E012,E023,2026-08-04 09:48
PO-00293,2026-08-16,V036,Facility services,Cleaning visit,4,1315.09,5260.36,E007,E036,2026-08-16 14:54
PO-00294,2026-08-27,V023,Building materials,Ready-mix m3,23,254.43,5851.89,E003,E006,2026-08-27 13:44
PO-00295,2026-08-12,V046,Security services,Access card batch,4,1636.25,6545.0,E037,E008,2026-08-12 08:55
PO-00296,2026-08-27,V004,Office supplies,Office chair,12,751.35,9016.2,E011,E036,2026-08-27 11:11
PO-00297,2026-09-21,V031,Facility services,Cleaning visit,29,1419.25,41158.25,E009,E021,2026-09-21 10:50
PO-00298,2026-07-29,V042,Catering,Staff lunch box,574,33.45,19200.3,E027,E036,2026-07-29 14:57
PO-00299,2026-09-02,V046,Security services,CCTV maintenance,1,2083.92,2083.92,E038,E008,2026-09-02 08:01
PO-00300,2026-07-12,V042,Catering,Water carton,2674,14.72,39361.28,E028,E039,2026-07-12 13:53
PO-00301,2026-08-16,V015,IT hardware,Monitor 27in,32,1149.75,36792.0,E004,E008,2026-08-16 16:20
PO-00302,2026-07-01,V046,Security services,Access card batch,8,1768.3,14146.4,E011,E023,2026-07-01 13:01
PO-00303,2026-07-21,V042,Catering,Water carton,1650,14.37,23710.5,E001,E036,2026-07-21 08:50
PO-00304,2026-07-20,V004,Office supplies,A4 paper box,113,101.2,11435.6,E037,E019,2026-07-20 10:26
PO-00305,2026-08-13,V006,Office supplies,A4 paper box,152,90.22,13713.44,E029,E023,2026-08-13 16:20
PO-00306,2026-07-09,V031,Facility services,Cleaning visit,13,1349.16,17539.08,E001,E020,2026-07-09 11:55
PO-00307,2026-07-06,V006,Office supplies,Office chair,12,799.13,9589.56,E012,E006,2026-07-06 15:40
PO-00308,2026-07-28,V046,Security services,Guard shift,69,508.82,35108.58,E032,E024,2026-07-28 10:57
PO-00309,2026-08-30,V040,Catering,Event catering per head,171,154.22,26371.62,E025,E015,2026-08-30 11:42
PO-00310,2026-08-17,V031,Facility services,Pest control visit,27,682.51,18427.77,E032,E006,2026-08-17 12:34
PO-00311,2026-09-27,V009,Office supplies,Toner cartridge,85,407.75,34658.75,E001,E021,2026-09-27 10:33
PO-00312,2026-09-10,V023,Building materials,Cement bag 50kg,1828,20.43,37346.04,E005,E008,2026-09-10 10:49
PO-00313,2026-09-16,V046,Security services,Access card batch,2,1615.55,3231.1,E032,E021,2026-09-16 08:09
PO-00314,2026-09-02,V015,IT hardware,Laptop,3,4334.7,13004.1,E002,E023,2026-09-02 15:12
PO-00315,2026-09-22,V022,Building materials,Ready-mix m3,106,275.44,29196.64,E029,E039,2026-09-22 09:28
PO-00316,2026-07-07,V023,Building materials,Cement bag 50kg,1352,17.61,23808.72,E035,E034,2026-07-07 11:30
PO-00317,2026-09-06,V003,Office supplies,A4 paper box,379,98.3,37255.7,E010,E013,2026-09-06 12:38
PO-00318,2026-08-27,V025,Building materials,Rebar ton,11,2787.95,30667.45,E011,E006,2026-08-27 15:25
PO-00319,2026-07-29,V046,Security services,Guard shift,51,481.85,24574.35,E017,E040,2026-07-29 15:14
PO-00320,2026-07-08,V026,Building materials,Rebar ton,6,3073.96,18443.76,E007,E039,2026-07-08 08:33
PO-00321,2026-07-14,V009,Office supplies,A4 paper box,416,100.46,41791.36,E030,E015,2026-07-14 16:09
PO-00322,2026-09-24,V019,Building materials,Rebar ton,2,2654.05,5308.1,E001,E022,2026-09-24 12:24
PO-00323,2026-08-05,V046,Security services,Access card batch,13,1625.66,21133.58,E001,E019,2026-08-05 14:15
PO-00324,2026-07-16,V046,Security services,Access card batch,1,1744.57,1744.57,E033,E021,2026-07-16 15:15
PO-00325,2026-07-05,V021,Building materials,Rebar ton,4,2782.23,11128.92,E018,E039,2026-07-05 16:51
PO-00326,2026-07-29,V021,Building materials,Rebar ton,1,2734.48,2734.48,E029,E008,2026-07-29 09:03
PO-00327,2026-08-05,V023,Building materials,Rebar ton,8,2630.87,21046.96,E004,E023,2026-08-05 10:03
PO-00328,2026-08-06,V015,IT hardware,Monitor 27in,28,1210.25,33887.0,E004,E021,2026-08-06 14:15
PO-00329,2026-07-09,V046,Security services,Access card batch,20,1732.31,34646.2,E007,E040,2026-07-09 13:07
PO-00330,2026-08-19,V011,IT hardware,Network switch,4,4120.23,16480.92,E026,E022,2026-08-19 14:46
PO-00331,2026-07-16,V046,Security services,Guard shift,67,513.71,34418.57,E010,E013,2026-07-16 08:28
PO-00332,2026-07-09,V013,IT hardware,Network switch,7,3917.78,27424.46,E014,E019,2026-07-09 14:08
PO-00333,2026-09-23,V030,Facility services,AC maintenance visit,17,971.23,16510.91,E030,E019,2026-09-23 10:43
PO-00334,2026-08-18,V046,Security services,Access card batch,12,1573.77,18885.24,E038,E024,2026-08-18 14:26
PO-00335,2026-09-13,V046,Security services,Access card batch,18,1791.58,32248.44,E035,E039,2026-09-13 08:30
PO-00336,2026-07-15,V019,Building materials,Cement bag 50kg,530,20.01,10605.3,E032,E024,2026-07-15 15:40
PO-00337,2026-08-26,V041,Catering,Event catering per head,243,149.48,36323.64,E012,E036,2026-08-26 13:52
PO-00338,2026-08-17,V046,Security services,Access card batch,8,1702.59,13620.72,E002,E024,2026-08-17 14:17
PO-00339,2026-08-05,V034,Facility services,AC maintenance visit,16,848.88,13582.08,E038,E024,2026-08-05 13:19
PO-00340,2026-07-26,V022,Building materials,Cement bag 50kg,2042,18.05,36858.1,E032,E013,2026-07-26 08:21
PO-00341,2026-07-22,V012,IT hardware,Network switch,8,3700.17,29601.36,E001,E019,2026-07-22 13:13
PO-00342,2026-07-19,V013,IT hardware,Laptop,7,4900.13,34300.91,E026,E022,2026-07-19 11:00
PO-00343,2026-08-13,V029,Facility services,AC maintenance visit,40,946.15,37846.0,E017,E040,2026-08-13 14:10
PO-00344,2026-07-02,V046,Security services,Guard shift,67,506.82,33956.94,E007,E013,2026-07-02 08:32
PO-00345,2026-07-13,V004,Office supplies,A4 paper box,394,96.8,38139.2,E029,E024,2026-07-13 14:01
PO-00346,2026-07-02,V046,Security services,CCTV maintenance,12,2170.12,26041.44,E017,E040,2026-07-02 13:04
PO-00347,2026-07-14,V009,Office supplies,Office chair,21,783.55,16454.55,E038,E036,2026-07-14 16:39
PO-00348,2026-09-07,V046,Security services,CCTV maintenance,17,2098.43,35673.31,E037,E015,2026-09-07 13:49
PO-00349,2026-07-19,V006,Office supplies,Toner cartridge,37,415.72,15381.64,E031,E040,2026-07-19 11:07
PO-00350,2026-09-09,V023,Building materials,Cement bag 50kg,1390,18.28,25409.2,E030,E020,2026-09-09 13:21
PO-00351,2026-09-14,V012,IT hardware,Laptop,1,4796.34,4796.34,E032,E022,2026-09-14 12:10
PO-00352,2026-09-16,V045,Catering,Water carton,723,14.91,10779.93,E012,E039,2026-09-16 08:28
PO-00353,2026-08-11,V043,Catering,Staff lunch box,90,31.65,2848.5,E010,E019,2026-08-11 16:22
PO-00354,2026-07-28,V044,Catering,Event catering per head,121,149.15,18047.15,E012,E024,2026-07-28 11:32
PO-00355,2026-07-13,V024,Building materials,Cement bag 50kg,824,19.43,16010.32,E038,E006,2026-07-13 16:45
PO-00356,2026-07-29,V024,Building materials,Rebar ton,13,2712.14,35257.82,E027,E021,2026-07-29 12:53
PO-00357,2026-08-12,V016,IT hardware,Network switch,7,3664.22,25649.54,E004,E006,2026-08-12 15:19
PO-00358,2026-08-12,V009,Office supplies,Office chair,2,772.87,1545.74,E032,E020,2026-08-12 13:35
PO-00359,2026-07-09,V046,Security services,CCTV maintenance,17,2101.7,35728.9,E025,E019,2026-07-09 09:04
PO-00360,2026-09-16,V013,IT hardware,Laptop,6,4568.39,27410.34,E029,E015,2026-09-16 16:46
PO-00361,2026-09-20,V008,Office supplies,A4 paper box,201,97.76,19649.76,E011,E039,2026-09-20 16:11
PO-00362,2026-07-27,V016,IT hardware,Network switch,2,3787.33,7574.66,E016,E020,2026-07-27 11:30
PO-00363,2026-07-22,V019,Building materials,Cement bag 50kg,451,18.92,8532.92,E003,E036,2026-07-22 11:44
PO-00364,2026-09-14,V046,Security services,Guard shift,16,454.68,7274.88,E002,E013,2026-09-14 16:01
PO-00365,2026-07-20,V046,Security services,Access card batch,15,1833.72,27505.8,E007,E021,2026-07-20 11:32
PO-00366,2026-07-29,V022,Building materials,Cement bag 50kg,513,19.29,9895.77,E005,E013,2026-07-29 12:12
PO-00367,2026-08-09,V023,Building materials,Ready-mix m3,125,247.4,30925.0,E002,E036,2026-08-09 12:37
PO-00368,2026-08-09,V046,Security services,Access card batch,21,1571.13,32993.73,E001,E020,2026-08-09 14:39
PO-00369,2026-09-09,V013,IT hardware,Network switch,8,4133.49,33067.92,E003,E039,2026-09-09 09:38
PO-00370,2026-09-13,V040,Catering,Staff lunch box,162,33.97,5503.14,E030,E023,2026-09-13 14:18
PO-00371,2026-08-27,V003,Office supplies,A4 paper box,125,95.88,11985.0,E032,E015,2026-08-27 15:50
PO-00372,2026-07-16,V040,Catering,Event catering per head,247,140.7,34752.9,E001,E019,2026-07-16 16:45
PO-00373,2026-08-17,V043,Catering,Event catering per head,122,138.13,16851.86,E028,E024,2026-08-17 13:20
PO-00374,2026-09-21,V019,Building materials,Rebar ton,4,2978.25,11913.0,E005,E040,2026-09-21 15:47
PO-00375,2026-08-31,V046,Security services,CCTV maintenance,15,2281.76,34226.4,E012,E039,2026-08-31 13:06
PO-00376,2026-08-02,V025,Building materials,Cement bag 50kg,1610,18.36,29559.6,E018,E013,2026-08-02 15:07
PO-00377,2026-07-12,V046,Security services,Access card batch,19,1657.82,31498.58,E037,E036,2026-07-12 10:29
PO-00378,2026-07-05,V046,Security services,CCTV maintenance,12,2267.78,27213.36,E007,E021,2026-07-05 12:38
PO-00379,2026-08-24,V022,Building materials,Rebar ton,7,2814.89,19704.23,E028,E039,2026-08-24 13:48
PO-00380,2026-07-09,V038,Catering,Staff lunch box,701,31.22,21885.22,E031,E008,2026-07-09 11:13
PO-00381,2026-07-30,V011,IT hardware,Network switch,5,3845.12,19225.6,E032,E039,2026-07-30 09:54
PO-00382,2026-08-23,V005,Office supplies,Office chair,10,816.02,8160.2,E037,E040,2026-08-23 08:31
PO-00383,2026-09-07,V023,Building materials,Rebar ton,13,2821.39,36678.07,E002,E015,2026-09-07 12:14
PO-00384,2026-09-09,V046,Security services,Access card batch,7,1702.62,11918.34,E007,E024,2026-09-09 09:17
PO-00385,2026-07-07,V008,Office supplies,Toner cartridge,18,418.71,7536.78,E004,E019,2026-07-07 11:10
PO-00386,2026-08-13,V023,Building materials,Cement bag 50kg,398,18.6,7402.8,E009,E021,2026-08-13 15:06
PO-00387,2026-07-14,V023,Building materials,Cement bag 50kg,1665,18.5,30802.5,E004,E040,2026-07-14 12:31
PO-00388,2026-07-22,V034,Facility services,Pest control visit,14,692.92,9700.88,E026,E013,2026-07-22 16:32
PO-00389,2026-09-15,V007,Office supplies,Toner cartridge,13,421.79,5483.27,E018,E013,2026-09-15 11:21
PO-00390,2026-09-15,V023,Building materials,Cement bag 50kg,1797,19.61,35239.17,E007,E022,2026-09-15 11:27
PO-00391,2026-09-08,V046,Security services,Guard shift,13,506.12,6579.56,E012,E036,2026-09-08 16:56
PO-00392,2026-09-02,V044,Catering,Event catering per head,35,141.55,4954.25,E018,E015,2026-09-02 14:24
PO-00393,2026-08-04,V001,Office supplies,A4 paper box,122,88.54,10801.88,E017,E019,2026-08-04 09:05
PO-00394,2026-08-31,V046,Security services,Guard shift,32,451.38,14444.16,E030,E034,2026-08-31 14:35
PO-00395,2026-07-16,V007,Office supplies,Office chair,48,769.81,36950.88,E032,E023,2026-07-16 08:52
PO-00396,2026-09-03,V035,Facility services,Cleaning visit,26,1418.87,36890.62,E017,E021,2026-09-03 08:24
PO-00397,2026-09-13,V014,IT hardware,Network switch,6,3704.72,22228.32,E009,E006,2026-09-13 14:49
PO-00398,2026-08-11,V005,Office supplies,A4 paper box,289,97.24,28102.36,E026,E023,2026-08-11 14:10
PO-00399,2026-07-20,V044,Catering,Water carton,2214,14.33,31726.62,E032,E020,2026-07-20 08:49
PO-00400,2026-08-13,V045,Catering,Event catering per head,261,139.06,36294.66,E004,E019,2026-08-13 08:54
PO-00401,2026-08-13,V012,IT hardware,Laptop,5,4871.47,24357.35,E010,E015,2026-08-13 16:52
PO-00402,2026-08-11,V013,IT hardware,Laptop,2,4635.17,9270.34,E025,E034,2026-08-11 10:35
PO-00403,2026-09-09,V002,Office supplies,A4 paper box,377,90.38,34073.26,E035,E039,2026-09-09 16:27
PO-00404,2026-08-13,V002,Office supplies,Toner cartridge,18,389.56,7012.08,E029,E020,2026-08-13 09:30
PO-00405,2026-08-03,V016,IT hardware,Monitor 27in,26,1148.32,29856.32,E035,E008,2026-08-03 15:01
PO-00406,2026-08-05,V004,Office supplies,A4 paper box,92,95.24,8762.08,E030,E019,2026-08-05 11:02
PO-00407,2026-07-12,V044,Catering,Water carton,858,14.48,12423.84,E003,E023,2026-07-12 12:53
PO-00408,2026-09-23,V029,Facility services,AC maintenance visit,3,837.84,2513.52,E011,E021,2026-09-23 13:56
PO-00409,2026-08-16,V040,Catering,Event catering per head,153,148.14,22665.42,E028,E019,2026-08-16 13:18
PO-00410,2026-09-30,V014,IT hardware,Monitor 27in,21,1139.56,23930.76,E007,E034,2026-09-30 08:45
PO-00411,2026-07-14,V046,Security services,Access card batch,19,1572.56,29878.64,E037,E034,2026-07-14 12:01
PO-00412,2026-09-28,V024,Building materials,Cement bag 50kg,689,18.41,12684.49,E001,E040,2026-09-28 12:10
PO-00413,2026-09-28,V046,Security services,CCTV maintenance,18,2160.11,38881.98,E026,E019,2026-09-28 13:15
PO-00414,2026-08-04,V025,Building materials,Cement bag 50kg,720,20.35,14652.0,E002,E008,2026-08-04 09:52
PO-00415,2026-09-27,V008,Office supplies,Toner cartridge,41,434.73,17823.93,E003,E013,2026-09-27 12:51
PO-00416,2026-08-16,V039,Catering,Event catering per head,204,154.64,31546.56,E031,E020,2026-08-16 15:41
PO-00417,2026-08-03,V014,IT hardware,Monitor 27in,11,1105.35,12158.85,E001,E020,2026-08-03 13:01
PO-00418,2026-07-21,V026,Building materials,Rebar ton,11,2924.52,32169.72,E009,E034,2026-07-21 09:54
PO-00419,2026-09-07,V006,Office supplies,Office chair,9,766.91,6902.19,E029,E019,2026-09-07 11:36
PO-00420,2026-07-01,V030,Facility services,Cleaning visit,24,1318.8,31651.2,E017,E008,2026-07-01 10:58
PO-00421,2026-09-29,V043,Catering,Event catering per head,165,143.97,23755.05,E028,E013,2026-09-29 09:26
PO-00422,2026-09-15,V014,IT hardware,Monitor 27in,17,1239.51,21071.67,E031,E006,2026-09-15 09:28
PO-00423,2026-07-13,V001,Office supplies,A4 paper box,70,90.43,6330.1,E026,E039,2026-07-13 12:53
PO-00424,2026-08-24,V046,Security services,Access card batch,15,1773.62,26604.3,E001,E013,2026-08-24 14:20
PO-00425,2026-09-21,V007,Office supplies,Toner cartridge,30,413.35,12400.5,E031,E036,2026-09-21 11:45
PO-00426,2026-08-24,V046,Security services,Guard shift,73,515.15,37605.95,E027,E020,2026-08-24 08:30
PO-00427,2026-07-22,V046,Security services,CCTV maintenance,6,2072.67,12436.02,E004,E006,2026-07-22 15:11
PO-00428,2026-07-30,V021,Building materials,Cement bag 50kg,782,20.47,16007.54,E005,E034,2026-07-30 14:04
PO-00429,2026-09-16,V019,Building materials,Cement bag 50kg,1920,18.48,35481.6,E033,E008,2026-09-16 13:12
PO-00430,2026-07-09,V029,Facility services,Cleaning visit,4,1372.64,5490.56,E018,E024,2026-07-09 13:10
PO-00431,2026-09-13,V027,Building materials,Rebar ton,4,2663.09,10652.36,E025,E034,2026-09-13 11:27
PO-00432,2026-09-28,V035,Facility services,Pest control visit,37,643.03,23792.11,E026,E036,2026-09-28 16:34
PO-00433,2026-08-04,V034,Facility services,AC maintenance visit,8,912.02,7296.16,E026,E013,2026-08-04 11:56
PO-00434,2026-08-04,V046,Security services,Access card batch,6,1748.27,10489.62,E028,E022,2026-08-04 13:04
PO-00435,2026-07-06,V046,Security services,Guard shift,37,461.73,17084.01,E018,E040,2026-07-06 16:16
PO-00436,2026-09-16,V016,IT hardware,Network switch,5,3701.24,18506.2,E029,E034,2026-09-16 13:18
PO-00437,2026-09-28,V012,IT hardware,Network switch,6,3596.14,21576.84,E032,E022,2026-09-28 10:53
PO-00438,2026-09-08,V038,Catering,Staff lunch box,1065,32.36,34463.4,E011,E006,2026-09-08 10:18
PO-00439,2026-09-28,V040,Catering,Water carton,695,14.6,10147.0,E017,E019,2026-09-28 15:57
PO-00440,2026-09-08,V007,Office supplies,A4 paper box,350,90.39,31636.5,E033,E015,2026-09-08 11:20
PO-00441,2026-09-03,V030,Facility services,Pest control visit,26,692.8,18012.8,E037,E022,2026-09-03 09:49
PO-00442,2026-09-28,V011,IT hardware,Monitor 27in,3,1090.86,3272.58,E031,E019,2026-09-28 11:02
PO-00443,2026-07-28,V020,Building materials,Cement bag 50kg,1706,18.89,32226.34,E037,E006,2026-07-28 09:23
PO-00444,2026-07-06,V003,Office supplies,Toner cartridge,35,451.41,15799.35,E007,E034,2026-07-06 12:53
PO-00445,2026-07-21,V045,Catering,Event catering per head,119,149.34,17771.46,E014,E021,2026-07-21 13:09
PO-00446,2026-07-13,V016,IT hardware,Laptop,1,4928.22,4928.22,E011,E006,2026-07-13 13:06
PO-00447,2026-09-23,V038,Catering,Water carton,1310,13.06,17108.6,E029,E015,2026-09-23 08:48
PO-00448,2026-08-02,V004,Office supplies,Toner cartridge,57,443.68,25289.76,E031,E008,2026-08-02 09:43
PO-00449,2026-09-29,V019,Building materials,Ready-mix m3,121,263.17,31843.57,E014,E015,2026-09-29 08:40
PO-00450,2026-07-16,V008,Office supplies,A4 paper box,102,89.44,9122.88,E012,E036,2026-07-16 08:12
PO-00451,2026-07-06,V043,Catering,Water carton,1333,14.76,19675.08,E029,E034,2026-07-06 15:24
PO-00452,2026-07-07,V027,Building materials,Ready-mix m3,14,245.73,3440.22,E009,E036,2026-07-07 11:42
PO-00453,2026-09-02,V012,IT hardware,Laptop,2,4922.16,9844.32,E003,E034,2026-09-02 10:52
PO-00454,2026-07-01,V029,Facility services,Cleaning visit,28,1247.05,34917.4,E018,E006,2026-07-01 10:46
PO-00455,2026-07-01,V019,Building materials,Cement bag 50kg,1786,18.64,33291.04,E026,E021,2026-07-01 16:42
PO-00456,2026-08-25,V010,IT hardware,Monitor 27in,3,1190.67,3572.01,E012,E039,2026-08-25 11:34
PO-00457,2026-09-15,V025,Building materials,Ready-mix m3,125,274.45,34306.25,E012,E019,2026-09-15 15:10
PO-00458,2026-09-22,V014,IT hardware,Network switch,5,3859.49,19297.45,E001,E040,2026-09-22 15:15
PO-00459,2026-09-20,V002,Office supplies,A4 paper box,89,89.93,8003.77,E025,E034,2026-09-20 16:41
PO-00460,2026-09-01,V023,Building materials,Ready-mix m3,103,283.59,29209.77,E012,E034,2026-09-01 12:22
PO-00461,2026-09-22,V046,Security services,CCTV maintenance,13,2183.15,28380.95,E002,E015,2026-09-22 13:32
PO-00462,2026-08-31,V011,IT hardware,Network switch,3,3610.09,10830.27,E005,E015,2026-08-31 12:32
PO-00463,2026-08-23,V041,Catering,Water carton,655,14.3,9366.5,E035,E008,2026-08-23 09:36
PO-00464,2026-07-22,V011,IT hardware,Monitor 27in,25,1180.39,29509.75,E027,E008,2026-07-22 16:23
PO-00465,2026-09-21,V030,Facility services,Cleaning visit,17,1323.55,22500.35,E018,E015,2026-09-21 11:28
PO-00466,2026-08-05,V034,Facility services,Cleaning visit,26,1247.65,32438.9,E010,E023,2026-08-05 14:42
PO-00467,2026-07-26,V034,Facility services,AC maintenance visit,30,914.23,27426.9,E018,E022,2026-07-26 13:42
PO-00468,2026-07-07,V029,Facility services,Cleaning visit,8,1274.13,10193.04,E033,E024,2026-07-07 09:10
PO-00469,2026-09-10,V036,Facility services,Cleaning visit,24,1450.42,34810.08,E002,E008,2026-09-10 16:31
PO-00470,2026-07-12,V026,Building materials,Ready-mix m3,85,282.52,24014.2,E011,E036,2026-07-12 16:02
PO-00471,2026-08-25,V002,Office supplies,Toner cartridge,61,405.02,24706.22,E035,E022,2026-08-25 08:50
PO-00472,2026-07-15,V019,Building materials,Ready-mix m3,111,274.47,30466.17,E028,E013,2026-07-15 08:09
PO-00473,2026-09-01,V006,Office supplies,Toner cartridge,35,398.88,13960.8,E027,E015,2026-09-01 10:16
PO-00474,2026-08-12,V046,Security services,Access card batch,20,1816.75,36335.0,E005,E040,2026-08-12 15:31
PO-00475,2026-08-02,V032,Facility services,AC maintenance visit,27,967.12,26112.24,E037,E021,2026-08-02 15:21
PO-00476,2026-09-14,V031,Facility services,Cleaning visit,6,1382.23,8293.38,E032,E013,2026-09-14 15:31
PO-00477,2026-09-15,V008,Office supplies,Toner cartridge,52,388.25,20189.0,E017,E023,2026-09-15 08:58
PO-00478,2026-07-06,V046,Security services,Guard shift,8,515.55,4124.4,E037,E008,2026-07-06 11:15
PO-00479,2026-07-16,V043,Catering,Staff lunch box,1147,33.9,38883.3,E028,E040,2026-07-16 13:36
PO-00480,2026-08-16,V034,Facility services,Pest control visit,9,641.33,5771.97,E033,E039,2026-08-16 09:24
PO-00481,2026-09-17,V025,Building materials,Cement bag 50kg,805,17.52,14103.6,E031,E021,2026-09-17 11:14
PO-00482,2026-09-17,V024,Building materials,Ready-mix m3,64,249.88,15992.32,E001,E040,2026-09-17 14:22
PO-00483,2026-09-16,V005,Office supplies,Toner cartridge,92,449.82,41383.44,E002,E006,2026-09-16 08:39
PO-00484,2026-08-18,V012,IT hardware,Monitor 27in,24,1060.14,25443.36,E018,E034,2026-08-18 11:06
PO-00485,2026-07-28,V014,IT hardware,Network switch,4,3936.17,15744.68,E035,E020,2026-07-28 15:50
PO-00486,2026-09-13,V036,Facility services,Cleaning visit,20,1316.86,26337.2,E003,E023,2026-09-13 09:29
PO-00487,2026-08-06,V022,Building materials,Cement bag 50kg,237,18.28,4332.36,E018,E039,2026-08-06 12:49
PO-00488,2026-07-27,V046,Security services,CCTV maintenance,9,2321.26,20891.34,E025,E020,2026-07-27 11:45
PO-00489,2026-09-08,V046,Security services,Guard shift,61,481.93,29397.73,E011,E040,2026-09-08 09:21
PO-00490,2026-07-16,V025,Building materials,Rebar ton,1,2794.57,2794.57,E005,E015,2026-07-16 10:53
PO-00491,2026-07-29,V034,Facility services,AC maintenance visit,33,943.59,31138.47,E032,E036,2026-07-29 14:06
PO-00492,2026-07-27,V046,Security services,Guard shift,65,507.64,32996.6,E032,E036,2026-07-27 14:07
PO-00493,2026-08-30,V018,IT hardware,Monitor 27in,23,1115.52,25656.96,E032,E019,2026-08-30 12:49
PO-00494,2026-08-30,V009,Office supplies,Toner cartridge,67,410.76,27520.92,E030,E036,2026-08-30 08:59
PO-00495,2026-07-14,V016,IT hardware,Laptop,7,4538.78,31771.46,E004,E008,2026-07-14 13:10
PO-00496,2026-09-20,V040,Catering,Staff lunch box,650,32.56,21164.0,E012,E006,2026-09-20 08:25
PO-00497,2026-08-06,V032,Facility services,AC maintenance visit,27,928.71,25075.17,E035,E021,2026-08-06 10:28
PO-00498,2026-08-19,V040,Catering,Staff lunch box,455,34.05,15492.75,E031,E015,2026-08-19 15:17
PO-00499,2026-09-14,V046,Security services,Guard shift,11,504.72,5551.92,E032,E024,2026-09-14 10:54
PO-00500,2026-08-18,V010,IT hardware,Network switch,3,3851.95,11555.85,E033,E021,2026-08-18 11:37
PO-00501,2026-09-28,V031,Facility services,AC maintenance visit,39,857.51,33442.89,E011,E039,2026-09-28 08:21
PO-00502,2026-09-21,V009,Office supplies,Office chair,43,781.36,33598.48,E004,E020,2026-09-21 09:49
PO-00503,2026-07-29,V021,Building materials,Cement bag 50kg,512,18.38,9410.56,E002,E013,2026-07-29 16:24
PO-00504,2026-08-16,V021,Building materials,Ready-mix m3,21,270.31,5676.51,E003,E024,2026-08-16 09:16
PO-00505,2026-09-08,V038,Catering,Event catering per head,39,148.18,5779.02,E033,E015,2026-09-08 16:31
PO-00506,2026-09-27,V028,Facility services,Cleaning visit,21,1269.55,26660.55,E018,E036,2026-09-27 10:13
PO-00507,2026-07-28,V021,Building materials,Cement bag 50kg,1569,18.0,28242.0,E003,E036,2026-07-28 09:43
PO-00508,2026-07-27,V004,Office supplies,Toner cartridge,92,389.41,35825.72,E025,E013,2026-07-27 08:30
PO-00509,2026-07-27,V010,IT hardware,Monitor 27in,5,1127.94,5639.7,E011,E024,2026-07-27 10:26
PO-00510,2026-09-14,V013,IT hardware,Network switch,10,3993.7,39937.0,E004,E021,2026-09-14 13:58
PO-00511,2026-08-31,V007,Office supplies,Office chair,23,754.46,17352.58,E033,E040,2026-08-31 15:35
PO-00512,2026-08-02,V046,Security services,CCTV maintenance,7,2173.58,15215.06,E011,E020,2026-08-02 14:41
PO-00513,2026-09-08,V046,Security services,CCTV maintenance,9,2056.78,18511.02,E007,E036,2026-09-08 15:30
PO-00514,2026-07-14,V043,Catering,Water carton,1115,14.18,15810.7,E009,E036,2026-07-14 16:24
PO-00515,2026-08-19,V029,Facility services,Cleaning visit,3,1431.54,4294.62,E017,E020,2026-08-19 16:30
PO-00516,2026-08-24,V003,Office supplies,Toner cartridge,35,414.33,14501.55,E025,E013,2026-08-24 15:54
PO-00517,2026-08-06,V025,Building materials,Rebar ton,7,2929.74,20508.18,E035,E022,2026-08-06 15:31
PO-00518,2026-07-02,V010,IT hardware,Network switch,7,3885.54,27198.78,E007,E008,2026-07-02 13:54
PO-00519,2026-09-13,V044,Catering,Event catering per head,47,147.42,6928.74,E032,E040,2026-09-13 13:28
PO-00520,2026-07-29,V015,IT hardware,Network switch,1,3724.86,3724.86,E003,E019,2026-07-29 12:20
PO-00521,2026-07-07,V028,Facility services,Cleaning visit,26,1296.34,33704.84,E035,E039,2026-07-07 16:11
PO-00522,2026-09-09,V045,Catering,Water carton,306,13.09,4005.54,E025,E021,2026-09-09 15:14
PO-00523,2026-09-02,V026,Building materials,Cement bag 50kg,1593,18.24,29056.32,E011,E006,2026-09-02 10:03
PO-00524,2026-09-28,V011,IT hardware,Network switch,7,4004.09,28028.63,E017,E036,2026-09-28 12:20
PO-00525,2026-07-05,V029,Facility services,Pest control visit,55,674.18,37079.9,E003,E013,2026-07-05 11:53
PO-00526,2026-09-30,V015,IT hardware,Laptop,6,4864.72,29188.32,E031,E034,2026-09-30 11:40
PO-00527,2026-09-30,V013,IT hardware,Network switch,5,3813.67,19068.35,E037,E039,2026-09-30 16:22
PO-00528,2026-08-06,V046,Security services,Guard shift,77,489.94,37725.38,E007,E024,2026-08-06 09:30
PO-00529,2026-07-26,V022,Building materials,Ready-mix m3,135,279.47,37728.45,E018,E015,2026-07-26 11:12
PO-00530,2026-07-16,V041,Catering,Event catering per head,146,142.14,20752.44,E009,E024,2026-07-16 16:03
PO-00531,2026-08-05,V018,IT hardware,Network switch,9,3752.6,33773.4,E009,E034,2026-08-05 10:15
PO-00532,2026-09-17,V018,IT hardware,Network switch,1,3972.49,3972.49,E032,E020,2026-09-17 13:25
PO-00533,2026-07-29,V003,Office supplies,A4 paper box,263,99.33,26123.79,E011,E020,2026-07-29 08:37
PO-00534,2026-08-10,V020,Building materials,Rebar ton,5,3006.14,15030.7,E038,E015,2026-08-10 16:03
PO-00535,2026-09-09,V027,Building materials,Ready-mix m3,12,260.28,3123.36,E038,E020,2026-09-09 11:32
PO-00536,2026-08-10,V035,Facility services,AC maintenance visit,31,922.3,28591.3,E037,E040,2026-08-10 15:14
PO-00537,2026-09-02,V022,Building materials,Cement bag 50kg,603,19.28,11625.84,E038,E020,2026-09-02 15:15
PO-00538,2026-09-29,V027,Building materials,Cement bag 50kg,240,20.18,4843.2,E027,E022,2026-09-29 11:38
PO-00539,2026-08-30,V024,Building materials,Cement bag 50kg,425,19.36,8228.0,E012,E015,2026-08-30 13:13
PO-00540,2026-07-16,V046,Security services,Access card batch,8,1588.41,12707.28,E001,E013,2026-07-16 10:25
PO-00541,2026-07-22,V040,Catering,Water carton,1069,13.83,14784.27,E004,E024,2026-07-22 15:44
PO-00542,2026-08-24,V018,IT hardware,Monitor 27in,13,1082.35,14070.55,E010,E040,2026-08-24 11:03
PO-00543,2026-08-16,V034,Facility services,AC maintenance visit,20,890.54,17810.8,E012,E022,2026-08-16 12:52
PO-00544,2026-08-26,V041,Catering,Event catering per head,104,150.81,15684.24,E004,E034,2026-08-26 14:19
PO-00545,2026-07-09,V010,IT hardware,Monitor 27in,2,1176.87,2353.74,E030,E006,2026-07-09 14:28
PO-00546,2026-08-03,V040,Catering,Staff lunch box,314,34.21,10741.94,E026,E034,2026-08-03 15:00
PO-00547,2026-09-17,V009,Office supplies,Office chair,4,770.07,3080.28,E011,E040,2026-09-17 09:36
PO-00548,2026-08-11,V034,Facility services,AC maintenance visit,3,955.67,2867.01,E030,E036,2026-08-11 09:16
PO-00549,2026-07-29,V003,Office supplies,A4 paper box,307,89.11,27356.77,E026,E006,2026-07-29 15:15
PO-00550,2026-09-10,V006,Office supplies,Toner cartridge,32,438.72,14039.04,E017,E021,2026-09-10 12:13
PO-00551,2026-07-21,V024,Building materials,Rebar ton,6,3066.47,18398.82,E035,E039,2026-07-21 15:55
PO-00552,2026-08-17,V011,IT hardware,Monitor 27in,25,1133.49,28337.25,E032,E039,2026-08-17 11:06
PO-00553,2026-09-20,V023,Building materials,Rebar ton,8,2731.93,21855.44,E026,E023,2026-09-20 09:06
PO-00554,2026-09-28,V036,Facility services,Cleaning visit,2,1341.92,2683.84,E031,E024,2026-09-28 08:12
PO-00555,2026-09-20,V045,Catering,Water carton,2308,14.04,32404.32,E030,E022,2026-09-20 09:33
PO-00556,2026-08-02,V022,Building materials,Rebar ton,11,2845.15,31296.65,E007,E022,2026-08-02 10:09
PO-00557,2026-09-22,V002,Office supplies,Toner cartridge,39,427.12,16657.68,E033,E023,2026-09-22 11:18
PO-00558,2026-07-27,V039,Catering,Event catering per head,191,151.71,28976.61,E003,E006,2026-07-27 12:52
PO-00559,2026-09-01,V017,IT hardware,Laptop,8,4236.81,33894.48,E033,E024,2026-09-01 12:18
PO-00560,2026-07-09,V027,Building materials,Rebar ton,4,3075.38,12301.52,E026,E021,2026-07-09 16:02
PO-00561,2026-08-06,V046,Security services,Access card batch,19,1793.17,34070.23,E004,E036,2026-08-06 14:38
PO-00562,2026-09-17,V015,IT hardware,Monitor 27in,3,1089.15,3267.45,E027,E040,2026-09-17 16:59
PO-00563,2026-09-16,V040,Catering,Water carton,918,13.0,11934.0,E032,E040,2026-09-16 12:55
PO-00564,2026-08-12,V045,Catering,Event catering per head,61,147.82,9017.02,E005,E022,2026-08-12 14:18
PO-00565,2026-08-19,V014,IT hardware,Laptop,6,4878.73,29272.38,E017,E008,2026-08-19 16:54
PO-00566,2026-09-06,V035,Facility services,Pest control visit,9,633.98,5705.82,E004,E040,2026-09-06 09:00
PO-00567,2026-09-21,V011,IT hardware,Laptop,8,4491.07,35928.56,E005,E040,2026-09-21 16:37
PO-00568,2026-07-20,V013,IT hardware,Monitor 27in,12,1240.2,14882.4,E027,E024,2026-07-20 10:43
PO-00569,2026-07-29,V032,Facility services,Cleaning visit,24,1275.82,30619.68,E005,E006,2026-07-29 14:22
PO-00570,2026-08-25,V046,Security services,Guard shift,12,477.92,5735.04,E007,E021,2026-08-25 16:49
PO-00571,2026-07-22,V030,Facility services,Pest control visit,32,643.59,20594.88,E002,E034,2026-07-22 15:27
PO-00572,2026-07-06,V029,Facility services,AC maintenance visit,11,951.3,10464.3,E038,E019,2026-07-06 16:51
PO-00573,2026-07-21,V014,IT hardware,Laptop,7,4268.72,29881.04,E003,E022,2026-07-21 13:34
PO-00574,2026-07-08,V008,Office supplies,A4 paper box,201,91.21,18333.21,E002,E036,2026-07-08 10:39
PO-00575,2026-09-30,V042,Catering,Water carton,205,13.63,2794.15,E025,E036,2026-09-30 08:11
PO-00576,2026-08-24,V037,Catering,Event catering per head,139,138.37,19233.43,E030,E013,2026-08-24 13:17
PO-00577,2026-07-12,V030,Facility services,Cleaning visit,28,1258.43,35236.04,E033,E039,2026-07-12 16:37
PO-00578,2026-07-16,V021,Building materials,Rebar ton,13,3049.21,39639.73,E033,E036,2026-07-16 11:38
PO-00579,2026-08-06,V022,Building materials,Ready-mix m3,46,286.15,13162.9,E014,E013,2026-08-06 15:53
PO-00580,2026-09-20,V040,Catering,Event catering per head,19,155.21,2948.99,E009,E024,2026-09-20 11:49
PO-00581,2026-09-15,V046,Security services,CCTV maintenance,6,2213.0,13278.0,E011,E006,2026-09-15 13:23
PO-00582,2026-09-16,V046,Security services,CCTV maintenance,14,2103.48,29448.72,E011,E040,2026-09-16 13:57
PO-00583,2026-08-19,V029,Facility services,Cleaning visit,20,1360.87,27217.4,E033,E020,2026-08-19 12:43
PO-00584,2026-08-20,V046,Security services,CCTV maintenance,10,2173.61,21736.1,E014,E006,2026-08-20 14:34
PO-00585,2026-07-05,V003,Office supplies,Toner cartridge,22,423.56,9318.32,E004,E039,2026-07-05 11:18
PO-00586,2026-07-22,V046,Security services,CCTV maintenance,11,2143.52,23578.72,E037,E021,2026-07-22 16:40
PO-00587,2026-07-30,V004,Office supplies,A4 paper box,318,93.97,29882.46,E038,E023,2026-07-30 11:37
PO-00588,2026-09-08,V015,IT hardware,Laptop,1,4397.67,4397.67,E037,E022,2026-09-08 08:16
PO-00589,2026-08-03,V032,Facility services,Cleaning visit,25,1367.02,34175.5,E030,E039,2026-08-03 14:16
PO-00590,2026-07-23,V006,Office supplies,Office chair,22,839.23,18463.06,E016,E006,2026-07-23 14:08
PO-00591,2026-07-08,V006,Office supplies,Office chair,3,746.38,2239.14,E011,E039,2026-07-08 14:28
PO-00592,2026-09-07,V037,Catering,Staff lunch box,515,30.94,15934.1,E003,E006,2026-09-07 09:30
PO-00593,2026-08-11,V042,Catering,Water carton,639,13.44,8588.16,E018,E015,2026-08-11 11:33
PO-00594,2026-09-30,V005,Office supplies,A4 paper box,223,100.26,22357.98,E003,E023,2026-09-30 11:43
PO-00595,2026-09-28,V018,IT hardware,Monitor 27in,22,1103.6,24279.2,E028,E015,2026-09-28 08:16
PO-00596,2026-09-07,V012,IT hardware,Network switch,7,3962.06,27734.42,E017,E040,2026-09-07 12:04
PO-00597,2026-07-22,V026,Building materials,Rebar ton,4,2855.16,11420.64,E033,E022,2026-07-22 16:01
PO-00598,2026-07-27,V031,Facility services,AC maintenance visit,39,837.58,32665.62,E016,E036,2026-07-27 16:39
PO-00599,2026-09-14,V020,Building materials,Rebar ton,1,2708.53,2708.53,E002,E019,2026-09-14 13:46
PO-00600,2026-07-14,V046,Security services,Access card batch,5,1583.04,7915.2,E018,E019,2026-07-14 09:16
PO-00601,2026-09-08,V030,Facility services,AC maintenance visit,43,907.81,39035.83,E033,E006,2026-09-08 15:26
PO-00602,2026-07-22,V046,Security services,Access card batch,8,1593.78,12750.24,E032,E019,2026-07-22 09:35
PO-00603,2026-09-17,V040,Catering,Staff lunch box,835,32.55,27179.25,E001,E039,2026-09-17 13:45
PO-00604,2026-07-27,V032,Facility services,Cleaning visit,21,1301.65,27334.65,E038,E024,2026-07-27 15:32
PO-00605,2026-09-09,V031,Facility services,Cleaning visit,8,1272.91,10183.28,E002,E021,2026-09-09 14:38
PO-00606,2026-09-20,V040,Catering,Staff lunch box,848,29.68,25168.64,E012,E019,2026-09-20 16:32
PO-00607,2026-09-23,V015,IT hardware,Monitor 27in,17,1191.66,20258.22,E031,E019,2026-09-23 15:02
PO-00608,2026-08-05,V009,Office supplies,A4 paper box,278,94.85,26368.3,E005,E013,2026-08-05 10:58
PO-00609,2026-07-14,V035,Facility services,Pest control visit,59,665.65,39273.35,E025,E024,2026-07-14 12:22
PO-00610,2026-09-01,V022,Building materials,Ready-mix m3,87,276.52,24057.24,E031,E008,2026-09-01 11:25
PO-00611,2026-09-15,V012,IT hardware,Laptop,2,4817.06,9634.12,E014,E020,2026-09-15 09:04
PO-00612,2026-09-03,V013,IT hardware,Monitor 27in,22,1096.73,24128.06,E035,E015,2026-09-03 10:26
PO-00613,2026-08-03,V013,IT hardware,Monitor 27in,31,1122.09,34784.79,E010,E040,2026-08-03 16:25
PO-00614,2026-08-02,V012,IT hardware,Monitor 27in,23,1102.49,25357.27,E025,E008,2026-08-02 16:47
PO-00615,2026-09-03,V003,Office supplies,Toner cartridge,44,440.0,19360.0,E029,E015,2026-09-03 14:12
PO-00616,2026-09-10,V042,Catering,Event catering per head,140,147.53,20654.2,E011,E008,2026-09-10 11:14
PO-00617,2026-07-23,V009,Office supplies,Office chair,29,765.02,22185.58,E033,E039,2026-07-23 15:24
PO-00618,2026-07-05,V030,Facility services,Cleaning visit,16,1306.95,20911.2,E035,E020,2026-07-05 09:23
PO-00619,2026-07-12,V020,Building materials,Cement bag 50kg,244,18.01,4394.44,E003,E023,2026-07-12 13:13
PO-00620,2026-08-31,V040,Catering,Water carton,567,14.5,8221.5,E014,E006,2026-08-31 16:02
PO-00621,2026-07-20,V006,Office supplies,A4 paper box,355,102.05,36227.75,E010,E008,2026-07-20 16:29
PO-00622,2026-08-31,V028,Facility services,Cleaning visit,19,1284.78,24410.82,E011,E013,2026-08-31 13:11
PO-00623,2026-07-06,V007,Office supplies,A4 paper box,233,93.32,21743.56,E007,E034,2026-07-06 11:36
PO-00624,2026-08-12,V031,Facility services,Cleaning visit,23,1326.85,30517.55,E004,E013,2026-08-12 13:11
PO-00625,2026-09-24,V028,Facility services,Cleaning visit,16,1455.81,23292.96,E011,E040,2026-09-24 11:12
PO-00626,2026-07-02,V032,Facility services,Cleaning visit,19,1413.6,26858.4,E029,E040,2026-07-02 09:16
PO-00627,2026-07-27,V030,Facility services,AC maintenance visit,34,966.54,32862.36,E027,E021,2026-07-27 15:13
PO-00628,2026-07-20,V005,Office supplies,Toner cartridge,23,443.5,10200.5,E009,E039,2026-07-20 08:14
PO-00629,2026-07-14,V046,Security services,CCTV maintenance,3,2172.64,6517.92,E012,E020,2026-07-14 08:05
PO-00630,2026-08-23,V012,IT hardware,Monitor 27in,27,1063.05,28702.35,E003,E013,2026-08-23 08:46
PO-00631,2026-09-30,V026,Building materials,Ready-mix m3,97,259.84,25204.48,E035,E036,2026-09-30 08:22
PO-00632,2026-08-10,V046,Security services,Guard shift,19,442.11,8400.09,E003,E036,2026-08-10 12:50
PO-00633,2026-08-31,V027,Building materials,Rebar ton,4,2843.48,11373.92,E033,E015,2026-08-31 14:05
PO-00634,2026-07-14,V032,Facility services,Pest control visit,57,654.33,37296.81,E016,E020,2026-07-14 09:07
PO-00635,2026-09-21,V020,Building materials,Cement bag 50kg,2085,19.32,40282.2,E037,E015,2026-09-21 13:04
PO-00636,2026-07-29,V026,Building materials,Ready-mix m3,55,276.1,15185.5,E025,E006,2026-07-29 15:19
PO-00637,2026-07-02,V030,Facility services,Pest control visit,13,601.11,7814.43,E032,E036,2026-07-02 08:11
PO-00638,2026-07-06,V002,Office supplies,A4 paper box,41,96.23,3945.43,E007,E034,2026-07-06 08:22
PO-00639,2026-08-06,V034,Facility services,AC maintenance visit,43,935.66,40233.38,E010,E015,2026-08-06 09:27
PO-00640,2026-07-09,V017,IT hardware,Laptop,6,4430.5,26583.0,E004,E039,2026-07-09 11:56
PO-00641,2026-08-05,V036,Facility services,Pest control visit,58,695.77,40354.66,E011,E013,2026-08-05 11:27
PO-00642,2026-07-16,V007,Office supplies,A4 paper box,58,99.32,5760.56,E030,E020,2026-07-16 14:46
PO-00643,2026-07-29,V045,Catering,Water carton,185,14.54,2689.9,E011,E013,2026-07-29 11:54
PO-00644,2026-08-11,V046,Security services,Access card batch,22,1772.64,38998.08,E018,E024,2026-08-11 15:01
PO-00645,2026-09-03,V008,Office supplies,Toner cartridge,94,411.96,38724.24,E003,E024,2026-09-03 11:41
PO-00646,2026-07-21,V046,Security services,CCTV maintenance,8,2316.87,18534.96,E002,E015,2026-07-21 15:02
PO-00647,2026-08-04,V013,IT hardware,Laptop,3,4953.27,14859.81,E007,E008,2026-08-04 11:09
PO-00648,2026-07-19,V031,Facility services,AC maintenance visit,36,866.72,31201.92,E003,E015,2026-07-19 15:56
PO-00649,2026-09-28,V014,IT hardware,Laptop,2,4825.04,9650.08,E032,E022,2026-09-28 12:32
PO-00650,2026-09-23,V011,IT hardware,Monitor 27in,33,1064.76,35137.08,E025,E008,2026-09-23 13:05
PO-00651,2026-08-16,V012,IT hardware,Monitor 27in,2,1136.39,2272.78,E010,E034,2026-08-16 10:03
PO-00652,2026-08-02,V030,Facility services,Cleaning visit,2,1327.89,2655.78,E031,E021,2026-08-02 10:34
PO-00653,2026-08-27,V002,Office supplies,Office chair,12,816.6,9799.2,E031,E022,2026-08-27 16:25
PO-00654,2026-08-30,V022,Building materials,Cement bag 50kg,1973,18.02,35553.46,E002,E019,2026-08-30 12:25
PO-00655,2026-07-05,V046,Security services,Access card batch,20,1688.65,33773.0,E037,E019,2026-07-05 16:24
PO-00656,2026-08-13,V009,Office supplies,A4 paper box,335,99.39,33295.65,E004,E020,2026-08-13 12:47
PO-00657,2026-09-28,V024,Building materials,Ready-mix m3,37,259.29,9593.73,E037,E021,2026-09-28 15:41
PO-00658,2026-09-23,V037,Catering,Water carton,2657,14.45,38393.65,E004,E039,2026-09-23 13:13
PO-00659,2026-09-03,V019,Building materials,Ready-mix m3,135,263.82,35615.7,E025,E040,2026-09-03 15:23
PO-00660,2026-09-22,V046,Security services,CCTV maintenance,17,2080.95,35376.15,E018,E015,2026-09-22 09:57
PO-00661,2026-07-06,V012,IT hardware,Laptop,7,4267.38,29871.66,E030,E013,2026-07-06 14:22
PO-00662,2026-09-27,V006,Office supplies,Toner cartridge,93,410.58,38183.94,E011,E023,2026-09-27 15:44
PO-00663,2026-07-28,V001,Office supplies,A4 paper box,237,101.21,23986.77,E030,E013,2026-07-28 12:42
PO-00664,2026-07-01,V037,Catering,Staff lunch box,257,32.25,8288.25,E027,E021,2026-07-01 10:54
PO-00665,2026-09-20,V023,Building materials,Rebar ton,4,2847.58,11390.32,E035,E020,2026-09-20 09:16
PO-00666,2026-08-16,V046,Security services,Guard shift,72,503.53,36254.16,E027,E023,2026-08-16 11:14
PO-00667,2026-08-11,V045,Catering,Water carton,2657,14.73,39137.61,E033,E036,2026-08-11 09:22
PO-00668,2026-07-02,V029,Facility services,Pest control visit,42,606.29,25464.18,E007,E006,2026-07-02 11:07
PO-00669,2026-08-23,V024,Building materials,Ready-mix m3,94,283.91,26687.54,E009,E019,2026-08-23 11:41
PO-00670,2026-08-31,V026,Building materials,Cement bag 50kg,1325,19.28,25546.0,E032,E024,2026-08-31 08:29
PO-00671,2026-07-26,V045,Catering,Water carton,1498,14.22,21301.56,E018,E022,2026-07-26 14:53
PO-00672,2026-09-17,V035,Facility services,Cleaning visit,23,1298.45,29864.35,E011,E015,2026-09-17 10:34
PO-00673,2026-09-10,V011,IT hardware,Monitor 27in,15,1105.12,16576.8,E005,E020,2026-09-10 10:03
PO-00674,2026-08-02,V002,Office supplies,A4 paper box,318,90.38,28740.84,E001,E034,2026-08-02 16:20
PO-00675,2026-08-26,V004,Office supplies,A4 paper box,405,96.52,39090.6,E004,E021,2026-08-26 11:19
PO-00676,2026-07-23,V037,Catering,Staff lunch box,601,32.4,19472.4,E030,E013,2026-07-23 09:23
PO-00677,2026-07-16,V016,IT hardware,Laptop,5,4524.05,22620.25,E027,E040,2026-07-16 15:35
PO-00678,2026-08-27,V018,IT hardware,Monitor 27in,21,1108.51,23278.71,E009,E019,2026-08-27 10:53
PO-00679,2026-07-15,V002,Office supplies,Office chair,27,730.97,19736.19,E027,E022,2026-07-15 09:39
PO-00680,2026-08-24,V035,Facility services,Pest control visit,33,701.85,23161.05,E018,E008,2026-08-24 14:57
PO-00681,2026-09-07,V017,IT hardware,Network switch,2,3650.98,7301.96,E002,E034,2026-09-07 09:06
PO-00682,2026-08-30,V046,Security services,CCTV maintenance,4,2153.62,8614.48,E011,E021,2026-08-30 12:56
PO-00683,2026-09-21,V010,IT hardware,Monitor 27in,2,1095.65,2191.3,E007,E015,2026-09-21 08:07
PO-00684,2026-07-15,V032,Facility services,Pest control visit,14,693.21,9704.94,E018,E013,2026-07-15 15:36
PO-00685,2026-09-17,V019,Building materials,Rebar ton,13,2783.03,36179.39,E002,E034,2026-09-17 16:41
PO-00686,2026-08-04,V028,Facility services,Pest control visit,14,618.94,8665.16,E005,E023,2026-08-04 16:51
PO-00687,2026-07-30,V033,Facility services,Cleaning visit,3,1388.06,4164.18,E010,E021,2026-07-30 10:07
PO-00688,2026-08-31,V031,Facility services,AC maintenance visit,22,937.01,20614.22,E016,E024,2026-08-31 15:34
PO-00689,2026-09-07,V045,Catering,Water carton,2440,13.02,31768.8,E037,E020,2026-09-07 13:52
PO-00690,2026-08-23,V014,IT hardware,Laptop,3,4768.05,14304.15,E009,E023,2026-08-23 09:24
PO-00691,2026-07-26,V022,Building materials,Rebar ton,8,2782.77,22262.16,E016,E039,2026-07-26 14:17
PO-00692,2026-08-26,V020,Building materials,Ready-mix m3,16,266.82,4269.12,E005,E039,2026-08-26 10:08
PO-00693,2026-07-20,V007,Office supplies,Toner cartridge,82,397.7,32611.4,E031,E023,2026-07-20 11:13
PO-00694,2026-07-30,V010,IT hardware,Laptop,1,4461.37,4461.37,E025,E015,2026-07-30 08:19
PO-00695,2026-07-01,V003,Office supplies,Toner cartridge,69,438.06,30226.14,E001,E021,2026-07-01 10:50
PO-00696,2026-08-18,V034,Facility services,Pest control visit,13,676.85,8799.05,E032,E019,2026-08-18 13:36
PO-00697,2026-09-10,V002,Office supplies,A4 paper box,366,96.21,35212.86,E025,E040,2026-09-10 08:21
PO-00698,2026-08-09,V014,IT hardware,Laptop,1,4683.42,4683.42,E030,E023,2026-08-09 09:35
PO-00699,2026-09-17,V046,Security services,Access card batch,11,1655.64,18212.04,E037,E008,2026-09-17 13:45
PO-00700,2026-07-16,V031,Facility services,Pest control visit,6,698.82,4192.92,E017,E036,2026-07-16 08:49
PO-00701,2026-08-05,V031,Facility services,AC maintenance visit,4,877.08,3508.32,E009,E034,2026-08-05 13:27
PO-00702,2026-09-23,V046,Security services,CCTV maintenance,7,2294.96,16064.72,E009,E006,2026-09-23 08:55
PO-00703,2026-09-07,V046,Security services,Guard shift,39,497.58,19405.62,E026,E015,2026-09-07 10:04
PO-00704,2026-08-25,V024,Building materials,Rebar ton,9,2868.87,25819.83,E029,E040,2026-08-25 09:11
PO-00705,2026-07-23,V015,IT hardware,Monitor 27in,34,1216.51,41361.34,E003,E021,2026-07-23 10:04
PO-00706,2026-09-07,V030,Facility services,Cleaning visit,27,1333.03,35991.81,E033,E021,2026-09-07 14:45
PO-00707,2026-07-27,V046,Security services,Guard shift,36,481.6,17337.6,E032,E006,2026-07-27 12:46
PO-00708,2026-09-15,V032,Facility services,Cleaning visit,16,1397.11,22353.76,E009,E036,2026-09-15 12:41
PO-00709,2026-08-31,V002,Office supplies,Toner cartridge,26,400.25,10406.5,E030,E040,2026-08-31 15:37
PO-00710,2026-07-06,V046,Security services,Guard shift,5,500.44,2502.2,E010,E039,2026-07-06 13:55
PO-00711,2026-09-15,V037,Catering,Event catering per head,22,139.37,3066.14,E001,E022,2026-09-15 10:51
PO-00712,2026-09-10,V046,Security services,CCTV maintenance,17,2101.52,35725.84,E033,E006,2026-09-10 08:13
PO-00713,2026-08-18,V018,IT hardware,Laptop,2,4671.31,9342.62,E014,E040,2026-08-18 11:00
PO-00714,2026-08-19,V034,Facility services,Pest control visit,2,668.16,1336.32,E002,E024,2026-08-19 14:01
PO-00715,2026-07-12,V046,Security services,Access card batch,14,1678.37,23497.18,E032,E034,2026-07-12 10:43
PO-00716,2026-08-30,V002,Office supplies,A4 paper box,98,100.29,9828.42,E037,E020,2026-08-30 09:26
PO-00717,2026-08-30,V025,Building materials,Cement bag 50kg,428,18.35,7853.8,E014,E034,2026-08-30 15:00
PO-00718,2026-07-15,V022,Building materials,Rebar ton,12,2937.34,35248.08,E018,E024,2026-07-15 10:34
PO-00719,2026-07-30,V046,Security services,CCTV maintenance,6,2061.19,12367.14,E010,E006,2026-07-30 09:02
PO-00720,2026-07-20,V014,IT hardware,Laptop,4,4499.16,17996.64,E016,E022,2026-07-20 16:54
PO-00721,2026-08-02,V023,Building materials,Rebar ton,12,2676.75,32121.0,E001,E006,2026-08-02 09:38
PO-00722,2026-09-22,V046,Security services,Guard shift,30,463.3,13899.0,E002,E013,2026-09-22 11:09
PO-00723,2026-07-20,V042,Catering,Event catering per head,142,150.32,21345.44,E009,E036,2026-07-20 08:27
PO-00724,2026-09-22,V022,Building materials,Cement bag 50kg,1386,20.25,28066.5,E038,E022,2026-09-22 11:52
PO-00725,2026-09-10,V022,Building materials,Rebar ton,7,2819.13,19733.91,E037,E021,2026-09-10 11:36
PO-00726,2026-07-22,V017,IT hardware,Monitor 27in,19,1081.88,20555.72,E001,E024,2026-07-22 08:53
PO-00727,2026-07-26,V016,IT hardware,Network switch,9,3708.65,33377.85,E031,E040,2026-07-26 14:37
PO-00728,2026-07-16,V003,Office supplies,Office chair,46,764.82,35181.72,E030,E036,2026-07-16 08:55
PO-00729,2026-07-16,V044,Catering,Water carton,659,14.49,9548.91,E002,E021,2026-07-16 13:05
PO-00730,2026-08-10,V030,Facility services,Pest control visit,53,668.79,35445.87,E038,E023,2026-08-10 08:53
PO-00731,2026-09-06,V039,Catering,Event catering per head,121,156.03,18879.63,E010,E015,2026-09-06 16:33
PO-00732,2026-09-15,V013,IT hardware,Network switch,3,3926.5,11779.5,E017,E039,2026-09-15 11:41
PO-00733,2026-08-06,V011,IT hardware,Laptop,1,4598.83,4598.83,E010,E040,2026-08-06 15:51
PO-00734,2026-09-15,V016,IT hardware,Monitor 27in,21,1233.31,25899.51,E031,E034,2026-09-15 13:08
PO-00735,2026-08-30,V046,Security services,CCTV maintenance,17,2215.89,37670.13,E025,E020,2026-08-30 16:49
PO-00736,2026-08-09,V046,Security services,CCTV maintenance,16,2362.61,37801.76,E004,E008,2026-08-09 09:19
PO-00737,2026-09-03,V032,Facility services,Cleaning visit,1,1323.67,1323.67,E029,E013,2026-09-03 14:45
PO-00738,2026-07-12,V004,Office supplies,A4 paper box,390,98.14,38274.6,E031,E008,2026-07-12 10:23
PO-00739,2026-07-13,V013,IT hardware,Network switch,8,3926.29,31410.32,E010,E024,2026-07-13 08:13
PO-00740,2026-07-26,V042,Catering,Water carton,1232,13.0,16016.0,E003,E008,2026-07-26 10:52
PO-00741,2026-07-14,V046,Security services,CCTV maintenance,11,2352.35,25875.85,E025,E040,2026-07-14 11:17
PO-00742,2026-07-27,V046,Security services,Access card batch,9,1621.72,14595.48,E032,E039,2026-07-27 14:29
PO-00743,2026-09-21,V013,IT hardware,Monitor 27in,29,1086.56,31510.24,E005,E024,2026-09-21 10:12
PO-00744,2026-07-13,V040,Catering,Staff lunch box,638,33.5,21373.0,E003,E015,2026-07-13 15:59
PO-00745,2026-09-02,V046,Security services,Access card batch,2,1808.44,3616.88,E014,E020,2026-09-02 16:41
PO-00746,2026-09-13,V038,Catering,Staff lunch box,317,31.45,9969.65,E004,E034,2026-09-13 11:43
PO-00747,2026-07-05,V031,Facility services,Cleaning visit,11,1352.28,14875.08,E004,E023,2026-07-05 08:21
PO-00748,2026-08-19,V041,Catering,Event catering per head,131,154.94,20297.14,E009,E021,2026-08-19 14:52
PO-00749,2026-08-18,V046,Security services,Access card batch,20,1663.61,33272.2,E012,E040,2026-08-18 16:44
PO-00750,2026-07-05,V021,Building materials,Rebar ton,10,2952.31,29523.1,E031,E008,2026-07-05 12:17
PO-00751,2026-08-09,V029,Facility services,AC maintenance visit,32,965.7,30902.4,E009,E024,2026-08-09 14:32
PO-00752,2026-09-01,V046,Security services,Access card batch,21,1815.64,38128.44,E002,E040,2026-09-01 16:39
PO-00753,2026-09-28,V046,Security services,Guard shift,38,497.57,18907.66,E026,E019,2026-09-28 11:13
PO-00754,2026-08-11,V008,Office supplies,Office chair,10,740.57,7405.7,E027,E015,2026-08-11 16:51
PO-00755,2026-07-02,V029,Facility services,AC maintenance visit,18,865.45,15578.1,E011,E036,2026-07-02 14:55
PO-00756,2026-09-07,V015,IT hardware,Monitor 27in,28,1178.57,32999.96,E038,E019,2026-09-07 10:39
PO-00757,2026-09-29,V046,Security services,Access card batch,5,1799.0,8995.0,E037,E022,2026-09-29 11:37
PO-00758,2026-09-20,V021,Building materials,Ready-mix m3,126,247.41,31173.66,E018,E024,2026-09-20 15:01
PO-00759,2026-09-17,V039,Catering,Event catering per head,96,144.31,13853.76,E037,E036,2026-09-17 08:43
PO-00760,2026-07-06,V016,IT hardware,Network switch,4,3981.42,15925.68,E003,E015,2026-07-06 14:08
PO-00761,2026-08-12,V038,Catering,Event catering per head,182,151.12,27503.84,E026,E019,2026-08-12 09:27
PO-00762,2026-09-14,V046,Security services,CCTV maintenance,5,2084.79,10423.95,E005,E020,2026-09-14 11:59
PO-00763,2026-09-10,V001,Office supplies,A4 paper box,91,92.98,8461.18,E012,E022,2026-09-10 15:47
PO-00764,2026-07-09,V027,Building materials,Ready-mix m3,102,280.43,28603.86,E012,E040,2026-07-09 10:52
PO-00765,2026-07-21,V036,Facility services,AC maintenance visit,29,864.07,25058.03,E025,E023,2026-07-21 11:09
PO-00766,2026-08-04,V038,Catering,Event catering per head,61,151.43,9237.23,E017,E021,2026-08-04 11:08
PO-00767,2026-09-24,V046,Security services,Guard shift,53,510.56,27059.68,E025,E036,2026-09-24 16:32
PO-00768,2026-07-27,V036,Facility services,Pest control visit,61,638.42,38943.62,E012,E036,2026-07-27 14:47
PO-00769,2026-09-15,V027,Building materials,Cement bag 50kg,1033,18.72,19337.76,E002,E006,2026-09-15 11:36
PO-00770,2026-08-25,V029,Facility services,Pest control visit,18,635.49,11438.82,E014,E036,2026-08-25 13:54
PO-00771,2026-07-16,V046,Security services,Guard shift,56,492.78,27595.68,E026,E015,2026-07-16 15:25
PO-00772,2026-08-03,V046,Security services,Access card batch,9,1805.81,16252.29,E018,E008,2026-08-03 08:17
PO-00773,2026-07-16,V042,Catering,Water carton,741,14.11,10455.51,E018,E015,2026-07-16 14:41
PO-00774,2026-09-03,V044,Catering,Water carton,1207,13.06,15763.42,E011,E036,2026-09-03 12:21
PO-00775,2026-07-26,V035,Facility services,Cleaning visit,7,1419.69,9937.83,E027,E019,2026-07-26 16:39
PO-00776,2026-09-03,V015,IT hardware,Laptop,2,4939.22,9878.44,E010,E021,2026-09-03 09:30
PO-00777,2026-08-17,V046,Security services,Access card batch,11,1646.46,18111.06,E010,E036,2026-08-17 12:07
PO-00778,2026-09-22,V046,Security services,Access card batch,19,1692.63,32159.97,E012,E013,2026-09-22 12:10
PO-00779,2026-07-06,V035,Facility services,AC maintenance visit,19,896.65,17036.35,E009,E013,2026-07-06 11:19
PO-00780,2026-08-17,V046,Security services,CCTV maintenance,8,2208.42,17667.36,E035,E013,2026-08-17 12:46
PO-00781,2026-07-02,V007,Office supplies,Office chair,33,759.07,25049.31,E017,E019,2026-07-02 13:12
PO-00782,2026-08-27,V001,Office supplies,Office chair,12,732.76,8793.12,E029,E021,2026-08-27 14:03
PO-00783,2026-09-02,V046,Security services,Access card batch,6,1800.54,10803.24,E030,E036,2026-09-02 12:50
PO-00784,2026-07-16,V034,Facility services,Cleaning visit,9,1332.55,11992.95,E025,E024,2026-07-16 09:03
PO-00785,2026-07-22,V033,Facility services,AC maintenance visit,40,949.98,37999.2,E025,E036,2026-07-22 08:36
PO-00786,2026-09-03,V041,Catering,Event catering per head,196,140.87,27610.52,E002,E013,2026-09-03 10:05
PO-00787,2026-09-21,V045,Catering,Water carton,2342,13.34,31242.28,E038,E036,2026-09-21 12:11
PO-00788,2026-07-09,V023,Building materials,Ready-mix m3,37,251.96,9322.52,E014,E021,2026-07-09 09:08
PO-00789,2026-08-09,V012,IT hardware,Monitor 27in,3,1111.42,3334.26,E037,E013,2026-08-09 08:55
PO-00790,2026-08-05,V036,Facility services,AC maintenance visit,11,959.59,10555.49,E032,E019,2026-08-05 16:40
PO-00791,2026-09-06,V001,Office supplies,Toner cartridge,50,423.43,21171.5,E007,E006,2026-09-06 10:15
PO-00792,2026-08-03,V036,Facility services,Cleaning visit,20,1426.47,28529.4,E027,E023,2026-08-03 15:06
PO-00793,2026-08-30,V005,Office supplies,A4 paper box,125,96.8,12100.0,E002,E040,2026-08-30 16:41
PO-00794,2026-09-23,V046,Security services,CCTV maintenance,10,2074.11,20741.1,E016,E006,2026-09-23 10:54
PO-00795,2026-08-04,V007,Office supplies,A4 paper box,119,96.22,11450.18,E007,E022,2026-08-04 11:25
PO-00796,2026-08-17,V021,Building materials,Cement bag 50kg,1114,20.32,22636.48,E010,E006,2026-08-17 09:36
PO-00797,2026-08-23,V011,IT hardware,Network switch,8,3869.18,30953.44,E010,E036,2026-08-23 16:18
PO-00798,2026-08-02,V039,Catering,Water carton,1832,14.27,26142.64,E026,E006,2026-08-02 12:16
PO-00799,2026-09-21,V031,Facility services,Pest control visit,49,605.15,29652.35,E038,E020,2026-09-21 12:16
PO-00800,2026-08-20,V031,Facility services,Cleaning visit,17,1286.25,21866.25,E004,E039,2026-08-20 16:42
PO-00801,2026-08-18,V020,Building materials,Rebar ton,4,3030.35,12121.4,E016,E034,2026-08-18 09:20
PO-00802,2026-07-26,V016,IT hardware,Monitor 27in,20,1103.82,22076.4,E014,E039,2026-07-26 12:55
PO-00803,2026-08-30,V016,IT hardware,Monitor 27in,12,1130.05,13560.6,E018,E019,2026-08-30 13:02
PO-00804,2026-08-25,V025,Building materials,Ready-mix m3,79,262.02,20699.58,E032,E024,2026-08-25 14:12
PO-00805,2026-08-19,V022,Building materials,Rebar ton,3,2954.56,8863.68,E014,E013,2026-08-19 13:45
PO-00806,2026-09-27,V020,Building materials,Rebar ton,7,2906.59,20346.13,E025,E040,2026-09-27 09:32
PO-00807,2026-09-16,V036,Facility services,AC maintenance visit,17,837.84,14243.28,E010,E039,2026-09-16 13:03
PO-00808,2026-08-06,V046,Security services,Guard shift,71,453.85,32223.35,E011,E036,2026-08-06 11:03
PO-00809,2026-07-15,V044,Catering,Staff lunch box,228,32.94,7510.32,E031,E008,2026-07-15 14:19
PO-00810,2026-09-14,V021,Building materials,Cement bag 50kg,1981,18.91,37460.71,E011,E039,2026-09-14 15:42
PO-00811,2026-08-09,V022,Building materials,Ready-mix m3,113,271.09,30633.17,E005,E036,2026-08-09 12:50
PO-00812,2026-08-10,V024,Building materials,Ready-mix m3,98,284.7,27900.6,E010,E036,2026-08-10 09:34
PO-00813,2026-07-08,V015,IT hardware,Laptop,1,4696.61,4696.61,E027,E021,2026-07-08 12:12
PO-00814,2026-07-20,V039,Catering,Staff lunch box,1058,32.7,34596.6,E010,E006,2026-07-20 13:00
PO-00815,2026-08-18,V046,Security services,Access card batch,16,1589.78,25436.48,E016,E008,2026-08-18 14:09
PO-00816,2026-08-02,V025,Building materials,Cement bag 50kg,942,18.18,17125.56,E011,E015,2026-08-02 11:42
PO-00817,2026-07-20,V031,Facility services,AC maintenance visit,15,925.15,13877.25,E005,E021,2026-07-20 11:58
PO-00818,2026-08-13,V032,Facility services,Pest control visit,5,668.0,3340.0,E004,E008,2026-08-13 11:42
PO-00819,2026-08-23,V014,IT hardware,Laptop,8,4373.94,34991.52,E030,E039,2026-08-23 12:31
PO-00820,2026-07-28,V008,Office supplies,Toner cartridge,9,439.99,3959.91,E010,E034,2026-07-28 13:18
PO-00821,2026-09-08,V032,Facility services,AC maintenance visit,41,890.6,36514.6,E012,E019,2026-09-08 11:17
PO-00822,2026-09-02,V046,Security services,CCTV maintenance,2,2191.84,4383.68,E011,E036,2026-09-02 14:41
PO-00823,2026-08-27,V004,Office supplies,Office chair,11,781.96,8601.56,E031,E013,2026-08-27 10:01
PO-00824,2026-07-02,V013,IT hardware,Laptop,3,4433.08,13299.24,E007,E013,2026-07-02 08:54
PO-00825,2026-08-16,V025,Building materials,Cement bag 50kg,1327,19.59,25995.93,E018,E020,2026-08-16 13:20
PO-00826,2026-08-09,V008,Office supplies,Toner cartridge,91,409.0,37219.0,E014,E036,2026-08-09 12:30
PO-00827,2026-07-30,V036,Facility services,AC maintenance visit,9,924.17,8317.53,E037,E015,2026-07-30 08:35
PO-00828,2026-09-20,V008,Office supplies,Toner cartridge,19,391.8,7444.2,E012,E024,2026-09-20 16:32
PO-00829,2026-09-21,V038,Catering,Event catering per head,56,148.71,8327.76,E018,E008,2026-09-21 12:42
PO-00830,2026-09-27,V041,Catering,Staff lunch box,736,30.4,22374.4,E010,E024,2026-09-27 10:16
PO-00831,2026-07-26,V046,Security services,Guard shift,34,489.54,16644.36,E037,E034,2026-07-26 12:13
PO-00832,2026-08-09,V046,Security services,CCTV maintenance,2,2179.12,4358.24,E031,E024,2026-08-09 13:34
PO-00833,2026-09-28,V008,Office supplies,Toner cartridge,46,423.66,19488.36,E010,E036,2026-09-28 09:51
PO-00834,2026-09-07,V033,Facility services,Pest control visit,41,668.69,27416.29,E033,E020,2026-09-07 09:06
PO-00835,2026-07-27,V030,Facility services,Pest control visit,42,672.62,28250.04,E003,E040,2026-07-27 12:31
PO-00836,2026-07-09,V004,Office supplies,Office chair,30,781.38,23441.4,E001,E019,2026-07-09 12:50
PO-00837,2026-08-26,V018,IT hardware,Monitor 27in,28,1103.71,30903.88,E029,E019,2026-08-26 12:00
PO-00838,2026-09-14,V043,Catering,Water carton,2849,14.81,42193.69,E016,E040,2026-09-14 13:35
PO-00839,2026-09-30,V014,IT hardware,Network switch,8,3855.38,30843.04,E016,E024,2026-09-30 10:26
PO-00840,2026-07-08,V020,Building materials,Cement bag 50kg,1560,19.5,30420.0,E025,E036,2026-07-08 14:59
PO-00841,2026-07-12,V027,Building materials,Rebar ton,3,2805.05,8415.15,E004,E019,2026-07-12 13:08
PO-00842,2026-09-27,V001,Office supplies,Office chair,8,818.71,6549.68,E005,E019,2026-09-27 16:06
PO-00843,2026-09-13,V006,Office supplies,A4 paper box,60,98.69,5921.4,E017,E034,2026-09-13 09:44
PO-00844,2026-08-17,V029,Facility services,AC maintenance visit,26,832.68,21649.68,E003,E019,2026-08-17 11:18
PO-00845,2026-07-19,V038,Catering,Event catering per head,58,144.58,8385.64,E004,E020,2026-07-19 12:14
PO-00846,2026-07-13,V011,IT hardware,Monitor 27in,23,1067.98,24563.54,E025,E023,2026-07-13 14:51
PO-00847,2026-07-01,V011,IT hardware,Monitor 27in,17,1143.86,19445.62,E026,E021,2026-07-01 08:50
PO-00848,2026-07-02,V037,Catering,Water carton,1367,14.72,20122.24,E007,E022,2026-07-02 10:45
PO-00849,2026-08-02,V046,Security services,CCTV maintenance,9,2069.73,18627.57,E028,E019,2026-08-02 10:39
PO-00850,2026-09-17,V001,Office supplies,A4 paper box,91,93.08,8470.28,E037,E022,2026-09-17 10:44
PO-00851,2026-07-28,V035,Facility services,Cleaning visit,17,1370.53,23299.01,E029,E019,2026-07-28 13:55
PO-00852,2026-08-27,V031,Facility services,Pest control visit,4,699.82,2799.28,E028,E006,2026-08-27 11:48
PO-00853,2026-07-30,V031,Facility services,Cleaning visit,6,1274.95,7649.7,E033,E022,2026-07-30 15:28
PO-00854,2026-08-06,V046,Security services,Access card batch,8,1773.26,14186.08,E030,E020,2026-08-06 09:51
PO-00855,2026-08-09,V031,Facility services,Pest control visit,9,693.4,6240.6,E037,E006,2026-08-09 12:14
PO-00856,2026-09-22,V021,Building materials,Ready-mix m3,109,254.83,27776.47,E028,E020,2026-09-22 11:21
PO-00857,2026-09-27,V013,IT hardware,Laptop,2,4604.65,9209.3,E029,E021,2026-09-27 09:29
PO-00858,2026-09-02,V043,Catering,Event catering per head,270,145.85,39379.5,E027,E022,2026-09-02 08:42
PO-00859,2026-08-20,V001,Office supplies,A4 paper box,272,89.49,24341.28,E017,E040,2026-08-20 10:03
PO-00860,2026-08-03,V016,IT hardware,Monitor 27in,34,1218.91,41442.94,E016,E040,2026-08-03 08:08
PO-00861,2026-08-12,V008,Office supplies,Office chair,11,755.02,8305.22,E001,E021,2026-08-12 13:08
PO-00862,2026-09-24,V013,IT hardware,Monitor 27in,5,1110.78,5553.9,E025,E034,2026-09-24 08:42
PO-00863,2026-07-16,V032,Facility services,AC maintenance visit,14,892.98,12501.72,E004,E034,2026-07-16 09:19
PO-00864,2026-09-14,V041,Catering,Staff lunch box,814,33.56,27317.84,E038,E021,2026-09-14 13:39
PO-00865,2026-07-21,V003,Office supplies,Office chair,33,808.21,26670.93,E016,E024,2026-07-21 10:54
PO-00866,2026-07-06,V039,Catering,Water carton,1041,14.97,15583.77,E014,E015,2026-07-06 11:49
PO-00867,2026-09-16,V043,Catering,Water carton,2696,14.95,40305.2,E011,E006,2026-09-16 08:12
PO-00868,2026-08-17,V021,Building materials,Rebar ton,10,3028.14,30281.4,E012,E006,2026-08-17 10:37
PO-00869,2026-08-13,V035,Facility services,Pest control visit,14,634.86,8888.04,E035,E006,2026-08-13 14:40
PO-00870,2026-07-14,V046,Security services,CCTV maintenance,14,2259.08,31627.12,E017,E022,2026-07-14 12:28
PO-00871,2026-09-13,V020,Building materials,Cement bag 50kg,262,18.19,4765.78,E030,E008,2026-09-13 13:51
PO-00872,2026-07-30,V045,Catering,Staff lunch box,212,30.22,6406.64,E028,E023,2026-07-30 09:49
PO-00873,2026-08-24,V006,Office supplies,Toner cartridge,11,402.8,4430.8,E002,E023,2026-08-24 09:55
PO-00874,2026-09-16,V022,Building materials,Cement bag 50kg,1078,18.11,19522.58,E031,E019,2026-09-16 12:18
PO-00875,2026-09-14,V023,Building materials,Cement bag 50kg,936,19.47,18223.92,E016,E036,2026-09-14 13:20
PO-00876,2026-09-14,V009,Office supplies,Office chair,26,817.01,21242.26,E003,E006,2026-09-14 16:58
PO-00877,2026-09-15,V045,Catering,Event catering per head,239,141.82,33894.98,E018,E036,2026-09-15 08:37
PO-00878,2026-08-19,V001,Office supplies,Toner cartridge,64,449.74,28783.36,E005,E021,2026-08-19 12:10
PO-00879,2026-09-29,V046,Security services,CCTV maintenance,1,2304.57,2304.57,E017,E008,2026-09-29 15:22
PO-00880,2026-09-08,V006,Office supplies,Toner cartridge,84,425.24,35720.16,E003,E021,2026-09-08 16:49
PO-00881,2026-09-08,V033,Facility services,Pest control visit,12,618.08,7416.96,E025,E022,2026-09-08 09:25
PO-00882,2026-09-09,V034,Facility services,Cleaning visit,3,1455.98,4367.94,E009,E021,2026-09-09 11:21
PO-00883,2026-08-04,V037,Catering,Event catering per head,36,147.05,5293.8,E033,E020,2026-08-04 11:23
PO-00884,2026-09-24,V013,IT hardware,Network switch,4,4181.83,16727.32,E012,E021,2026-09-24 09:45
PO-00885,2026-09-03,V015,IT hardware,Monitor 27in,1,1165.68,1165.68,E001,E013,2026-09-03 13:12
PO-00886,2026-09-13,V008,Office supplies,Toner cartridge,27,403.29,10888.83,E001,E013,2026-09-13 11:25
PO-00887,2026-07-29,V028,Facility services,Pest control visit,12,656.01,7872.12,E029,E022,2026-07-29 15:53
PO-00888,2026-07-30,V016,IT hardware,Monitor 27in,19,1095.66,20817.54,E028,E020,2026-07-30 08:57
PO-00889,2026-09-06,V012,IT hardware,Laptop,6,4835.62,29013.72,E030,E022,2026-09-06 15:10
PO-00890,2026-08-24,V001,Office supplies,Office chair,2,819.43,1638.86,E011,E020,2026-08-24 16:02
PO-00891,2026-09-16,V025,Building materials,Cement bag 50kg,1047,17.72,18552.84,E009,E024,2026-09-16 16:12
PO-00892,2026-07-30,V044,Catering,Event catering per head,257,134.35,34527.95,E009,E036,2026-07-30 09:21
PO-00893,2026-07-19,V029,Facility services,AC maintenance visit,36,884.06,31826.16,E005,E013,2026-07-19 14:12
PO-00894,2026-07-27,V007,Office supplies,Office chair,43,767.3,32993.9,E011,E040,2026-07-27 15:21
PO-00895,2026-08-27,V027,Building materials,Ready-mix m3,67,266.56,17859.52,E001,E022,2026-08-27 16:57
PO-00896,2026-08-04,V033,Facility services,Pest control visit,37,676.22,25020.14,E018,E040,2026-08-04 08:32
PO-00897,2026-09-15,V032,Facility services,Pest control visit,23,616.39,14176.97,E033,E019,2026-09-15 12:44
PO-00898,2026-07-26,V037,Catering,Staff lunch box,1153,29.99,34578.47,E028,E036,2026-07-26 12:20
PO-00899,2026-09-30,V013,IT hardware,Network switch,5,3775.44,18877.2,E025,E036,2026-09-30 08:17
PO-00900,2026-07-20,V045,Catering,Staff lunch box,87,31.94,2778.78,E002,E015,2026-07-20 10:33
PO-00901,2026-08-20,V002,Office supplies,Toner cartridge,17,451.91,7682.47,E018,E013,2026-08-20 10:10
PO-00902,2026-07-02,V046,Security services,Access card batch,1,1761.51,1761.51,E031,E036,2026-07-02 14:18
PO-00903,2026-07-08,V046,Security services,CCTV maintenance,11,2074.12,22815.32,E033,E036,2026-07-08 16:37
PO-00904,2026-07-16,V009,Office supplies,Toner cartridge,49,397.23,19464.27,E018,E008,2026-07-16 13:42
PO-00905,2026-09-23,V002,Office supplies,Office chair,28,793.59,22220.52,E004,E023,2026-09-23 09:42
PO-00906,2026-08-05,V018,IT hardware,Monitor 27in,11,1100.86,12109.46,E030,E021,2026-08-05 14:28
PO-00907,2026-07-20,V044,Catering,Event catering per head,73,135.14,9865.22,E018,E036,2026-07-20 09:06
PO-00908,2026-08-23,V028,Facility services,AC maintenance visit,23,899.71,20693.33,E001,E024,2026-08-23 08:03
PO-00909,2026-07-14,V002,Office supplies,Toner cartridge,28,447.15,12520.2,E017,E020,2026-07-14 14:20
PO-00910,2026-08-30,V008,Office supplies,Toner cartridge,25,432.75,10818.75,E009,E040,2026-08-30 15:37
PO-00911,2026-07-07,V046,Security services,Access card batch,19,1708.06,32453.14,E031,E020,2026-07-07 16:59
PO-00912,2026-09-15,V029,Facility services,AC maintenance visit,44,889.93,39156.92,E033,E040,2026-09-15 11:10
PO-00913,2026-08-20,V046,Security services,Guard shift,69,463.44,31977.36,E012,E023,2026-08-20 15:35
PO-00914,2026-09-30,V038,Catering,Event catering per head,75,136.19,10214.25,E025,E040,2026-09-30 10:31
PO-00915,2026-08-19,V008,Office supplies,Office chair,10,827.89,8278.9,E033,E019,2026-08-19 09:31
PO-00916,2026-09-20,V016,IT hardware,Laptop,1,4861.64,4861.64,E014,E023,2026-09-20 16:14
PO-00917,2026-07-05,V038,Catering,Staff lunch box,148,32.14,4756.72,E009,E036,2026-07-05 13:40
PO-00918,2026-08-04,V018,IT hardware,Network switch,2,3647.15,7294.3,E010,E006,2026-08-04 11:06
PO-00919,2026-07-16,V025,Building materials,Ready-mix m3,17,271.2,4610.4,E007,E021,2026-07-16 13:09
PO-00920,2026-09-08,V010,IT hardware,Network switch,5,3729.46,18647.3,E012,E020,2026-09-08 09:35
PO-00921,2026-08-03,V003,Office supplies,Toner cartridge,65,436.32,28360.8,E007,E020,2026-08-03 08:58
PO-00922,2026-09-06,V038,Catering,Event catering per head,187,149.02,27866.74,E030,E021,2026-09-06 13:42
PO-00923,2026-07-09,V003,Office supplies,Toner cartridge,6,448.36,2690.16,E028,E006,2026-07-09 10:53
PO-00924,2026-07-27,V046,Security services,Guard shift,63,496.9,31304.7,E009,E024,2026-07-27 11:28
PO-00925,2026-07-16,V008,Office supplies,A4 paper box,144,94.56,13616.64,E016,E021,2026-07-16 12:15
PO-00926,2026-09-27,V026,Building materials,Cement bag 50kg,1718,18.98,32607.64,E014,E021,2026-09-27 11:53
PO-00927,2026-08-20,V023,Building materials,Ready-mix m3,39,263.81,10288.59,E007,E024,2026-08-20 10:17
PO-00928,2026-07-05,V032,Facility services,AC maintenance visit,3,830.39,2491.17,E011,E022,2026-07-05 14:59
PO-00929,2026-09-14,V045,Catering,Staff lunch box,672,30.06,20200.32,E005,E040,2026-09-14 09:46
PO-00930,2026-09-10,V011,IT hardware,Laptop,2,4268.87,8537.74,E027,E015,2026-09-10 14:29
PO-00931,2026-08-03,V027,Building materials,Ready-mix m3,102,279.92,28551.84,E025,E036,2026-08-03 12:10
PO-00932,2026-07-12,V022,Building materials,Rebar ton,13,2844.74,36981.62,E026,E021,2026-07-12 10:27
PO-00933,2026-07-06,V020,Building materials,Rebar ton,13,2916.63,37916.19,E028,E022,2026-07-06 08:16
PO-00934,2026-08-10,V013,IT hardware,Network switch,9,3638.01,32742.09,E037,E040,2026-08-10 16:22
PO-00935,2026-09-06,V026,Building materials,Cement bag 50kg,1637,17.89,29285.93,E031,E034,2026-09-06 15:35
PO-00936,2026-07-13,V030,Facility services,Cleaning visit,2,1417.71,2835.42,E037,E039,2026-07-13 11:41
PO-00937,2026-09-21,V031,Facility services,Pest control visit,18,687.5,12375.0,E014,E006,2026-09-21 10:42
PO-00938,2026-08-27,V005,Office supplies,A4 paper box,166,99.16,16460.56,E012,E023,2026-08-27 10:45
PO-00939,2026-09-24,V024,Building materials,Ready-mix m3,49,248.93,12197.57,E016,E023,2026-09-24 08:50
PO-00940,2026-07-07,V039,Catering,Event catering per head,133,155.49,20680.17,E004,E034,2026-07-07 08:24
PO-00941,2026-07-19,V016,IT hardware,Monitor 27in,2,1115.07,2230.14,E007,E036,2026-07-19 08:35
PO-00942,2026-07-30,V046,Security services,CCTV maintenance,4,2092.86,8371.44,E010,E024,2026-07-30 14:46
PO-00943,2026-09-22,V012,IT hardware,Laptop,2,4421.31,8842.62,E004,E015,2026-09-22 14:25
PO-00944,2026-08-05,V023,Building materials,Cement bag 50kg,260,19.34,5028.4,E007,E039,2026-08-05 16:19
PO-00945,2026-07-23,V011,IT hardware,Laptop,2,4836.64,9673.28,E014,E022,2026-07-23 15:25
PO-00946,2026-09-20,V004,Office supplies,Toner cartridge,84,401.66,33739.44,E033,E020,2026-09-20 08:11
PO-00947,2026-07-20,V044,Catering,Water carton,342,14.03,4798.26,E029,E015,2026-07-20 13:02
PO-00948,2026-07-15,V008,Office supplies,A4 paper box,338,92.08,31123.04,E029,E015,2026-07-15 09:25
PO-00949,2026-07-01,V046,Security services,Access card batch,22,1737.72,38229.84,E009,E024,2026-07-01 11:02
PO-00950,2026-07-28,V019,Building materials,Ready-mix m3,57,246.93,14075.01,E003,E036,2026-07-28 12:37
PO-00951,2026-07-22,V034,Facility services,Pest control visit,29,685.97,19893.13,E007,E039,2026-07-22 10:41
PO-00952,2026-09-14,V006,Office supplies,A4 paper box,354,101.17,35814.18,E033,E019,2026-09-14 12:20
PO-00953,2026-08-19,V046,Security services,CCTV maintenance,13,2024.87,26323.31,E025,E036,2026-08-19 15:13
PO-00954,2026-07-09,V046,Security services,CCTV maintenance,13,2087.4,27136.2,E001,E006,2026-07-09 10:27
PO-00955,2026-08-17,V034,Facility services,AC maintenance visit,28,926.14,25931.92,E018,E023,2026-08-17 13:43
PO-00956,2026-09-30,V008,Office supplies,Toner cartridge,24,393.94,9454.56,E002,E021,2026-09-30 10:48
PO-00957,2026-07-21,V046,Security services,Guard shift,29,465.88,13510.52,E035,E006,2026-07-21 14:24
PO-00958,2026-07-06,V019,Building materials,Rebar ton,9,2839.35,25554.15,E027,E023,2026-07-06 12:39
PO-00959,2026-07-13,V019,Building materials,Rebar ton,5,3004.08,15020.4,E035,E034,2026-07-13 11:18
PO-00960,2026-07-30,V046,Security services,Access card batch,15,1720.11,25801.65,E004,E021,2026-07-30 09:07
PO-00961,2026-08-10,V008,Office supplies,A4 paper box,101,92.4,9332.4,E005,E039,2026-08-10 15:33
PO-00962,2026-09-30,V046,Security services,Guard shift,9,476.98,4292.82,E027,E023,2026-09-30 08:59
PO-00963,2026-09-16,V005,Office supplies,Office chair,32,757.45,24238.4,E002,E020,2026-09-16 14:25
PO-00964,2026-09-22,V020,Building materials,Rebar ton,1,3021.91,3021.91,E009,E013,2026-09-22 15:16
PO-00965,2026-08-10,V011,IT hardware,Network switch,9,3670.83,33037.47,E025,E013,2026-08-10 15:02
PO-00966,2026-07-30,V021,Building materials,Ready-mix m3,59,248.79,14678.61,E004,E034,2026-07-30 08:05
PO-00967,2026-09-01,V018,IT hardware,Network switch,9,3897.71,35079.39,E002,E024,2026-09-01 10:20
PO-00968,2026-09-13,V033,Facility services,Pest control visit,10,600.03,6000.3,E030,E020,2026-09-13 10:09
PO-00969,2026-09-07,V046,Security services,Guard shift,62,468.5,29047.0,E003,E013,2026-09-07 16:38
PO-00970,2026-07-08,V041,Catering,Event catering per head,78,149.87,11689.86,E009,E034,2026-07-08 08:30
PO-00971,2026-09-21,V001,Office supplies,Office chair,18,833.2,14997.6,E001,E008,2026-09-21 16:49
PO-00972,2026-09-14,V008,Office supplies,A4 paper box,101,92.41,9333.41,E005,E019,2026-09-14 14:08
PO-00973,2026-07-20,V046,Security services,Guard shift,32,470.78,15064.96,E033,E013,2026-07-20 11:19
PO-00974,2026-07-23,V010,IT hardware,Network switch,5,3705.56,18527.8,E001,E019,2026-07-23 10:36
PO-00975,2026-09-01,V038,Catering,Water carton,1647,13.02,21443.94,E035,E019,2026-09-01 16:44
PO-00976,2026-08-04,V017,IT hardware,Network switch,1,4090.65,4090.65,E017,E034,2026-08-04 12:03
PO-00977,2026-08-31,V021,Building materials,Rebar ton,7,2695.19,18866.33,E029,E019,2026-08-31 09:36
PO-00978,2026-08-11,V032,Facility services,Cleaning visit,18,1398.59,25174.62,E032,E008,2026-08-11 14:26
PO-00979,2026-09-08,V045,Catering,Staff lunch box,594,29.65,17612.1,E011,E034,2026-09-08 14:26
PO-00980,2026-08-06,V013,IT hardware,Monitor 27in,13,1108.7,14413.1,E032,E024,2026-08-06 14:50
PO-00981,2026-08-25,V018,IT hardware,Network switch,3,3808.12,11424.36,E035,E015,2026-08-25 16:08
PO-00982,2026-07-19,V018,IT hardware,Monitor 27in,25,1210.36,30259.0,E032,E006,2026-07-19 10:05
PO-00983,2026-09-14,V042,Catering,Water carton,2066,15.02,31031.32,E033,E015,2026-09-14 12:56
PO-00984,2026-07-27,V034,Facility services,Cleaning visit,8,1339.35,10714.8,E028,E024,2026-07-27 13:33
PO-00985,2026-09-02,V001,Office supplies,Toner cartridge,71,438.11,31105.81,E004,E034,2026-09-02 14:34
PO-00986,2026-07-20,V017,IT hardware,Network switch,1,4201.25,4201.25,E002,E039,2026-07-20 14:07
PO-00987,2026-09-30,V046,Security services,Access card batch,4,1657.73,6630.92,E025,E013,2026-09-30 13:22
PO-00988,2026-08-23,V017,IT hardware,Monitor 27in,11,1149.7,12646.7,E029,E013,2026-08-23 15:56
PO-00989,2026-07-27,V046,Security services,Guard shift,8,467.09,3736.72,E004,E006,2026-07-27 08:23
PO-00990,2026-07-02,V018,IT hardware,Laptop,7,4264.92,29854.44,E028,E013,2026-07-02 08:50
PO-00991,2026-07-15,V021,Building materials,Ready-mix m3,68,284.88,19371.84,E032,E019,2026-07-15 15:54
PO-00992,2026-07-15,V007,Office supplies,Toner cartridge,93,445.24,41407.32,E026,E036,2026-07-15 09:24
PO-00993,2026-09-02,V041,Catering,Event catering per head,154,136.06,20953.24,E011,E019,2026-09-02 14:50
PO-00994,2026-09-07,V002,Office supplies,Office chair,44,824.66,36285.04,E028,E036,2026-09-07 16:08
PO-00995,2026-08-27,V018,IT hardware,Network switch,2,3941.8,7883.6,E032,E015,2026-08-27 10:20
PO-00996,2026-08-31,V018,IT hardware,Monitor 27in,17,1136.12,19314.04,E002,E034,2026-08-31 10:01
PO-00997,2026-07-13,V046,Security services,CCTV maintenance,12,2315.75,27789.0,E026,E021,2026-07-13 13:26
PO-00998,2026-09-02,V033,Facility services,Cleaning visit,22,1245.56,27402.32,E025,E020,2026-09-02 13:52
PO-00999,2026-09-23,V038,Catering,Water carton,579,14.63,8470.77,E014,E024,2026-09-23 10:01
PO-01000,2026-09-16,V021,Building materials,Ready-mix m3,47,247.89,11650.83,E026,E008,2026-09-16 08:28
PO-01001,2026-09-06,V045,Catering,Event catering per head,146,152.79,22307.34,E018,E019,2026-09-06 16:16
PO-01002,2026-07-07,V045,Catering,Event catering per head,229,138.59,31737.11,E038,E020,2026-07-07 09:09
PO-01003,2026-08-17,V004,Office supplies,Office chair,12,727.14,8725.68,E038,E006,2026-08-17 11:32
PO-01004,2026-09-14,V046,Security services,Access card batch,10,1763.84,17638.4,E012,E013,2026-09-14 11:23
PO-01005,2026-09-27,V013,IT hardware,Network switch,4,4063.62,16254.48,E014,E013,2026-09-27 09:37
PO-01006,2026-09-09,V012,IT hardware,Monitor 27in,22,1224.37,26936.14,E033,E034,2026-09-09 11:41
PO-01007,2026-09-06,V002,Office supplies,A4 paper box,295,92.52,27293.4,E033,E013,2026-09-06 12:15
PO-01008,2026-07-26,V004,Office supplies,A4 paper box,206,94.85,19539.1,E014,E013,2026-07-26 14:08
PO-01009,2026-08-18,V046,Security services,Guard shift,75,514.31,38573.25,E009,E022,2026-08-18 09:38
PO-01010,2026-08-23,V046,Security services,Guard shift,41,466.87,19141.67,E004,E023,2026-08-23 10:40
PO-01011,2026-08-11,V021,Building materials,Rebar ton,6,2927.64,17565.84,E027,E022,2026-08-11 13:16
PO-01012,2026-09-03,V022,Building materials,Ready-mix m3,100,275.09,27509.0,E004,E040,2026-09-03 09:07
PO-01013,2026-08-06,V014,IT hardware,Monitor 27in,1,1065.73,1065.73,E028,E020,2026-08-06 15:43
PO-01014,2026-07-13,V030,Facility services,AC maintenance visit,19,882.45,16766.55,E007,E024,2026-07-13 08:10
PO-01015,2026-08-05,V006,Office supplies,Toner cartridge,13,443.58,5766.54,E026,E021,2026-08-05 13:08
PO-01016,2026-07-22,V021,Building materials,Cement bag 50kg,279,18.02,5027.58,E001,E024,2026-07-22 15:38
PO-01017,2026-08-24,V043,Catering,Staff lunch box,418,32.73,13681.14,E005,E040,2026-08-24 11:37
PO-01018,2026-08-11,V022,Building materials,Ready-mix m3,62,264.8,16417.6,E025,E039,2026-08-11 14:40
PO-01019,2026-08-17,V046,Security services,Guard shift,53,456.35,24186.55,E033,E013,2026-08-17 11:28
PO-01020,2026-07-21,V024,Building materials,Ready-mix m3,112,249.52,27946.24,E011,E019,2026-07-21 13:59
PO-01021,2026-08-23,V046,Security services,Guard shift,52,478.27,24870.04,E025,E015,2026-08-23 11:39
PO-01022,2026-08-11,V041,Catering,Staff lunch box,129,34.12,4401.48,E037,E040,2026-08-11 08:02
PO-01023,2026-07-16,V032,Facility services,AC maintenance visit,23,903.15,20772.45,E027,E039,2026-07-16 14:06
PO-01024,2026-07-22,V046,Security services,Access card batch,7,1705.77,11940.39,E011,E019,2026-07-22 12:54
PO-01025,2026-08-04,V018,IT hardware,Laptop,1,4372.32,4372.32,E017,E013,2026-08-04 14:31
PO-01026,2026-08-25,V038,Catering,Water carton,730,13.2,9636.0,E007,E022,2026-08-25 15:38
PO-01027,2026-08-18,V046,Security services,Guard shift,74,457.71,33870.54,E037,E023,2026-08-18 13:54
PO-01028,2026-09-29,V013,IT hardware,Monitor 27in,19,1114.28,21171.32,E027,E036,2026-09-29 16:25
PO-01029,2026-09-02,V025,Building materials,Rebar ton,10,2627.35,26273.5,E003,E039,2026-09-02 11:34
PO-01030,2026-07-22,V006,Office supplies,Toner cartridge,88,452.66,39834.08,E002,E034,2026-07-22 13:10
PO-01031,2026-09-06,V040,Catering,Event catering per head,86,145.95,12551.7,E025,E013,2026-09-06 10:56
PO-01032,2026-07-21,V001,Office supplies,Toner cartridge,12,386.76,4641.12,E003,E040,2026-07-21 09:08
PO-01033,2026-09-29,V028,Facility services,Pest control visit,32,695.99,22271.68,E009,E021,2026-09-29 11:50
PO-01034,2026-08-12,V044,Catering,Staff lunch box,592,33.02,19547.84,E007,E039,2026-08-12 11:44
PO-01035,2026-09-28,V025,Building materials,Rebar ton,2,2945.55,5891.1,E025,E020,2026-09-28 13:05
PO-01036,2026-08-24,V017,IT hardware,Monitor 27in,6,1103.74,6622.44,E002,E036,2026-08-24 10:35
PO-01037,2026-07-13,V008,Office supplies,A4 paper box,136,94.17,12807.12,E005,E023,2026-07-13 10:54
PO-01038,2026-07-06,V004,Office supplies,A4 paper box,42,100.34,4214.28,E028,E034,2026-07-06 15:05
PO-01039,2026-07-05,V040,Catering,Event catering per head,246,140.06,34454.76,E009,E015,2026-07-05 11:00
PO-01040,2026-08-13,V025,Building materials,Ready-mix m3,43,266.19,11446.17,E033,E021,2026-08-13 09:53
PO-01041,2026-07-30,V006,Office supplies,Office chair,37,745.07,27567.59,E035,E024,2026-07-30 08:14
PO-01042,2026-07-09,V042,Catering,Event catering per head,195,142.16,27721.2,E016,E021,2026-07-09 15:50
PO-01043,2026-08-18,V025,Building materials,Cement bag 50kg,477,18.57,8857.89,E028,E019,2026-08-18 13:14
PO-01044,2026-08-18,V011,IT hardware,Laptop,1,4639.59,4639.59,E005,E015,2026-08-18 08:21
PO-01045,2026-08-10,V022,Building materials,Rebar ton,6,2854.39,17126.34,E012,E013,2026-08-10 14:18
PO-01046,2026-07-16,V015,IT hardware,Laptop,5,4346.34,21731.7,E007,E015,2026-07-16 08:23
PO-01047,2026-09-21,V046,Security services,Guard shift,32,480.1,15363.2,E004,E034,2026-09-21 15:15
PO-01048,2026-09-16,V014,IT hardware,Laptop,1,4409.89,4409.89,E029,E040,2026-09-16 15:58
PO-01049,2026-07-12,V043,Catering,Water carton,160,13.73,2196.8,E004,E039,2026-07-12 09:27
PO-01050,2026-08-13,V039,Catering,Water carton,1942,13.19,25614.98,E025,E034,2026-08-13 10:36
PO-01051,2026-07-15,V046,Security services,CCTV maintenance,14,2193.79,30713.06,E001,E006,2026-07-15 14:03
PO-01052,2026-08-23,V046,Security services,Guard shift,58,504.28,29248.24,E038,E022,2026-08-23 13:54
PO-01053,2026-09-07,V030,Facility services,AC maintenance visit,40,870.36,34814.4,E012,E024,2026-09-07 09:25
PO-01054,2026-07-29,V020,Building materials,Rebar ton,10,2921.66,29216.6,E001,E034,2026-07-29 15:29
PO-01055,2026-09-24,V018,IT hardware,Network switch,1,3857.63,3857.63,E012,E024,2026-09-24 15:54
PO-01056,2026-07-28,V046,Security services,Guard shift,48,482.82,23175.36,E010,E013,2026-07-28 11:02
PO-01057,2026-08-18,V040,Catering,Event catering per head,141,137.06,19325.46,E003,E039,2026-08-18 16:07
PO-01058,2026-08-25,V033,Facility services,Cleaning visit,13,1375.24,17878.12,E038,E023,2026-08-25 11:51
PO-01059,2026-08-24,V021,Building materials,Ready-mix m3,62,256.03,15873.86,E038,E019,2026-08-24 13:38
PO-01060,2026-09-24,V010,IT hardware,Network switch,4,3784.96,15139.84,E004,E023,2026-09-24 10:59
PO-01061,2026-08-13,V006,Office supplies,Office chair,37,798.9,29559.3,E012,E023,2026-08-13 13:10
PO-01062,2026-08-31,V032,Facility services,AC maintenance visit,4,923.2,3692.8,E027,E023,2026-08-31 11:52
PO-01063,2026-09-09,V046,Security services,CCTV maintenance,9,2160.03,19440.27,E010,E040,2026-09-09 13:08
PO-01064,2026-07-22,V019,Building materials,Ready-mix m3,112,251.64,28183.68,E032,E024,2026-07-22 12:35
PO-01065,2026-08-20,V023,Building materials,Cement bag 50kg,728,17.72,12900.16,E025,E034,2026-08-20 10:09
PO-01066,2026-08-05,V022,Building materials,Cement bag 50kg,1066,18.98,20232.68,E007,E013,2026-08-05 09:36
PO-01067,2026-07-22,V004,Office supplies,Office chair,21,789.63,16582.23,E038,E019,2026-07-22 14:58
PO-01068,2026-09-15,V027,Building materials,Ready-mix m3,109,286.18,31193.62,E001,E039,2026-09-15 13:36
PO-01069,2026-07-09,V021,Building materials,Cement bag 50kg,161,19.81,3189.41,E004,E022,2026-07-09 15:15
PO-01070,2026-09-15,V008,Office supplies,Office chair,9,795.82,7162.38,E011,E015,2026-09-15 13:53
PO-01071,2026-09-13,V043,Catering,Staff lunch box,397,33.35,13239.95,E002,E020,2026-09-13 10:41
PO-01072,2026-09-08,V040,Catering,Staff lunch box,409,32.19,13165.71,E002,E036,2026-09-08 10:51
PO-01073,2026-09-15,V046,Security services,CCTV maintenance,5,2170.76,10853.8,E003,E022,2026-09-15 09:09
PO-01074,2026-08-27,V006,Office supplies,A4 paper box,376,88.71,33354.96,E032,E013,2026-08-27 11:49
PO-01075,2026-07-05,V038,Catering,Staff lunch box,349,34.19,11932.31,E025,E023,2026-07-05 11:41
PO-01076,2026-09-24,V005,Office supplies,Toner cartridge,11,448.53,4933.83,E010,E008,2026-09-24 13:14
PO-01077,2026-07-15,V024,Building materials,Rebar ton,13,2805.8,36475.4,E002,E019,2026-07-15 09:26
PO-01078,2026-07-21,V006,Office supplies,Toner cartridge,66,411.86,27182.76,E001,E040,2026-07-21 10:20
PO-01079,2026-09-01,V033,Facility services,AC maintenance visit,20,872.6,17452.0,E010,E008,2026-09-01 15:04
PO-01080,2026-07-02,V043,Catering,Event catering per head,224,147.85,33118.4,E005,E024,2026-07-02 10:45
PO-01081,2026-08-23,V046,Security services,Guard shift,3,442.17,1326.51,E038,E021,2026-08-23 14:43
PO-01082,2026-07-22,V026,Building materials,Cement bag 50kg,1718,17.93,30803.74,E029,E024,2026-07-22 08:08
PO-01083,2026-09-21,V046,Security services,Guard shift,48,480.84,23080.32,E002,E023,2026-09-21 13:21
PO-01084,2026-08-03,V042,Catering,Staff lunch box,495,34.03,16844.85,E009,E013,2026-08-03 11:24
PO-01085,2026-08-13,V039,Catering,Staff lunch box,1225,32.82,40204.5,E003,E013,2026-08-13 12:07
PO-01086,2026-09-16,V033,Facility services,Pest control visit,18,644.3,11597.4,E012,E019,2026-09-16 09:06
PO-01087,2026-08-10,V038,Catering,Staff lunch box,1084,33.54,36357.36,E005,E006,2026-08-10 11:51
PO-01088,2026-07-26,V015,IT hardware,Network switch,4,3972.69,15890.76,E032,E020,2026-07-26 08:35
PO-01089,2026-09-27,V046,Security services,Guard shift,60,442.21,26532.6,E016,E034,2026-09-27 15:14
PO-01090,2026-08-20,V024,Building materials,Ready-mix m3,24,285.65,6855.6,E004,E019,2026-08-20 13:34
PO-01091,2026-08-05,V018,IT hardware,Network switch,6,3610.67,21664.02,E033,E013,2026-08-05 13:26
PO-01092,2026-07-14,V025,Building materials,Cement bag 50kg,735,17.5,12862.5,E011,E024,2026-07-14 09:38
PO-01093,2026-08-12,V020,Building materials,Rebar ton,4,3055.64,12222.56,E038,E013,2026-08-12 10:10
PO-01094,2026-08-23,V046,Security services,Access card batch,10,1673.56,16735.6,E038,E021,2026-08-23 11:16
PO-01095,2026-07-16,V034,Facility services,AC maintenance visit,25,846.98,21174.5,E033,E022,2026-07-16 14:47
PO-01096,2026-09-07,V036,Facility services,Cleaning visit,4,1327.31,5309.24,E029,E013,2026-09-07 15:01
PO-01097,2026-08-31,V036,Facility services,Pest control visit,45,631.76,28429.2,E010,E024,2026-08-31 12:24
PO-01098,2026-09-20,V016,IT hardware,Laptop,5,4403.0,22015.0,E026,E021,2026-09-20 15:04
PO-01099,2026-09-24,V039,Catering,Event catering per head,32,142.35,4555.2,E037,E013,2026-09-24 13:21
PO-01100,2026-08-11,V028,Facility services,Cleaning visit,22,1400.09,30801.98,E010,E024,2026-08-11 09:26
PO-01101,2026-07-22,V004,Office supplies,A4 paper box,463,100.62,46587.06,E017,E008,2026-07-22 08:22
PO-01102,2026-07-26,V004,Office supplies,A4 paper box,491,97.91,48073.81,E017,E021,2026-07-26 16:58
PO-01103,2026-07-26,V004,Office supplies,A4 paper box,513,88.9,45605.7,E017,E006,2026-07-26 10:47
PO-01104,2026-09-16,V022,Building materials,Cement bag 50kg,482,18.35,8844.7,E025,E040,2026-09-16 11:21
PO-01105,2026-09-20,V022,Building materials,Cement bag 50kg,444,20.43,9070.92,E025,E024,2026-09-20 13:32
PO-01106,2026-09-20,V022,Building materials,Cement bag 50kg,458,19.87,9100.46,E025,E040,2026-09-20 11:50
PO-01107,2026-08-03,V055,IT hardware,Laptop,1,4925.78,4925.78,E017,E008,2026-08-03 09:38
PO-01108,2026-08-17,V056,Facility services,Cleaning visit,23,1442.28,33172.44,E018,E021,2026-08-17 11:30
PO-01109,2026-07-30,V042,Catering,Event catering per head,233,342.19,79730.27,E035,E015,2026-07-30 09:13
PO-01110,2026-09-13,V042,Catering,Event catering per head,22,265.19,5834.18,E035,E019,2026-09-13 13:36
PO-01111,2026-09-08,V037,Catering,Water carton,2676,24.95,66766.2,E032,E015,2026-09-08 11:05
PO-01112,2026-08-17,V039,Catering,Event catering per head,216,288.67,62352.72,E029,E020,2026-08-17 15:24
PO-01113,2026-08-04,V027,Building materials,Cement bag 50kg,84,32.31,2714.04,E010,E034,2026-08-04 16:50
PO-01114,2026-07-14,V041,Catering,Water carton,1500,30.93,46395.0,E007,E019,2026-07-14 12:09
PO-01115,2026-07-21,V048,Security services,Guard shift,78,515.19,40184.82,E015,E015,2026-07-21 16:26
PO-01116,2026-09-10,V033,Facility services,Cleaning visit,5,1245.75,6228.75,E023,E023,2026-09-10 15:21
PO-01117,2026-08-30,V046,Security services,Guard shift,81,479.25,38819.25,E038,E039,2026-08-30 23:07
PO-01118,2026-08-05,V036,Facility services,Cleaning visit,29,1287.85,37347.65,E038,E023,2026-08-05 23:55
PO-01119,2026-07-20,V030,Facility services,Cleaning visit,4,1255.22,5020.88,E004,E034,2026-07-24 13:05
PO-01120,2026-07-08,V031,Facility services,Monthly maintenance contract,1,25000,25000,E004,E006,2026-07-08 14:22
PO-01121,2026-07-05,V031,Facility services,Monthly maintenance contract,1,20000,20000,E004,E024,2026-07-05 09:48
PO-01122,2026-09-06,V031,Facility services,Monthly maintenance contract,1,15000,15000,E007,E036,2026-09-06 11:22
PO-01123,2026-09-28,V031,Facility services,Monthly maintenance contract,1,30000,30000,E007,E006,2026-09-28 09:21
PO-01124,2026-08-27,V031,Facility services,Monthly maintenance contract,1,30000,30000,E012,E006,2026-08-27 14:52
