OBJECT_ID,OBJECT_TYPE_CODE,SEQUENCE_NUM,ACTION_CODE,EMPLOYEE_ID,ACTION_DATE
110000,PO,0,SUBMIT,5012,2026-07-02 09:00:00
110000,PO,1,FORWARD,5999,2026-07-02 09:30:00
110000,PO,2,APPROVE,5036,2026-07-02 12:04:00
110001,PO,0,SUBMIT,5018,2026-07-06 09:00:00
110001,PO,2,APPROVE,5024,2026-07-06 13:27:00
110002,PO,0,SUBMIT,5035,2026-08-05 07:32:00
110002,PO,2,APPROVE,5021,2026-08-05 09:32:00
110003,PO,0,SUBMIT,5005,2026-09-02 09:00:00
110003,PO,2,APPROVE,5036,2026-09-02 12:44:00
110004,PO,0,SUBMIT,5007,2026-07-02 09:00:00
110004,PO,2,APPROVE,5023,2026-07-02 12:35:00
110005,PO,0,SUBMIT,5031,2026-08-17 09:00:00
110005,PO,2,APPROVE,5022,2026-08-17 15:34:00
110006,PO,0,SUBMIT,5017,2026-09-14 07:31:00
110006,PO,2,APPROVE,5039,2026-09-14 09:31:00
110007,PO,0,SUBMIT,5035,2026-07-02 09:00:00
110007,PO,1,FORWARD,5999,2026-07-02 09:30:00
110007,PO,2,APPROVE,5020,2026-07-02 13:48:00
110008,PO,0,SUBMIT,5031,2026-09-28 09:00:00
110008,PO,2,APPROVE,5021,2026-09-28 15:03:00
110009,PO,0,SUBMIT,5037,2026-08-03 09:00:00
110009,PO,2,APPROVE,5019,2026-08-03 16:29:00
110010,PO,0,SUBMIT,5005,2026-07-26 07:36:00
110010,PO,2,APPROVE,5006,2026-07-26 09:36:00
110011,PO,0,SUBMIT,5002,2026-08-13 09:00:00
110011,PO,2,APPROVE,5020,2026-08-13 16:02:00
110012,PO,0,SUBMIT,5003,2026-09-14 07:55:00
110012,PO,2,APPROVE,5006,2026-09-14 09:55:00
110013,PO,0,SUBMIT,5003,2026-08-27 09:00:00
110013,PO,2,APPROVE,5022,2026-08-27 12:20:00
110014,PO,0,SUBMIT,5027,2026-09-20 09:00:00
110014,PO,1,FORWARD,5999,2026-09-20 09:30:00
110014,PO,2,APPROVE,5022,2026-09-20 11:25:00
110015,PO,0,SUBMIT,5025,2026-08-09 08:14:00
110015,PO,2,APPROVE,5015,2026-08-09 10:14:00
110016,PO,0,SUBMIT,5026,2026-09-09 07:14:00
110016,PO,2,APPROVE,5022,2026-09-09 09:14:00
110017,PO,0,SUBMIT,5011,2026-08-23 09:00:00
110017,PO,2,APPROVE,5013,2026-08-23 16:10:00
110018,PO,0,SUBMIT,5027,2026-07-27 09:00:00
110018,PO,2,APPROVE,5008,2026-07-27 12:44:00
110019,PO,0,SUBMIT,5017,2026-09-07 08:54:00
110019,PO,2,APPROVE,5021,2026-09-07 10:54:00
110020,PO,0,SUBMIT,5005,2026-09-20 09:00:00
110020,PO,2,APPROVE,5021,2026-09-20 13:56:00
110021,PO,0,SUBMIT,5028,2026-08-13 09:00:00
110021,PO,1,FORWARD,5999,2026-08-13 09:30:00
110021,PO,2,APPROVE,5015,2026-08-13 13:57:00
110022,PO,0,SUBMIT,5037,2026-09-08 09:00:00
110022,PO,2,APPROVE,5021,2026-09-08 13:47:00
110023,PO,0,SUBMIT,5002,2026-07-29 06:28:00
110023,PO,2,APPROVE,5006,2026-07-29 08:28:00
110024,PO,0,SUBMIT,5033,2026-07-23 09:00:00
110024,PO,2,APPROVE,5013,2026-07-23 11:54:00
110025,PO,0,SUBMIT,5014,2026-09-30 06:33:00
110025,PO,2,APPROVE,5019,2026-09-30 08:33:00
110026,PO,0,SUBMIT,5038,2026-08-13 06:44:00
110026,PO,2,APPROVE,5024,2026-08-13 08:44:00
110027,PO,0,SUBMIT,5014,2026-07-30 09:00:00
110027,PO,2,APPROVE,5019,2026-07-30 16:53:00
110028,PO,0,SUBMIT,5038,2026-08-10 09:00:00
110028,PO,1,FORWARD,5999,2026-08-10 09:30:00
110028,PO,2,APPROVE,5036,2026-08-10 13:39:00
110029,PO,0,SUBMIT,5018,2026-09-30 09:00:00
110029,PO,2,APPROVE,5008,2026-09-30 11:44:00
110030,PO,0,SUBMIT,5014,2026-07-01 09:00:00
110030,PO,2,APPROVE,5022,2026-07-01 16:48:00
110031,PO,0,SUBMIT,5009,2026-09-09 09:00:00
110031,PO,2,APPROVE,5039,2026-09-09 15:25:00
110032,PO,0,SUBMIT,5026,2026-08-13 09:00:00
110032,PO,2,APPROVE,5020,2026-08-13 11:29:00
110033,PO,0,SUBMIT,5025,2026-07-21 09:00:00
110033,PO,2,APPROVE,5022,2026-07-21 11:08:00
110034,PO,0,SUBMIT,5031,2026-08-23 06:17:00
110034,PO,2,APPROVE,5023,2026-08-23 08:17:00
110035,PO,0,SUBMIT,5011,2026-07-12 08:10:00
110035,PO,1,FORWARD,5999,2026-07-12 08:40:00
110035,PO,2,APPROVE,5034,2026-07-12 10:10:00
110036,PO,0,SUBMIT,5017,2026-08-31 09:00:00
110036,PO,2,APPROVE,5022,2026-08-31 13:42:00
110037,PO,0,SUBMIT,5037,2026-09-08 09:00:00
110037,PO,2,APPROVE,5024,2026-09-08 11:33:00
110038,PO,0,SUBMIT,5030,2026-07-05 09:00:00
110038,PO,2,APPROVE,5008,2026-07-05 11:05:00
110039,PO,0,SUBMIT,5017,2026-08-31 09:00:00
110039,PO,2,APPROVE,5019,2026-08-31 12:59:00
110040,PO,0,SUBMIT,5025,2026-07-16 09:00:00
110040,PO,2,APPROVE,5036,2026-07-16 15:45:00
110041,PO,0,SUBMIT,5033,2026-08-23 06:11:00
110041,PO,2,APPROVE,5021,2026-08-23 08:11:00
110042,PO,0,SUBMIT,5012,2026-08-12 09:00:00
110042,PO,1,FORWARD,5999,2026-08-12 09:30:00
110042,PO,2,APPROVE,5022,2026-08-12 15:42:00
110043,PO,0,SUBMIT,5032,2026-08-24 09:00:00
110043,PO,2,APPROVE,5021,2026-08-24 11:00:00
110044,PO,0,SUBMIT,5004,2026-07-28 09:00:00
110044,PO,2,APPROVE,5022,2026-07-28 16:11:00
110045,PO,0,SUBMIT,5016,2026-07-15 08:06:00
110045,PO,2,APPROVE,5015,2026-07-15 10:06:00
110046,PO,0,SUBMIT,5032,2026-09-27 07:29:00
110046,PO,2,APPROVE,5015,2026-09-27 09:29:00
110047,PO,0,SUBMIT,5032,2026-09-02 09:00:00
110047,PO,2,APPROVE,5013,2026-09-02 13:22:00
110048,PO,0,SUBMIT,5002,2026-08-23 07:08:00
110048,PO,2,APPROVE,5006,2026-08-23 09:08:00
110049,PO,0,SUBMIT,5032,2026-08-27 09:00:00
110049,PO,1,FORWARD,5999,2026-08-27 09:30:00
110049,PO,2,APPROVE,5021,2026-08-27 14:57:00
110050,PO,0,SUBMIT,5011,2026-08-24 07:36:00
110050,PO,2,APPROVE,5023,2026-08-24 09:36:00
110051,PO,0,SUBMIT,5029,2026-08-30 09:00:00
110051,PO,2,APPROVE,5036,2026-08-30 15:18:00
110052,PO,0,SUBMIT,5025,2026-08-02 09:00:00
110052,PO,2,APPROVE,5008,2026-08-02 16:19:00
110053,PO,0,SUBMIT,5012,2026-07-05 09:00:00
110053,PO,2,APPROVE,5015,2026-07-05 15:56:00
110054,PO,0,SUBMIT,5018,2026-08-31 09:00:00
110054,PO,2,APPROVE,5015,2026-08-31 16:58:00
110055,PO,0,SUBMIT,5002,2026-08-30 09:00:00
110055,PO,2,APPROVE,5023,2026-08-30 15:26:00
110056,PO,0,SUBMIT,5033,2026-09-01 07:25:00
110056,PO,1,FORWARD,5999,2026-09-01 07:55:00
110056,PO,2,APPROVE,5040,2026-09-01 09:25:00
110057,PO,0,SUBMIT,5025,2026-09-23 06:28:00
110057,PO,2,APPROVE,5039,2026-09-23 08:28:00
110058,PO,0,SUBMIT,5032,2026-09-09 09:00:00
110058,PO,2,APPROVE,5036,2026-09-09 12:44:00
110059,PO,0,SUBMIT,5037,2026-07-30 07:58:00
110059,PO,2,APPROVE,5020,2026-07-30 09:58:00
110060,PO,0,SUBMIT,5005,2026-08-26 07:25:00
110060,PO,2,APPROVE,5039,2026-08-26 09:25:00
110061,PO,0,SUBMIT,5037,2026-07-13 09:00:00
110061,PO,2,APPROVE,5036,2026-07-13 14:11:00
110062,PO,0,SUBMIT,5026,2026-08-06 09:00:00
110062,PO,2,APPROVE,5023,2026-08-06 15:23:00
110063,PO,0,SUBMIT,5025,2026-08-17 09:00:00
110063,PO,1,FORWARD,5999,2026-08-17 09:30:00
110063,PO,2,APPROVE,5019,2026-08-17 16:34:00
110064,PO,0,SUBMIT,5005,2026-07-26 09:00:00
110064,PO,2,APPROVE,5006,2026-07-26 11:03:00
110065,PO,0,SUBMIT,5037,2026-09-02 08:56:00
110065,PO,2,APPROVE,5021,2026-09-02 10:56:00
110066,PO,0,SUBMIT,5003,2026-07-26 07:33:00
110066,PO,2,APPROVE,5021,2026-07-26 09:33:00
110067,PO,0,SUBMIT,5038,2026-08-20 06:02:00
110067,PO,2,APPROVE,5040,2026-08-20 08:02:00
110068,PO,0,SUBMIT,5004,2026-08-24 06:41:00
110068,PO,2,APPROVE,5013,2026-08-24 08:41:00
110069,PO,0,SUBMIT,5001,2026-08-12 06:05:00
110069,PO,2,APPROVE,5022,2026-08-12 08:05:00
110070,PO,0,SUBMIT,5005,2026-09-28 07:12:00
110070,PO,1,FORWARD,5999,2026-09-28 07:42:00
110070,PO,2,APPROVE,5019,2026-09-28 09:12:00
110071,PO,0,SUBMIT,5002,2026-07-23 08:50:00
110071,PO,2,APPROVE,5015,2026-07-23 10:50:00
110072,PO,0,SUBMIT,5029,2026-07-27 09:00:00
110072,PO,2,APPROVE,5013,2026-07-27 16:21:00
110073,PO,0,SUBMIT,5012,2026-08-06 07:56:00
110073,PO,2,APPROVE,5013,2026-08-06 09:56:00
110074,PO,0,SUBMIT,5004,2026-07-20 09:00:00
110074,PO,2,APPROVE,5006,2026-07-20 16:52:00
110075,PO,0,SUBMIT,5004,2026-08-20 09:00:00
110075,PO,2,APPROVE,5024,2026-08-20 13:12:00
110076,PO,0,SUBMIT,5018,2026-07-15 09:00:00
110076,PO,2,APPROVE,5023,2026-07-15 15:44:00
110077,PO,0,SUBMIT,5018,2026-07-14 07:04:00
110077,PO,1,FORWARD,5999,2026-07-14 07:34:00
110077,PO,2,APPROVE,5040,2026-07-14 09:04:00
110078,PO,0,SUBMIT,5011,2026-09-09 09:00:00
110078,PO,2,APPROVE,5019,2026-09-09 13:22:00
110079,PO,0,SUBMIT,5001,2026-08-05 09:00:00
110079,PO,2,APPROVE,5024,2026-08-05 16:14:00
110080,PO,0,SUBMIT,5029,2026-07-14 09:00:00
110080,PO,2,APPROVE,5006,2026-07-14 15:01:00
110081,PO,0,SUBMIT,5012,2026-07-05 06:49:00
110081,PO,2,APPROVE,5040,2026-07-05 08:49:00
110082,PO,0,SUBMIT,5003,2026-07-05 07:53:00
110082,PO,2,APPROVE,5024,2026-07-05 09:53:00
110083,PO,0,SUBMIT,5005,2026-08-05 09:00:00
110083,PO,2,APPROVE,5006,2026-08-05 11:19:00
110084,PO,0,SUBMIT,5010,2026-08-12 09:00:00
110084,PO,1,FORWARD,5999,2026-08-12 09:30:00
110084,PO,2,APPROVE,5015,2026-08-12 14:21:00
110085,PO,0,SUBMIT,5001,2026-07-13 09:00:00
110085,PO,2,APPROVE,5023,2026-07-13 15:20:00
110086,PO,0,SUBMIT,5004,2026-09-21 09:00:00
110086,PO,2,APPROVE,5020,2026-09-21 11:31:00
110087,PO,0,SUBMIT,5029,2026-08-10 09:00:00
110087,PO,2,APPROVE,5039,2026-08-10 12:36:00
110088,PO,0,SUBMIT,5009,2026-07-12 06:00:00
110088,PO,2,APPROVE,5024,2026-07-12 08:00:00
110089,PO,0,SUBMIT,5030,2026-08-24 09:00:00
110089,PO,2,APPROVE,5020,2026-08-24 11:25:00
110090,PO,0,SUBMIT,5035,2026-09-16 09:00:00
110090,PO,2,APPROVE,5039,2026-09-16 14:40:00
110091,PO,0,SUBMIT,5025,2026-07-13 09:00:00
110091,PO,1,FORWARD,5999,2026-07-13 09:30:00
110091,PO,2,APPROVE,5024,2026-07-13 12:27:00
110092,PO,0,SUBMIT,5014,2026-09-28 09:00:00
110092,PO,2,APPROVE,5040,2026-09-28 15:20:00
110093,PO,0,SUBMIT,5011,2026-08-17 09:00:00
110093,PO,2,APPROVE,5024,2026-08-17 11:21:00
110094,PO,0,SUBMIT,5011,2026-08-04 06:23:00
110094,PO,2,APPROVE,5039,2026-08-04 08:23:00
110095,PO,0,SUBMIT,5035,2026-09-28 06:12:00
110095,PO,2,APPROVE,5008,2026-09-28 08:12:00
110096,PO,0,SUBMIT,5001,2026-09-21 09:00:00
110096,PO,2,APPROVE,5023,2026-09-21 13:55:00
110097,PO,0,SUBMIT,5032,2026-07-20 09:00:00
110097,PO,2,APPROVE,5021,2026-07-20 16:21:00
110098,PO,0,SUBMIT,5037,2026-09-21 09:00:00
110098,PO,1,FORWARD,5999,2026-09-21 09:30:00
110098,PO,2,APPROVE,5008,2026-09-21 14:29:00
110099,PO,0,SUBMIT,5002,2026-08-26 09:00:00
110099,PO,2,APPROVE,5015,2026-08-26 11:41:00
110100,PO,0,SUBMIT,5018,2026-08-30 09:00:00
110100,PO,2,APPROVE,5023,2026-08-30 13:52:00
110101,PO,0,SUBMIT,5002,2026-08-20 09:00:00
110101,PO,2,APPROVE,5039,2026-08-20 11:49:00
110102,PO,0,SUBMIT,5030,2026-09-28 07:15:00
110102,PO,2,APPROVE,5021,2026-09-28 09:15:00
110103,PO,0,SUBMIT,5007,2026-08-03 07:34:00
110103,PO,2,APPROVE,5019,2026-08-03 09:34:00
110104,PO,0,SUBMIT,5014,2026-09-06 09:00:00
110104,PO,2,APPROVE,5015,2026-09-06 13:37:00
110105,PO,0,SUBMIT,5004,2026-07-28 09:00:00
110105,PO,1,FORWARD,5999,2026-07-28 09:30:00
110105,PO,2,APPROVE,5006,2026-07-28 13:06:00
110106,PO,0,SUBMIT,5003,2026-07-19 08:05:00
110106,PO,2,APPROVE,5021,2026-07-19 10:05:00
110107,PO,0,SUBMIT,5038,2026-09-28 09:00:00
110107,PO,2,APPROVE,5036,2026-09-28 13:45:00
110108,PO,0,SUBMIT,5014,2026-08-16 09:00:00
110108,PO,2,APPROVE,5019,2026-08-16 16:37:00
110109,PO,0,SUBMIT,5017,2026-09-10 09:00:00
110109,PO,2,APPROVE,5008,2026-09-10 14:43:00
110110,PO,0,SUBMIT,5033,2026-09-14 06:59:00
110110,PO,2,APPROVE,5020,2026-09-14 08:59:00
110111,PO,0,SUBMIT,5038,2026-08-19 09:00:00
110111,PO,2,APPROVE,5023,2026-08-19 14:14:00
110112,PO,0,SUBMIT,5016,2026-09-21 09:00:00
110112,PO,1,FORWARD,5999,2026-09-21 09:30:00
110112,PO,2,APPROVE,5024,2026-09-21 14:19:00
110113,PO,0,SUBMIT,5035,2026-09-09 08:01:00
110113,PO,2,APPROVE,5008,2026-09-09 10:01:00
110114,PO,0,SUBMIT,5014,2026-07-02 08:57:00
110114,PO,2,APPROVE,5036,2026-07-02 10:57:00
110115,PO,0,SUBMIT,5010,2026-09-15 08:57:00
110115,PO,2,APPROVE,5006,2026-09-15 10:57:00
110116,PO,0,SUBMIT,5012,2026-08-06 09:00:00
110116,PO,2,APPROVE,5019,2026-08-06 16:24:00
110117,PO,0,SUBMIT,5004,2026-07-29 09:00:00
110117,PO,2,APPROVE,5023,2026-07-29 12:23:00
110118,PO,0,SUBMIT,5026,2026-07-13 09:00:00
110118,PO,2,APPROVE,5034,2026-07-13 12:00:00
110119,PO,0,SUBMIT,5032,2026-07-22 09:00:00
110119,PO,1,FORWARD,5999,2026-07-22 09:30:00
110119,PO,2,APPROVE,5006,2026-07-22 12:26:00
110120,PO,0,SUBMIT,5004,2026-08-10 09:00:00
110120,PO,2,APPROVE,5034,2026-08-10 13:30:00
110121,PO,0,SUBMIT,5002,2026-08-03 09:00:00
110121,PO,2,APPROVE,5013,2026-08-03 14:30:00
110122,PO,0,SUBMIT,5027,2026-08-24 09:00:00
110122,PO,2,APPROVE,5040,2026-08-24 13:38:00
110123,PO,0,SUBMIT,5026,2026-09-15 09:00:00
110123,PO,2,APPROVE,5024,2026-09-15 13:05:00
110124,PO,0,SUBMIT,5028,2026-08-12 09:00:00
110124,PO,2,APPROVE,5019,2026-08-12 14:05:00
110125,PO,0,SUBMIT,5009,2026-08-11 07:53:00
110125,PO,2,APPROVE,5023,2026-08-11 09:53:00
110126,PO,0,SUBMIT,5001,2026-08-19 06:45:00
110126,PO,1,FORWARD,5999,2026-08-19 07:15:00
110126,PO,2,APPROVE,5019,2026-08-19 08:45:00
110127,PO,0,SUBMIT,5037,2026-08-04 07:23:00
110127,PO,2,APPROVE,5040,2026-08-04 09:23:00
110128,PO,0,SUBMIT,5002,2026-09-02 09:00:00
110128,PO,2,APPROVE,5021,2026-09-02 16:14:00
110129,PO,0,SUBMIT,5005,2026-09-13 08:58:00
110129,PO,2,APPROVE,5022,2026-09-13 10:58:00
110130,PO,0,SUBMIT,5031,2026-08-20 09:00:00
110130,PO,2,APPROVE,5034,2026-08-20 16:26:00
110131,PO,0,SUBMIT,5016,2026-07-05 09:00:00
110131,PO,2,APPROVE,5022,2026-07-05 13:20:00
110132,PO,0,SUBMIT,5010,2026-09-02 08:36:00
110132,PO,2,APPROVE,5024,2026-09-02 10:36:00
110133,PO,0,SUBMIT,5037,2026-07-06 06:54:00
110133,PO,1,FORWARD,5999,2026-07-06 07:24:00
110133,PO,2,APPROVE,5024,2026-07-06 08:54:00
110134,PO,0,SUBMIT,5032,2026-08-23 09:00:00
110134,PO,2,APPROVE,5021,2026-08-23 16:12:00
110135,PO,0,SUBMIT,5011,2026-07-27 08:56:00
110135,PO,2,APPROVE,5034,2026-07-27 10:56:00
110136,PO,0,SUBMIT,5010,2026-09-29 08:34:00
110136,PO,2,APPROVE,5020,2026-09-29 10:34:00
110137,PO,0,SUBMIT,5029,2026-08-31 09:00:00
110137,PO,2,APPROVE,5013,2026-08-31 14:11:00
110138,PO,0,SUBMIT,5011,2026-08-05 09:00:00
110138,PO,2,APPROVE,5021,2026-08-05 13:06:00
110139,PO,0,SUBMIT,5017,2026-07-29 07:32:00
110139,PO,2,APPROVE,5013,2026-07-29 09:32:00
110140,PO,0,SUBMIT,5001,2026-08-24 09:00:00
110140,PO,1,FORWARD,5999,2026-08-24 09:30:00
110140,PO,2,APPROVE,5036,2026-08-24 16:01:00
110141,PO,0,SUBMIT,5014,2026-08-04 09:00:00
110141,PO,2,APPROVE,5021,2026-08-04 13:00:00
110142,PO,0,SUBMIT,5001,2026-07-23 09:00:00
110142,PO,2,APPROVE,5008,2026-07-23 12:41:00
110143,PO,0,SUBMIT,5014,2026-08-05 09:00:00
110143,PO,2,APPROVE,5039,2026-08-05 14:21:00
110144,PO,0,SUBMIT,5027,2026-07-21 09:00:00
110144,PO,2,APPROVE,5015,2026-07-21 15:30:00
110145,PO,0,SUBMIT,5027,2026-07-22 09:00:00
110145,PO,2,APPROVE,5019,2026-07-22 16:03:00
110146,PO,0,SUBMIT,5037,2026-07-06 09:00:00
110146,PO,2,APPROVE,5015,2026-07-06 13:36:00
110147,PO,0,SUBMIT,5012,2026-09-08 09:00:00
110147,PO,1,FORWARD,5999,2026-09-08 09:30:00
110147,PO,2,APPROVE,5020,2026-09-08 12:15:00
110148,PO,0,SUBMIT,5004,2026-08-09 09:00:00
110148,PO,2,APPROVE,5021,2026-08-09 12:57:00
110149,PO,0,SUBMIT,5011,2026-08-19 06:18:00
110149,PO,2,APPROVE,5021,2026-08-19 08:18:00
110150,PO,0,SUBMIT,5038,2026-07-05 07:39:00
110150,PO,2,APPROVE,5019,2026-07-05 09:39:00
110151,PO,0,SUBMIT,5026,2026-09-29 09:00:00
110151,PO,2,APPROVE,5015,2026-09-29 13:15:00
110152,PO,0,SUBMIT,5037,2026-07-16 09:00:00
110152,PO,2,APPROVE,5039,2026-07-16 13:03:00
110153,PO,0,SUBMIT,5016,2026-08-03 09:00:00
110153,PO,2,APPROVE,5019,2026-08-03 12:48:00
110154,PO,0,SUBMIT,5001,2026-07-29 09:00:00
110154,PO,1,FORWARD,5999,2026-07-29 09:30:00
110154,PO,2,APPROVE,5039,2026-07-29 16:25:00
110155,PO,0,SUBMIT,5031,2026-08-12 09:00:00
110155,PO,2,APPROVE,5015,2026-08-12 15:00:00
110156,PO,0,SUBMIT,5009,2026-07-13 07:19:00
110156,PO,2,APPROVE,5024,2026-07-13 09:19:00
110157,PO,0,SUBMIT,5027,2026-08-30 08:58:00
110157,PO,2,APPROVE,5015,2026-08-30 10:58:00
110158,PO,0,SUBMIT,5017,2026-09-20 09:00:00
110158,PO,2,APPROVE,5036,2026-09-20 12:54:00
110159,PO,0,SUBMIT,5007,2026-08-09 09:00:00
110159,PO,2,APPROVE,5006,2026-08-09 15:54:00
110160,PO,0,SUBMIT,5026,2026-08-05 09:00:00
110160,PO,2,APPROVE,5021,2026-08-05 14:41:00
110161,PO,0,SUBMIT,5004,2026-09-10 08:47:00
110161,PO,1,FORWARD,5999,2026-09-10 09:17:00
110161,PO,2,APPROVE,5006,2026-09-10 10:47:00
110162,PO,0,SUBMIT,5010,2026-08-23 09:00:00
110162,PO,2,APPROVE,5039,2026-08-23 13:56:00
110163,PO,0,SUBMIT,5035,2026-07-29 09:00:00
110163,PO,2,APPROVE,5006,2026-07-29 11:03:00
110164,PO,0,SUBMIT,5031,2026-09-01 08:00:00
110164,PO,2,APPROVE,5034,2026-09-01 10:00:00
110165,PO,0,SUBMIT,5001,2026-09-01 09:00:00
110165,PO,2,APPROVE,5040,2026-09-01 11:49:00
110166,PO,0,SUBMIT,5018,2026-09-06 09:00:00
110166,PO,2,APPROVE,5021,2026-09-06 12:05:00
110167,PO,0,SUBMIT,5014,2026-07-26 08:27:00
110167,PO,2,APPROVE,5019,2026-07-26 10:27:00
110168,PO,0,SUBMIT,5038,2026-08-10 09:00:00
110168,PO,1,FORWARD,5999,2026-08-10 09:30:00
110168,PO,2,APPROVE,5019,2026-08-10 15:30:00
110169,PO,0,SUBMIT,5005,2026-07-20 06:10:00
110169,PO,2,APPROVE,5008,2026-07-20 08:10:00
110170,PO,0,SUBMIT,5001,2026-07-12 09:00:00
110170,PO,2,APPROVE,5023,2026-07-12 16:08:00
110171,PO,0,SUBMIT,5030,2026-09-08 09:00:00
110171,PO,2,APPROVE,5015,2026-09-08 13:18:00
110172,PO,0,SUBMIT,5011,2026-07-23 09:00:00
110172,PO,2,APPROVE,5039,2026-07-23 11:52:00
110173,PO,0,SUBMIT,5031,2026-08-18 09:00:00
110173,PO,2,APPROVE,5034,2026-08-18 16:16:00
110174,PO,0,SUBMIT,5003,2026-09-10 06:44:00
110174,PO,2,APPROVE,5024,2026-09-10 08:44:00
110175,PO,0,SUBMIT,5032,2026-09-29 09:00:00
110175,PO,1,FORWARD,5999,2026-09-29 09:30:00
110175,PO,2,APPROVE,5040,2026-09-29 12:09:00
110176,PO,0,SUBMIT,5031,2026-08-17 09:00:00
110176,PO,2,APPROVE,5040,2026-08-17 14:11:00
110177,PO,0,SUBMIT,5002,2026-08-24 09:00:00
110177,PO,2,APPROVE,5013,2026-08-24 11:53:00
110178,PO,0,SUBMIT,5011,2026-07-28 08:32:00
110178,PO,2,APPROVE,5023,2026-07-28 10:32:00
110179,PO,0,SUBMIT,5007,2026-08-09 09:00:00
110179,PO,2,APPROVE,5024,2026-08-09 16:57:00
110180,PO,0,SUBMIT,5001,2026-09-22 08:09:00
110180,PO,2,APPROVE,5040,2026-09-22 10:09:00
110181,PO,0,SUBMIT,5012,2026-08-11 09:00:00
110181,PO,2,APPROVE,5022,2026-08-11 16:23:00
110182,PO,0,SUBMIT,5016,2026-09-03 09:00:00
110182,PO,1,FORWARD,5999,2026-09-03 09:30:00
110182,PO,2,APPROVE,5024,2026-09-03 15:15:00
110183,PO,0,SUBMIT,5038,2026-07-16 09:00:00
110183,PO,2,APPROVE,5020,2026-07-16 16:18:00
110184,PO,0,SUBMIT,5032,2026-07-02 07:33:00
110184,PO,2,APPROVE,5021,2026-07-02 09:33:00
110185,PO,0,SUBMIT,5010,2026-07-02 09:00:00
110185,PO,2,APPROVE,5022,2026-07-02 12:46:00
110186,PO,0,SUBMIT,5003,2026-08-06 06:15:00
110186,PO,2,APPROVE,5022,2026-08-06 08:15:00
110187,PO,0,SUBMIT,5030,2026-09-01 06:12:00
110187,PO,2,APPROVE,5021,2026-09-01 08:12:00
110188,PO,0,SUBMIT,5009,2026-07-29 09:00:00
110188,PO,2,APPROVE,5022,2026-07-29 13:23:00
110189,PO,0,SUBMIT,5005,2026-09-20 07:13:00
110189,PO,1,FORWARD,5999,2026-09-20 07:43:00
110189,PO,2,APPROVE,5019,2026-09-20 09:13:00
110190,PO,0,SUBMIT,5004,2026-08-09 09:00:00
110190,PO,2,APPROVE,5020,2026-08-09 12:27:00
110191,PO,0,SUBMIT,5010,2026-08-17 09:00:00
110191,PO,2,APPROVE,5022,2026-08-17 11:30:00
110192,PO,0,SUBMIT,5002,2026-08-06 09:00:00
110192,PO,2,APPROVE,5036,2026-08-06 15:17:00
110193,PO,0,SUBMIT,5014,2026-09-20 07:31:00
110193,PO,2,APPROVE,5006,2026-09-20 09:31:00
110194,PO,0,SUBMIT,5003,2026-07-05 09:00:00
110194,PO,2,APPROVE,5019,2026-07-05 12:36:00
110195,PO,0,SUBMIT,5038,2026-09-17 07:26:00
110195,PO,2,APPROVE,5019,2026-09-17 09:26:00
110196,PO,0,SUBMIT,5012,2026-08-25 09:00:00
110196,PO,1,FORWARD,5999,2026-08-25 09:30:00
110196,PO,2,APPROVE,5023,2026-08-25 16:59:00
110197,PO,0,SUBMIT,5016,2026-09-13 09:00:00
110197,PO,2,APPROVE,5023,2026-09-13 12:53:00
110198,PO,0,SUBMIT,5014,2026-08-03 07:23:00
110198,PO,2,APPROVE,5034,2026-08-03 09:23:00
110199,PO,0,SUBMIT,5007,2026-08-02 09:00:00
110199,PO,2,APPROVE,5039,2026-08-02 15:28:00
110200,PO,0,SUBMIT,5007,2026-08-30 09:00:00
110200,PO,2,APPROVE,5022,2026-08-30 15:33:00
110201,PO,0,SUBMIT,5032,2026-07-15 09:00:00
110201,PO,2,APPROVE,5036,2026-07-15 16:49:00
110202,PO,0,SUBMIT,5027,2026-07-29 09:00:00
110202,PO,2,APPROVE,5022,2026-07-29 11:42:00
110203,PO,0,SUBMIT,5032,2026-08-12 06:11:00
110203,PO,1,FORWARD,5999,2026-08-12 06:41:00
110203,PO,2,APPROVE,5040,2026-08-12 08:11:00
110204,PO,0,SUBMIT,5014,2026-08-18 09:00:00
110204,PO,2,APPROVE,5021,2026-08-18 13:45:00
110205,PO,0,SUBMIT,5025,2026-09-30 07:33:00
110205,PO,2,APPROVE,5013,2026-09-30 09:33:00
110206,PO,0,SUBMIT,5005,2026-07-08 09:00:00
110206,PO,2,APPROVE,5040,2026-07-08 11:51:00
110207,PO,0,SUBMIT,5017,2026-09-28 06:03:00
110207,PO,2,APPROVE,5020,2026-09-28 08:03:00
110208,PO,0,SUBMIT,5003,2026-09-10 07:36:00
110208,PO,2,APPROVE,5036,2026-09-10 09:36:00
110209,PO,0,SUBMIT,5010,2026-08-13 07:13:00
110209,PO,2,APPROVE,5008,2026-08-13 09:13:00
110210,PO,0,SUBMIT,5017,2026-09-30 06:03:00
110210,PO,1,FORWARD,5999,2026-09-30 06:33:00
110210,PO,2,APPROVE,5008,2026-09-30 08:03:00
110211,PO,0,SUBMIT,5037,2026-08-27 06:12:00
110211,PO,2,APPROVE,5013,2026-08-27 08:12:00
110212,PO,0,SUBMIT,5012,2026-08-27 09:00:00
110212,PO,2,APPROVE,5006,2026-08-27 15:16:00
110213,PO,0,SUBMIT,5025,2026-08-10 09:00:00
110213,PO,2,APPROVE,5013,2026-08-10 11:37:00
110214,PO,0,SUBMIT,5001,2026-08-04 09:00:00
110214,PO,2,APPROVE,5019,2026-08-04 13:31:00
110215,PO,0,SUBMIT,5017,2026-09-20 09:00:00
110215,PO,2,APPROVE,5022,2026-09-20 15:32:00
110216,PO,0,SUBMIT,5009,2026-07-07 09:00:00
110216,PO,2,APPROVE,5019,2026-07-07 15:58:00
110217,PO,0,SUBMIT,5026,2026-07-13 06:45:00
110217,PO,1,FORWARD,5999,2026-07-13 07:15:00
110217,PO,2,APPROVE,5020,2026-07-13 08:45:00
110218,PO,0,SUBMIT,5035,2026-07-26 09:00:00
110218,PO,2,APPROVE,5021,2026-07-26 14:29:00
110219,PO,0,SUBMIT,5005,2026-09-09 09:00:00
110219,PO,2,APPROVE,5006,2026-09-09 12:31:00
110220,PO,0,SUBMIT,5032,2026-09-15 08:16:00
110220,PO,2,APPROVE,5022,2026-09-15 10:16:00
110221,PO,0,SUBMIT,5037,2026-09-20 09:00:00
110221,PO,2,APPROVE,5020,2026-09-20 11:01:00
110222,PO,0,SUBMIT,5035,2026-08-24 07:55:00
110222,PO,2,APPROVE,5019,2026-08-24 09:55:00
110223,PO,0,SUBMIT,5027,2026-08-19 09:00:00
110223,PO,2,APPROVE,5015,2026-08-19 16:48:00
110224,PO,0,SUBMIT,5005,2026-09-23 06:54:00
110224,PO,1,FORWARD,5999,2026-09-23 07:24:00
110224,PO,2,APPROVE,5020,2026-09-23 08:54:00
110225,PO,0,SUBMIT,5001,2026-09-07 09:00:00
110225,PO,2,APPROVE,5023,2026-09-07 16:24:00
110226,PO,0,SUBMIT,5035,2026-09-28 08:47:00
110226,PO,2,APPROVE,5020,2026-09-28 10:47:00
110227,PO,0,SUBMIT,5026,2026-07-08 09:00:00
110227,PO,2,APPROVE,5015,2026-07-08 15:17:00
110228,PO,0,SUBMIT,5016,2026-09-27 06:27:00
110228,PO,2,APPROVE,5024,2026-09-27 08:27:00
110229,PO,0,SUBMIT,5026,2026-08-30 09:00:00
110229,PO,2,APPROVE,5040,2026-08-30 14:55:00
110230,PO,0,SUBMIT,5017,2026-09-30 09:00:00
110230,PO,2,APPROVE,5013,2026-09-30 12:26:00
110231,PO,0,SUBMIT,5026,2026-07-02 09:00:00
110231,PO,1,FORWARD,5999,2026-07-02 09:30:00
110231,PO,2,APPROVE,5022,2026-07-02 15:47:00
110232,PO,0,SUBMIT,5010,2026-08-13 09:00:00
110232,PO,2,APPROVE,5019,2026-08-13 13:54:00
110233,PO,0,SUBMIT,5010,2026-08-26 09:00:00
110233,PO,2,APPROVE,5040,2026-08-26 14:00:00
110234,PO,0,SUBMIT,5027,2026-07-02 09:00:00
110234,PO,2,APPROVE,5006,2026-07-02 16:13:00
110235,PO,0,SUBMIT,5002,2026-08-31 09:00:00
110235,PO,2,APPROVE,5022,2026-08-31 12:54:00
110236,PO,0,SUBMIT,5033,2026-07-22 09:00:00
110236,PO,2,APPROVE,5024,2026-07-22 12:03:00
110237,PO,0,SUBMIT,5035,2026-09-09 09:00:00
110237,PO,2,APPROVE,5024,2026-09-09 16:47:00
110238,PO,0,SUBMIT,5017,2026-07-09 09:00:00
110238,PO,1,FORWARD,5999,2026-07-09 09:30:00
110238,PO,2,APPROVE,5019,2026-07-09 16:57:00
110239,PO,0,SUBMIT,5018,2026-08-11 09:00:00
110239,PO,2,APPROVE,5020,2026-08-11 15:01:00
110240,PO,0,SUBMIT,5033,2026-09-29 09:00:00
110240,PO,2,APPROVE,5040,2026-09-29 13:13:00
110241,PO,0,SUBMIT,5007,2026-07-05 09:00:00
110241,PO,2,APPROVE,5015,2026-07-05 11:11:00
110242,PO,0,SUBMIT,5018,2026-07-23 06:12:00
110242,PO,2,APPROVE,5021,2026-07-23 08:12:00
110243,PO,0,SUBMIT,5005,2026-07-30 09:00:00
110243,PO,2,APPROVE,5020,2026-07-30 16:08:00
110244,PO,0,SUBMIT,5035,2026-07-30 09:00:00
110244,PO,2,APPROVE,5040,2026-07-30 12:09:00
110245,PO,0,SUBMIT,5002,2026-08-13 09:00:00
110245,PO,1,FORWARD,5999,2026-08-13 09:30:00
110245,PO,2,APPROVE,5036,2026-08-13 11:22:00
110246,PO,0,SUBMIT,5014,2026-09-13 09:00:00
110246,PO,2,APPROVE,5034,2026-09-13 16:31:00
110247,PO,0,SUBMIT,5005,2026-07-23 08:29:00
110247,PO,2,APPROVE,5020,2026-07-23 10:29:00
110248,PO,0,SUBMIT,5035,2026-09-23 09:00:00
110248,PO,2,APPROVE,5040,2026-09-23 12:16:00
110249,PO,0,SUBMIT,5011,2026-08-13 09:00:00
110249,PO,2,APPROVE,5024,2026-08-13 11:03:00
110250,PO,0,SUBMIT,5027,2026-07-21 08:27:00
110250,PO,2,APPROVE,5015,2026-07-21 10:27:00
110251,PO,0,SUBMIT,5033,2026-09-15 07:08:00
110251,PO,2,APPROVE,5008,2026-09-15 09:08:00
110252,PO,0,SUBMIT,5016,2026-08-25 09:00:00
110252,PO,1,FORWARD,5999,2026-08-25 09:30:00
110252,PO,2,APPROVE,5021,2026-08-25 12:19:00
110253,PO,0,SUBMIT,5030,2026-09-10 09:00:00
110253,PO,2,APPROVE,5039,2026-09-10 11:31:00
110254,PO,0,SUBMIT,5026,2026-09-27 06:30:00
110254,PO,2,APPROVE,5019,2026-09-27 08:30:00
110255,PO,0,SUBMIT,5004,2026-07-16 06:19:00
110255,PO,2,APPROVE,5019,2026-07-16 08:19:00
110256,PO,0,SUBMIT,5033,2026-08-20 09:00:00
110256,PO,2,APPROVE,5019,2026-08-20 12:50:00
110257,PO,0,SUBMIT,5026,2026-08-06 09:00:00
110257,PO,2,APPROVE,5019,2026-08-06 12:20:00
110258,PO,0,SUBMIT,5030,2026-07-21 09:00:00
110258,PO,2,APPROVE,5036,2026-07-21 15:10:00
110259,PO,0,SUBMIT,5002,2026-08-17 09:00:00
110259,PO,1,FORWARD,5999,2026-08-17 09:30:00
110259,PO,2,APPROVE,5039,2026-08-17 16:26:00
110260,PO,0,SUBMIT,5012,2026-08-16 09:00:00
110260,PO,2,APPROVE,5006,2026-08-16 15:41:00
110261,PO,0,SUBMIT,5003,2026-09-13 09:00:00
110261,PO,2,APPROVE,5034,2026-09-13 11:51:00
110262,PO,0,SUBMIT,5027,2026-09-09 07:43:00
110262,PO,2,APPROVE,5020,2026-09-09 09:43:00
110263,PO,0,SUBMIT,5026,2026-09-23 06:57:00
110263,PO,2,APPROVE,5039,2026-09-23 08:57:00
110264,PO,0,SUBMIT,5031,2026-08-24 09:00:00
110264,PO,2,APPROVE,5015,2026-08-24 13:22:00
110265,PO,0,SUBMIT,5014,2026-08-12 09:00:00
110265,PO,2,APPROVE,5019,2026-08-12 16:26:00
110266,PO,0,SUBMIT,5014,2026-09-02 09:00:00
110266,PO,1,FORWARD,5999,2026-09-02 09:30:00
110266,PO,2,APPROVE,5036,2026-09-02 13:15:00
110267,PO,0,SUBMIT,5003,2026-07-20 09:00:00
110267,PO,2,APPROVE,5008,2026-07-20 11:40:00
110268,PO,0,SUBMIT,5037,2026-09-27 07:12:00
110268,PO,2,APPROVE,5036,2026-09-27 09:12:00
110269,PO,0,SUBMIT,5018,2026-07-12 09:00:00
110269,PO,2,APPROVE,5034,2026-07-12 12:00:00
110270,PO,0,SUBMIT,5011,2026-08-12 09:00:00
110270,PO,2,APPROVE,5006,2026-08-12 13:00:00
110271,PO,0,SUBMIT,5011,2026-08-10 09:00:00
110271,PO,2,APPROVE,5006,2026-08-10 13:20:00
110272,PO,0,SUBMIT,5038,2026-09-09 09:00:00
110272,PO,2,APPROVE,5036,2026-09-09 11:20:00
110273,PO,0,SUBMIT,5033,2026-07-29 08:22:00
110273,PO,1,FORWARD,5999,2026-07-29 08:52:00
110273,PO,2,APPROVE,5015,2026-07-29 10:22:00
110274,PO,0,SUBMIT,5004,2026-09-01 09:00:00
110274,PO,2,APPROVE,5022,2026-09-01 12:13:00
110275,PO,0,SUBMIT,5026,2026-08-31 06:38:00
110275,PO,2,APPROVE,5021,2026-08-31 08:38:00
110276,PO,0,SUBMIT,5018,2026-07-16 08:26:00
110276,PO,2,APPROVE,5020,2026-07-16 10:26:00
110277,PO,0,SUBMIT,5026,2026-07-28 09:00:00
110277,PO,2,APPROVE,5008,2026-07-28 12:54:00
110278,PO,0,SUBMIT,5009,2026-08-02 08:54:00
110278,PO,2,APPROVE,5039,2026-08-02 10:54:00
110279,PO,0,SUBMIT,5030,2026-09-08 07:10:00
110279,PO,2,APPROVE,5020,2026-09-08 09:10:00
110280,PO,0,SUBMIT,5029,2026-09-20 09:00:00
110280,PO,1,FORWARD,5999,2026-09-20 09:30:00
110280,PO,2,APPROVE,5036,2026-09-20 15:44:00
110281,PO,0,SUBMIT,5009,2026-07-01 09:00:00
110281,PO,2,APPROVE,5039,2026-07-01 12:44:00
110282,PO,0,SUBMIT,5037,2026-07-15 07:53:00
110282,PO,2,APPROVE,5034,2026-07-15 09:53:00
110283,PO,0,SUBMIT,5009,2026-07-14 09:00:00
110283,PO,2,APPROVE,5039,2026-07-14 12:16:00
110284,PO,0,SUBMIT,5018,2026-09-10 07:49:00
110284,PO,2,APPROVE,5034,2026-09-10 09:49:00
110285,PO,0,SUBMIT,5012,2026-08-26 09:00:00
110285,PO,2,APPROVE,5020,2026-08-26 13:03:00
110286,PO,0,SUBMIT,5031,2026-09-07 08:50:00
110286,PO,2,APPROVE,5022,2026-09-07 10:50:00
110287,PO,0,SUBMIT,5035,2026-07-09 09:00:00
110287,PO,1,FORWARD,5999,2026-07-09 09:30:00
110287,PO,2,APPROVE,5015,2026-07-09 11:58:00
110288,PO,0,SUBMIT,5030,2026-09-07 07:16:00
110288,PO,2,APPROVE,5024,2026-09-07 09:16:00
110289,PO,0,SUBMIT,5009,2026-08-19 08:30:00
110289,PO,2,APPROVE,5021,2026-08-19 10:30:00
110290,PO,0,SUBMIT,5026,2026-07-12 07:28:00
110290,PO,2,APPROVE,5023,2026-07-12 09:28:00
110291,PO,0,SUBMIT,5012,2026-08-04 07:48:00
110291,PO,2,APPROVE,5023,2026-08-04 09:48:00
110292,PO,0,SUBMIT,5007,2026-08-16 09:00:00
110292,PO,2,APPROVE,5036,2026-08-16 14:54:00
110293,PO,0,SUBMIT,5003,2026-08-27 09:00:00
110293,PO,2,APPROVE,5006,2026-08-27 13:44:00
110294,PO,0,SUBMIT,5037,2026-08-12 06:55:00
110294,PO,1,FORWARD,5999,2026-08-12 07:25:00
110294,PO,2,APPROVE,5008,2026-08-12 08:55:00
110295,PO,0,SUBMIT,5011,2026-08-27 09:00:00
110295,PO,2,APPROVE,5036,2026-08-27 11:11:00
110296,PO,0,SUBMIT,5009,2026-09-21 08:50:00
110296,PO,2,APPROVE,5021,2026-09-21 10:50:00
110297,PO,0,SUBMIT,5027,2026-07-29 09:00:00
110297,PO,2,APPROVE,5036,2026-07-29 14:57:00
110298,PO,0,SUBMIT,5038,2026-09-02 06:01:00
110298,PO,2,APPROVE,5008,2026-09-02 08:01:00
110299,PO,0,SUBMIT,5028,2026-07-12 09:00:00
110299,PO,2,APPROVE,5039,2026-07-12 13:53:00
110300,PO,0,SUBMIT,5004,2026-08-16 09:00:00
110300,PO,2,APPROVE,5008,2026-08-16 16:20:00
110301,PO,0,SUBMIT,5011,2026-07-01 09:00:00
110301,PO,1,FORWARD,5999,2026-07-01 09:30:00
110301,PO,2,APPROVE,5023,2026-07-01 13:01:00
110302,PO,0,SUBMIT,5001,2026-07-21 06:50:00
110302,PO,2,APPROVE,5036,2026-07-21 08:50:00
110303,PO,0,SUBMIT,5037,2026-07-20 08:26:00
110303,PO,2,APPROVE,5019,2026-07-20 10:26:00
110304,PO,0,SUBMIT,5029,2026-08-13 09:00:00
110304,PO,2,APPROVE,5023,2026-08-13 16:20:00
110305,PO,0,SUBMIT,5001,2026-07-09 09:00:00
110305,PO,2,APPROVE,5020,2026-07-09 11:55:00
110306,PO,0,SUBMIT,5012,2026-07-06 09:00:00
110306,PO,2,APPROVE,5006,2026-07-06 15:40:00
110307,PO,0,SUBMIT,5032,2026-07-28 08:57:00
110307,PO,2,APPROVE,5024,2026-07-28 10:57:00
110308,PO,0,SUBMIT,5025,2026-08-30 09:00:00
110308,PO,1,FORWARD,5999,2026-08-30 09:30:00
110308,PO,2,APPROVE,5015,2026-08-30 11:42:00
110309,PO,0,SUBMIT,5032,2026-08-17 09:00:00
110309,PO,2,APPROVE,5006,2026-08-17 12:34:00
110310,PO,0,SUBMIT,5001,2026-09-27 08:33:00
110310,PO,2,APPROVE,5021,2026-09-27 10:33:00
110311,PO,0,SUBMIT,5005,2026-09-10 08:49:00
110311,PO,2,APPROVE,5008,2026-09-10 10:49:00
110312,PO,0,SUBMIT,5032,2026-09-16 06:09:00
110312,PO,2,APPROVE,5021,2026-09-16 08:09:00
110313,PO,0,SUBMIT,5002,2026-09-02 09:00:00
110313,PO,2,APPROVE,5023,2026-09-02 15:12:00
110314,PO,0,SUBMIT,5029,2026-09-22 07:28:00
110314,PO,2,APPROVE,5039,2026-09-22 09:28:00
110315,PO,0,SUBMIT,5035,2026-07-07 09:00:00
110315,PO,1,FORWARD,5999,2026-07-07 09:30:00
110315,PO,2,APPROVE,5034,2026-07-07 11:30:00
110316,PO,0,SUBMIT,5010,2026-09-06 09:00:00
110316,PO,2,APPROVE,5013,2026-09-06 12:38:00
110317,PO,0,SUBMIT,5011,2026-08-27 09:00:00
110317,PO,2,APPROVE,5006,2026-08-27 15:25:00
110318,PO,0,SUBMIT,5017,2026-07-29 09:00:00
110318,PO,2,APPROVE,5040,2026-07-29 15:14:00
110319,PO,0,SUBMIT,5007,2026-07-08 06:33:00
110319,PO,2,APPROVE,5039,2026-07-08 08:33:00
110320,PO,0,SUBMIT,5030,2026-07-14 09:00:00
110320,PO,2,APPROVE,5015,2026-07-14 16:09:00
110321,PO,0,SUBMIT,5001,2026-09-24 09:00:00
110321,PO,2,APPROVE,5022,2026-09-24 12:24:00
110322,PO,0,SUBMIT,5001,2026-08-05 09:00:00
110322,PO,1,FORWARD,5999,2026-08-05 09:30:00
110322,PO,2,APPROVE,5019,2026-08-05 14:15:00
110323,PO,0,SUBMIT,5033,2026-07-16 09:00:00
110323,PO,2,APPROVE,5021,2026-07-16 15:15:00
110324,PO,0,SUBMIT,5018,2026-07-05 09:00:00
110324,PO,2,APPROVE,5039,2026-07-05 16:51:00
110325,PO,0,SUBMIT,5029,2026-07-29 07:03:00
110325,PO,2,APPROVE,5008,2026-07-29 09:03:00
110326,PO,0,SUBMIT,5004,2026-08-05 08:03:00
110326,PO,2,APPROVE,5023,2026-08-05 10:03:00
110327,PO,0,SUBMIT,5004,2026-08-06 09:00:00
110327,PO,2,APPROVE,5021,2026-08-06 14:15:00
110328,PO,0,SUBMIT,5007,2026-07-09 09:00:00
110328,PO,2,APPROVE,5040,2026-07-09 13:07:00
110329,PO,0,SUBMIT,5026,2026-08-19 09:00:00
110329,PO,1,FORWARD,5999,2026-08-19 09:30:00
110329,PO,2,APPROVE,5022,2026-08-19 14:46:00
110330,PO,0,SUBMIT,5010,2026-07-16 06:28:00
110330,PO,2,APPROVE,5013,2026-07-16 08:28:00
110331,PO,0,SUBMIT,5014,2026-07-09 09:00:00
110331,PO,2,APPROVE,5019,2026-07-09 14:08:00
110332,PO,0,SUBMIT,5030,2026-09-23 08:43:00
110332,PO,2,APPROVE,5019,2026-09-23 10:43:00
110333,PO,0,SUBMIT,5038,2026-08-18 09:00:00
110333,PO,2,APPROVE,5024,2026-08-18 14:26:00
110334,PO,0,SUBMIT,5035,2026-09-13 06:30:00
110334,PO,2,APPROVE,5039,2026-09-13 08:30:00
110335,PO,0,SUBMIT,5032,2026-07-15 09:00:00
110335,PO,2,APPROVE,5024,2026-07-15 15:40:00
110336,PO,0,SUBMIT,5012,2026-08-26 09:00:00
110336,PO,1,FORWARD,5999,2026-08-26 09:30:00
110336,PO,2,APPROVE,5036,2026-08-26 13:52:00
110337,PO,0,SUBMIT,5002,2026-08-17 09:00:00
110337,PO,2,APPROVE,5024,2026-08-17 14:17:00
110338,PO,0,SUBMIT,5038,2026-08-05 09:00:00
110338,PO,2,APPROVE,5024,2026-08-05 13:19:00
110339,PO,0,SUBMIT,5032,2026-07-26 06:21:00
110339,PO,2,APPROVE,5013,2026-07-26 08:21:00
110340,PO,0,SUBMIT,5001,2026-07-22 09:00:00
110340,PO,2,APPROVE,5019,2026-07-22 13:13:00
110341,PO,0,SUBMIT,5026,2026-07-19 09:00:00
110341,PO,2,APPROVE,5022,2026-07-19 11:00:00
110342,PO,0,SUBMIT,5017,2026-08-13 09:00:00
110342,PO,2,APPROVE,5040,2026-08-13 14:10:00
110343,PO,0,SUBMIT,5007,2026-07-02 06:32:00
110343,PO,1,FORWARD,5999,2026-07-02 07:02:00
110343,PO,2,APPROVE,5013,2026-07-02 08:32:00
110344,PO,0,SUBMIT,5029,2026-07-13 09:00:00
110344,PO,2,APPROVE,5024,2026-07-13 14:01:00
110345,PO,0,SUBMIT,5017,2026-07-02 09:00:00
110345,PO,2,APPROVE,5040,2026-07-02 13:04:00
110346,PO,0,SUBMIT,5038,2026-07-14 09:00:00
110346,PO,2,APPROVE,5036,2026-07-14 16:39:00
110347,PO,0,SUBMIT,5037,2026-09-07 09:00:00
110347,PO,2,APPROVE,5015,2026-09-07 13:49:00
110348,PO,0,SUBMIT,5031,2026-07-19 09:00:00
110348,PO,2,APPROVE,5040,2026-07-19 11:07:00
110349,PO,0,SUBMIT,5030,2026-09-09 09:00:00
110349,PO,2,APPROVE,5020,2026-09-09 13:21:00
110350,PO,0,SUBMIT,5032,2026-09-14 09:00:00
110350,PO,1,FORWARD,5999,2026-09-14 09:30:00
110350,PO,2,APPROVE,5022,2026-09-14 12:10:00
110351,PO,0,SUBMIT,5012,2026-09-16 06:28:00
110351,PO,2,APPROVE,5039,2026-09-16 08:28:00
110352,PO,0,SUBMIT,5010,2026-08-11 09:00:00
110352,PO,2,APPROVE,5019,2026-08-11 16:22:00
110353,PO,0,SUBMIT,5012,2026-07-28 09:00:00
110353,PO,2,APPROVE,5024,2026-07-28 11:32:00
110354,PO,0,SUBMIT,5038,2026-07-13 09:00:00
110354,PO,2,APPROVE,5006,2026-07-13 16:45:00
110355,PO,0,SUBMIT,5027,2026-07-29 09:00:00
110355,PO,2,APPROVE,5021,2026-07-29 12:53:00
110356,PO,0,SUBMIT,5004,2026-08-12 09:00:00
110356,PO,2,APPROVE,5006,2026-08-12 15:19:00
110357,PO,0,SUBMIT,5032,2026-08-12 09:00:00
110357,PO,1,FORWARD,5999,2026-08-12 09:30:00
110357,PO,2,APPROVE,5020,2026-08-12 13:35:00
110358,PO,0,SUBMIT,5025,2026-07-09 07:04:00
110358,PO,2,APPROVE,5019,2026-07-09 09:04:00
110359,PO,0,SUBMIT,5029,2026-09-16 09:00:00
110359,PO,2,APPROVE,5015,2026-09-16 16:46:00
110360,PO,0,SUBMIT,5011,2026-09-20 09:00:00
110360,PO,2,APPROVE,5039,2026-09-20 16:11:00
110361,PO,0,SUBMIT,5016,2026-07-27 09:00:00
110361,PO,2,APPROVE,5020,2026-07-27 11:30:00
110362,PO,0,SUBMIT,5003,2026-07-22 09:00:00
110362,PO,2,APPROVE,5036,2026-07-22 11:44:00
110363,PO,0,SUBMIT,5002,2026-09-14 09:00:00
110363,PO,2,APPROVE,5013,2026-09-14 16:01:00
110364,PO,0,SUBMIT,5007,2026-07-20 09:00:00
110364,PO,1,FORWARD,5999,2026-07-20 09:30:00
110364,PO,2,APPROVE,5021,2026-07-20 11:32:00
110365,PO,0,SUBMIT,5005,2026-07-29 09:00:00
110365,PO,2,APPROVE,5013,2026-07-29 12:12:00
110366,PO,0,SUBMIT,5002,2026-08-09 09:00:00
110366,PO,2,APPROVE,5036,2026-08-09 12:37:00
110367,PO,0,SUBMIT,5001,2026-08-09 09:00:00
110367,PO,2,APPROVE,5020,2026-08-09 14:39:00
110368,PO,0,SUBMIT,5003,2026-09-09 07:38:00
110368,PO,2,APPROVE,5039,2026-09-09 09:38:00
110369,PO,0,SUBMIT,5030,2026-09-13 09:00:00
110369,PO,2,APPROVE,5023,2026-09-13 14:18:00
110370,PO,0,SUBMIT,5032,2026-08-27 09:00:00
110370,PO,2,APPROVE,5015,2026-08-27 15:50:00
110371,PO,0,SUBMIT,5001,2026-07-16 09:00:00
110371,PO,1,FORWARD,5999,2026-07-16 09:30:00
110371,PO,2,APPROVE,5019,2026-07-16 16:45:00
110372,PO,0,SUBMIT,5028,2026-08-17 09:00:00
110372,PO,2,APPROVE,5024,2026-08-17 13:20:00
110373,PO,0,SUBMIT,5005,2026-09-21 09:00:00
110373,PO,2,APPROVE,5040,2026-09-21 15:47:00
110374,PO,0,SUBMIT,5012,2026-08-31 09:00:00
110374,PO,2,APPROVE,5039,2026-08-31 13:06:00
110375,PO,0,SUBMIT,5018,2026-08-02 09:00:00
110375,PO,2,APPROVE,5013,2026-08-02 15:07:00
110376,PO,0,SUBMIT,5037,2026-07-12 08:29:00
110376,PO,2,APPROVE,5036,2026-07-12 10:29:00
110377,PO,0,SUBMIT,5007,2026-07-05 09:00:00
110377,PO,2,APPROVE,5021,2026-07-05 12:38:00
110378,PO,0,SUBMIT,5028,2026-08-24 09:00:00
110378,PO,1,FORWARD,5999,2026-08-24 09:30:00
110378,PO,2,APPROVE,5039,2026-08-24 13:48:00
110379,PO,0,SUBMIT,5031,2026-07-09 09:00:00
110379,PO,2,APPROVE,5008,2026-07-09 11:13:00
110380,PO,0,SUBMIT,5032,2026-07-30 07:54:00
110380,PO,2,APPROVE,5039,2026-07-30 09:54:00
110381,PO,0,SUBMIT,5037,2026-08-23 06:31:00
110381,PO,2,APPROVE,5040,2026-08-23 08:31:00
110382,PO,0,SUBMIT,5002,2026-09-07 09:00:00
110382,PO,2,APPROVE,5015,2026-09-07 12:14:00
110383,PO,0,SUBMIT,5007,2026-09-09 07:17:00
110383,PO,2,APPROVE,5024,2026-09-09 09:17:00
110384,PO,0,SUBMIT,5004,2026-07-07 09:00:00
110384,PO,2,APPROVE,5019,2026-07-07 11:10:00
110385,PO,0,SUBMIT,5009,2026-08-13 09:00:00
110385,PO,1,FORWARD,5999,2026-08-13 09:30:00
110385,PO,2,APPROVE,5021,2026-08-13 15:06:00
110386,PO,0,SUBMIT,5004,2026-07-14 09:00:00
110386,PO,2,APPROVE,5040,2026-07-14 12:31:00
110387,PO,0,SUBMIT,5026,2026-07-22 09:00:00
110387,PO,2,APPROVE,5013,2026-07-22 16:32:00
110388,PO,0,SUBMIT,5018,2026-09-15 09:00:00
110388,PO,2,APPROVE,5013,2026-09-15 11:21:00
110389,PO,0,SUBMIT,5007,2026-09-15 09:00:00
110389,PO,2,APPROVE,5022,2026-09-15 11:27:00
110390,PO,0,SUBMIT,5012,2026-09-08 09:00:00
110390,PO,2,APPROVE,5036,2026-09-08 16:56:00
110391,PO,0,SUBMIT,5018,2026-09-02 09:00:00
110391,PO,2,APPROVE,5015,2026-09-02 14:24:00
110392,PO,0,SUBMIT,5017,2026-08-04 07:05:00
110392,PO,1,FORWARD,5999,2026-08-04 07:35:00
110392,PO,2,APPROVE,5019,2026-08-04 09:05:00
110393,PO,0,SUBMIT,5030,2026-08-31 09:00:00
110393,PO,2,APPROVE,5034,2026-08-31 14:35:00
110394,PO,0,SUBMIT,5032,2026-07-16 06:52:00
110394,PO,2,APPROVE,5023,2026-07-16 08:52:00
110395,PO,0,SUBMIT,5017,2026-09-03 06:24:00
110395,PO,2,APPROVE,5021,2026-09-03 08:24:00
110396,PO,0,SUBMIT,5009,2026-09-13 09:00:00
110396,PO,2,APPROVE,5006,2026-09-13 14:49:00
110397,PO,0,SUBMIT,5026,2026-08-11 09:00:00
110397,PO,2,APPROVE,5023,2026-08-11 14:10:00
110398,PO,0,SUBMIT,5032,2026-07-20 06:49:00
110398,PO,2,APPROVE,5020,2026-07-20 08:49:00
110399,PO,0,SUBMIT,5004,2026-08-13 06:54:00
110399,PO,1,FORWARD,5999,2026-08-13 07:24:00
110399,PO,2,APPROVE,5019,2026-08-13 08:54:00
110400,PO,0,SUBMIT,5010,2026-08-13 09:00:00
110400,PO,2,APPROVE,5015,2026-08-13 16:52:00
110401,PO,0,SUBMIT,5025,2026-08-11 08:35:00
110401,PO,2,APPROVE,5034,2026-08-11 10:35:00
110402,PO,0,SUBMIT,5035,2026-09-09 09:00:00
110402,PO,2,APPROVE,5039,2026-09-09 16:27:00
110403,PO,0,SUBMIT,5029,2026-08-13 07:30:00
110403,PO,2,APPROVE,5020,2026-08-13 09:30:00
110404,PO,0,SUBMIT,5035,2026-08-03 09:00:00
110404,PO,2,APPROVE,5008,2026-08-03 15:01:00
110405,PO,0,SUBMIT,5030,2026-08-05 09:00:00
110405,PO,2,APPROVE,5019,2026-08-05 11:02:00
110406,PO,0,SUBMIT,5003,2026-07-12 09:00:00
110406,PO,1,FORWARD,5999,2026-07-12 09:30:00
110406,PO,2,APPROVE,5023,2026-07-12 12:53:00
110407,PO,0,SUBMIT,5011,2026-09-23 09:00:00
110407,PO,2,APPROVE,5021,2026-09-23 13:56:00
110408,PO,0,SUBMIT,5028,2026-08-16 09:00:00
110408,PO,2,APPROVE,5019,2026-08-16 13:18:00
110409,PO,0,SUBMIT,5007,2026-09-30 06:45:00
110409,PO,2,APPROVE,5034,2026-09-30 08:45:00
110410,PO,0,SUBMIT,5037,2026-07-14 09:00:00
110410,PO,2,APPROVE,5034,2026-07-14 12:01:00
110411,PO,0,SUBMIT,5001,2026-09-28 09:00:00
110411,PO,2,APPROVE,5040,2026-09-28 12:10:00
110412,PO,0,SUBMIT,5026,2026-09-28 09:00:00
110412,PO,2,APPROVE,5019,2026-09-28 13:15:00
110413,PO,0,SUBMIT,5002,2026-08-04 07:52:00
110413,PO,1,FORWARD,5999,2026-08-04 08:22:00
110413,PO,2,APPROVE,5008,2026-08-04 09:52:00
110414,PO,0,SUBMIT,5003,2026-09-27 09:00:00
110414,PO,2,APPROVE,5013,2026-09-27 12:51:00
110415,PO,0,SUBMIT,5031,2026-08-16 09:00:00
110415,PO,2,APPROVE,5020,2026-08-16 15:41:00
110416,PO,0,SUBMIT,5001,2026-08-03 09:00:00
110416,PO,2,APPROVE,5020,2026-08-03 13:01:00
110417,PO,0,SUBMIT,5009,2026-07-21 07:54:00
110417,PO,2,APPROVE,5034,2026-07-21 09:54:00
110418,PO,0,SUBMIT,5029,2026-09-07 09:00:00
110418,PO,2,APPROVE,5019,2026-09-07 11:36:00
110419,PO,0,SUBMIT,5017,2026-07-01 08:58:00
110419,PO,2,APPROVE,5008,2026-07-01 10:58:00
110420,PO,0,SUBMIT,5028,2026-09-29 07:26:00
110420,PO,1,FORWARD,5999,2026-09-29 07:56:00
110420,PO,2,APPROVE,5013,2026-09-29 09:26:00
110421,PO,0,SUBMIT,5031,2026-09-15 07:28:00
110421,PO,2,APPROVE,5006,2026-09-15 09:28:00
110422,PO,0,SUBMIT,5026,2026-07-13 09:00:00
110422,PO,2,APPROVE,5039,2026-07-13 12:53:00
110423,PO,0,SUBMIT,5001,2026-08-24 09:00:00
110423,PO,2,APPROVE,5013,2026-08-24 14:20:00
110424,PO,0,SUBMIT,5031,2026-09-21 09:00:00
110424,PO,2,APPROVE,5036,2026-09-21 11:45:00
110425,PO,0,SUBMIT,5027,2026-08-24 06:30:00
110425,PO,2,APPROVE,5020,2026-08-24 08:30:00
110426,PO,0,SUBMIT,5004,2026-07-22 09:00:00
110426,PO,2,APPROVE,5006,2026-07-22 15:11:00
110427,PO,0,SUBMIT,5005,2026-07-30 09:00:00
110427,PO,1,FORWARD,5999,2026-07-30 09:30:00
110427,PO,2,APPROVE,5034,2026-07-30 14:04:00
110428,PO,0,SUBMIT,5033,2026-09-16 09:00:00
110428,PO,2,APPROVE,5008,2026-09-16 13:12:00
110429,PO,0,SUBMIT,5018,2026-07-09 09:00:00
110429,PO,2,APPROVE,5024,2026-07-09 13:10:00
110430,PO,0,SUBMIT,5025,2026-09-13 09:00:00
110430,PO,2,APPROVE,5034,2026-09-13 11:27:00
110431,PO,0,SUBMIT,5026,2026-09-28 09:00:00
110431,PO,2,APPROVE,5036,2026-09-28 16:34:00
110432,PO,0,SUBMIT,5026,2026-08-04 09:00:00
110432,PO,2,APPROVE,5013,2026-08-04 11:56:00
110433,PO,0,SUBMIT,5028,2026-08-04 09:00:00
110433,PO,2,APPROVE,5022,2026-08-04 13:04:00
110434,PO,0,SUBMIT,5018,2026-07-06 09:00:00
110434,PO,1,FORWARD,5999,2026-07-06 09:30:00
110434,PO,2,APPROVE,5040,2026-07-06 16:16:00
110435,PO,0,SUBMIT,5029,2026-09-16 09:00:00
110435,PO,2,APPROVE,5034,2026-09-16 13:18:00
110436,PO,0,SUBMIT,5032,2026-09-28 08:53:00
110436,PO,2,APPROVE,5022,2026-09-28 10:53:00
110437,PO,0,SUBMIT,5011,2026-09-08 08:18:00
110437,PO,2,APPROVE,5006,2026-09-08 10:18:00
110438,PO,0,SUBMIT,5017,2026-09-28 09:00:00
110438,PO,2,APPROVE,5019,2026-09-28 15:57:00
110439,PO,0,SUBMIT,5033,2026-09-08 09:00:00
110439,PO,2,APPROVE,5015,2026-09-08 11:20:00
110440,PO,0,SUBMIT,5037,2026-09-03 07:49:00
110440,PO,2,APPROVE,5022,2026-09-03 09:49:00
110441,PO,0,SUBMIT,5031,2026-09-28 09:00:00
110441,PO,1,FORWARD,5999,2026-09-28 09:30:00
110441,PO,2,APPROVE,5019,2026-09-28 11:02:00
110442,PO,0,SUBMIT,5037,2026-07-28 07:23:00
110442,PO,2,APPROVE,5006,2026-07-28 09:23:00
110443,PO,0,SUBMIT,5007,2026-07-06 09:00:00
110443,PO,2,APPROVE,5034,2026-07-06 12:53:00
110444,PO,0,SUBMIT,5014,2026-07-21 09:00:00
110444,PO,2,APPROVE,5021,2026-07-21 13:09:00
110445,PO,0,SUBMIT,5011,2026-07-13 09:00:00
110445,PO,2,APPROVE,5006,2026-07-13 13:06:00
110446,PO,0,SUBMIT,5029,2026-09-23 06:48:00
110446,PO,2,APPROVE,5015,2026-09-23 08:48:00
110447,PO,0,SUBMIT,5031,2026-08-02 07:43:00
110447,PO,2,APPROVE,5008,2026-08-02 09:43:00
110448,PO,0,SUBMIT,5014,2026-09-29 06:40:00
110448,PO,1,FORWARD,5999,2026-09-29 07:10:00
110448,PO,2,APPROVE,5015,2026-09-29 08:40:00
110449,PO,0,SUBMIT,5012,2026-07-16 06:12:00
110449,PO,2,APPROVE,5036,2026-07-16 08:12:00
110450,PO,0,SUBMIT,5029,2026-07-06 09:00:00
110450,PO,2,APPROVE,5034,2026-07-06 15:24:00
110451,PO,0,SUBMIT,5009,2026-07-07 09:00:00
110451,PO,2,APPROVE,5036,2026-07-07 11:42:00
110452,PO,0,SUBMIT,5003,2026-09-02 08:52:00
110452,PO,2,APPROVE,5034,2026-09-02 10:52:00
110453,PO,0,SUBMIT,5018,2026-07-01 08:46:00
110453,PO,2,APPROVE,5006,2026-07-01 10:46:00
110454,PO,0,SUBMIT,5026,2026-07-01 09:00:00
110454,PO,2,APPROVE,5021,2026-07-01 16:42:00
110455,PO,0,SUBMIT,5012,2026-08-25 09:00:00
110455,PO,1,FORWARD,5999,2026-08-25 09:30:00
110455,PO,2,APPROVE,5039,2026-08-25 11:34:00
110456,PO,0,SUBMIT,5012,2026-09-15 09:00:00
110456,PO,2,APPROVE,5019,2026-09-15 15:10:00
110457,PO,0,SUBMIT,5001,2026-09-22 09:00:00
110457,PO,2,APPROVE,5040,2026-09-22 15:15:00
110458,PO,0,SUBMIT,5025,2026-09-20 09:00:00
110458,PO,2,APPROVE,5034,2026-09-20 16:41:00
110459,PO,0,SUBMIT,5012,2026-09-01 09:00:00
110459,PO,2,APPROVE,5034,2026-09-01 12:22:00
110460,PO,0,SUBMIT,5002,2026-09-22 09:00:00
110460,PO,2,APPROVE,5015,2026-09-22 13:32:00
110461,PO,0,SUBMIT,5005,2026-08-31 09:00:00
110461,PO,2,APPROVE,5015,2026-08-31 12:32:00
110462,PO,0,SUBMIT,5035,2026-08-23 07:36:00
110462,PO,1,FORWARD,5999,2026-08-23 08:06:00
110462,PO,2,APPROVE,5008,2026-08-23 09:36:00
110463,PO,0,SUBMIT,5027,2026-07-22 09:00:00
110463,PO,2,APPROVE,5008,2026-07-22 16:23:00
110464,PO,0,SUBMIT,5018,2026-09-21 09:00:00
110464,PO,2,APPROVE,5015,2026-09-21 11:28:00
110465,PO,0,SUBMIT,5010,2026-08-05 09:00:00
110465,PO,2,APPROVE,5023,2026-08-05 14:42:00
110466,PO,0,SUBMIT,5018,2026-07-26 09:00:00
110466,PO,2,APPROVE,5022,2026-07-26 13:42:00
110467,PO,0,SUBMIT,5033,2026-07-07 07:10:00
110467,PO,2,APPROVE,5024,2026-07-07 09:10:00
110468,PO,0,SUBMIT,5002,2026-09-10 09:00:00
110468,PO,2,APPROVE,5008,2026-09-10 16:31:00
110469,PO,0,SUBMIT,5011,2026-07-12 09:00:00
110469,PO,1,FORWARD,5999,2026-07-12 09:30:00
110469,PO,2,APPROVE,5036,2026-07-12 16:02:00
110470,PO,0,SUBMIT,5035,2026-08-25 06:50:00
110470,PO,2,APPROVE,5022,2026-08-25 08:50:00
110471,PO,0,SUBMIT,5028,2026-07-15 06:09:00
110471,PO,2,APPROVE,5013,2026-07-15 08:09:00
110472,PO,0,SUBMIT,5027,2026-09-01 08:16:00
110472,PO,2,APPROVE,5015,2026-09-01 10:16:00
110473,PO,0,SUBMIT,5005,2026-08-12 09:00:00
110473,PO,2,APPROVE,5040,2026-08-12 15:31:00
110474,PO,0,SUBMIT,5037,2026-08-02 09:00:00
110474,PO,2,APPROVE,5021,2026-08-02 15:21:00
110475,PO,0,SUBMIT,5032,2026-09-14 09:00:00
110475,PO,2,APPROVE,5013,2026-09-14 15:31:00
110476,PO,0,SUBMIT,5017,2026-09-15 06:58:00
110476,PO,1,FORWARD,5999,2026-09-15 07:28:00
110476,PO,2,APPROVE,5023,2026-09-15 08:58:00
110477,PO,0,SUBMIT,5037,2026-07-06 09:00:00
110477,PO,2,APPROVE,5008,2026-07-06 11:15:00
110478,PO,0,SUBMIT,5028,2026-07-16 09:00:00
110478,PO,2,APPROVE,5040,2026-07-16 13:36:00
110479,PO,0,SUBMIT,5033,2026-08-16 07:24:00
110479,PO,2,APPROVE,5039,2026-08-16 09:24:00
110480,PO,0,SUBMIT,5031,2026-09-17 09:00:00
110480,PO,2,APPROVE,5021,2026-09-17 11:14:00
110481,PO,0,SUBMIT,5001,2026-09-17 09:00:00
110481,PO,2,APPROVE,5040,2026-09-17 14:22:00
110482,PO,0,SUBMIT,5002,2026-09-16 06:39:00
110482,PO,2,APPROVE,5006,2026-09-16 08:39:00
110483,PO,0,SUBMIT,5018,2026-08-18 09:00:00
110483,PO,1,FORWARD,5999,2026-08-18 09:30:00
110483,PO,2,APPROVE,5034,2026-08-18 11:06:00
110484,PO,0,SUBMIT,5035,2026-07-28 09:00:00
110484,PO,2,APPROVE,5020,2026-07-28 15:50:00
110485,PO,0,SUBMIT,5003,2026-09-13 07:29:00
110485,PO,2,APPROVE,5023,2026-09-13 09:29:00
110486,PO,0,SUBMIT,5018,2026-08-06 09:00:00
110486,PO,2,APPROVE,5039,2026-08-06 12:49:00
110487,PO,0,SUBMIT,5025,2026-07-27 09:00:00
110487,PO,2,APPROVE,5020,2026-07-27 11:45:00
110488,PO,0,SUBMIT,5011,2026-09-08 07:21:00
110488,PO,2,APPROVE,5040,2026-09-08 09:21:00
110489,PO,0,SUBMIT,5005,2026-07-16 08:53:00
110489,PO,2,APPROVE,5015,2026-07-16 10:53:00
110490,PO,0,SUBMIT,5032,2026-07-29 09:00:00
110490,PO,1,FORWARD,5999,2026-07-29 09:30:00
110490,PO,2,APPROVE,5036,2026-07-29 14:06:00
110491,PO,0,SUBMIT,5032,2026-07-27 09:00:00
110491,PO,2,APPROVE,5036,2026-07-27 14:07:00
110492,PO,0,SUBMIT,5032,2026-08-30 09:00:00
110492,PO,2,APPROVE,5019,2026-08-30 12:49:00
110493,PO,0,SUBMIT,5030,2026-08-30 06:59:00
110493,PO,2,APPROVE,5036,2026-08-30 08:59:00
110494,PO,0,SUBMIT,5004,2026-07-14 09:00:00
110494,PO,2,APPROVE,5008,2026-07-14 13:10:00
110495,PO,0,SUBMIT,5012,2026-09-20 06:25:00
110495,PO,2,APPROVE,5006,2026-09-20 08:25:00
110496,PO,0,SUBMIT,5035,2026-08-06 08:28:00
110496,PO,2,APPROVE,5021,2026-08-06 10:28:00
110497,PO,0,SUBMIT,5031,2026-08-19 09:00:00
110497,PO,1,FORWARD,5999,2026-08-19 09:30:00
110497,PO,2,APPROVE,5015,2026-08-19 15:17:00
110498,PO,0,SUBMIT,5032,2026-09-14 08:54:00
110498,PO,2,APPROVE,5024,2026-09-14 10:54:00
110499,PO,0,SUBMIT,5033,2026-08-18 09:00:00
110499,PO,2,APPROVE,5021,2026-08-18 11:37:00
110500,PO,0,SUBMIT,5011,2026-09-28 06:21:00
110500,PO,2,APPROVE,5039,2026-09-28 08:21:00
110501,PO,0,SUBMIT,5004,2026-09-21 07:49:00
110501,PO,2,APPROVE,5020,2026-09-21 09:49:00
110502,PO,0,SUBMIT,5002,2026-07-29 09:00:00
110502,PO,2,APPROVE,5013,2026-07-29 16:24:00
110503,PO,0,SUBMIT,5003,2026-08-16 07:16:00
110503,PO,2,APPROVE,5024,2026-08-16 09:16:00
110504,PO,0,SUBMIT,5033,2026-09-08 09:00:00
110504,PO,1,FORWARD,5999,2026-09-08 09:30:00
110504,PO,2,APPROVE,5015,2026-09-08 16:31:00
110505,PO,0,SUBMIT,5018,2026-09-27 08:13:00
110505,PO,2,APPROVE,5036,2026-09-27 10:13:00
110506,PO,0,SUBMIT,5003,2026-07-28 07:43:00
110506,PO,2,APPROVE,5036,2026-07-28 09:43:00
110507,PO,0,SUBMIT,5025,2026-07-27 06:30:00
110507,PO,2,APPROVE,5013,2026-07-27 08:30:00
110508,PO,0,SUBMIT,5011,2026-07-27 08:26:00
110508,PO,2,APPROVE,5024,2026-07-27 10:26:00
110509,PO,0,SUBMIT,5004,2026-09-14 09:00:00
110509,PO,2,APPROVE,5021,2026-09-14 13:58:00
110510,PO,0,SUBMIT,5033,2026-08-31 09:00:00
110510,PO,2,APPROVE,5040,2026-08-31 15:35:00
110511,PO,0,SUBMIT,5011,2026-08-02 09:00:00
110511,PO,1,FORWARD,5999,2026-08-02 09:30:00
110511,PO,2,APPROVE,5020,2026-08-02 14:41:00
110512,PO,0,SUBMIT,5007,2026-09-08 09:00:00
110512,PO,2,APPROVE,5036,2026-09-08 15:30:00
110513,PO,0,SUBMIT,5009,2026-07-14 09:00:00
110513,PO,2,APPROVE,5036,2026-07-14 16:24:00
110514,PO,0,SUBMIT,5017,2026-08-19 09:00:00
110514,PO,2,APPROVE,5020,2026-08-19 16:30:00
110515,PO,0,SUBMIT,5025,2026-08-24 09:00:00
110515,PO,2,APPROVE,5013,2026-08-24 15:54:00
110516,PO,0,SUBMIT,5035,2026-08-06 09:00:00
110516,PO,2,APPROVE,5022,2026-08-06 15:31:00
110517,PO,0,SUBMIT,5007,2026-07-02 09:00:00
110517,PO,2,APPROVE,5008,2026-07-02 13:54:00
110518,PO,0,SUBMIT,5032,2026-09-13 09:00:00
110518,PO,1,FORWARD,5999,2026-09-13 09:30:00
110518,PO,2,APPROVE,5040,2026-09-13 13:28:00
110519,PO,0,SUBMIT,5003,2026-07-29 09:00:00
110519,PO,2,APPROVE,5019,2026-07-29 12:20:00
110520,PO,0,SUBMIT,5035,2026-07-07 09:00:00
110520,PO,2,APPROVE,5039,2026-07-07 16:11:00
110521,PO,0,SUBMIT,5025,2026-09-09 09:00:00
110521,PO,2,APPROVE,5021,2026-09-09 15:14:00
110522,PO,0,SUBMIT,5011,2026-09-02 08:03:00
110522,PO,2,APPROVE,5006,2026-09-02 10:03:00
110523,PO,0,SUBMIT,5017,2026-09-28 09:00:00
110523,PO,2,APPROVE,5036,2026-09-28 12:20:00
110524,PO,0,SUBMIT,5003,2026-07-05 09:00:00
110524,PO,2,APPROVE,5013,2026-07-05 11:53:00
110525,PO,0,SUBMIT,5031,2026-09-30 09:00:00
110525,PO,1,FORWARD,5999,2026-09-30 09:30:00
110525,PO,2,APPROVE,5034,2026-09-30 11:40:00
110526,PO,0,SUBMIT,5037,2026-09-30 09:00:00
110526,PO,2,APPROVE,5039,2026-09-30 16:22:00
110527,PO,0,SUBMIT,5007,2026-08-06 07:30:00
110527,PO,2,APPROVE,5024,2026-08-06 09:30:00
110528,PO,0,SUBMIT,5018,2026-07-26 09:00:00
110528,PO,2,APPROVE,5015,2026-07-26 11:12:00
110529,PO,0,SUBMIT,5009,2026-07-16 09:00:00
110529,PO,2,APPROVE,5024,2026-07-16 16:03:00
110530,PO,0,SUBMIT,5009,2026-08-05 08:15:00
110530,PO,2,APPROVE,5034,2026-08-05 10:15:00
110531,PO,0,SUBMIT,5032,2026-09-17 09:00:00
110531,PO,2,APPROVE,5020,2026-09-17 13:25:00
110532,PO,0,SUBMIT,5011,2026-07-29 06:37:00
110532,PO,1,FORWARD,5999,2026-07-29 07:07:00
110532,PO,2,APPROVE,5020,2026-07-29 08:37:00
110533,PO,0,SUBMIT,5038,2026-08-10 09:00:00
110533,PO,2,APPROVE,5015,2026-08-10 16:03:00
110534,PO,0,SUBMIT,5038,2026-09-09 09:00:00
110534,PO,2,APPROVE,5020,2026-09-09 11:32:00
110535,PO,0,SUBMIT,5037,2026-08-10 09:00:00
110535,PO,2,APPROVE,5040,2026-08-10 15:14:00
110536,PO,0,SUBMIT,5038,2026-09-02 09:00:00
110536,PO,2,APPROVE,5020,2026-09-02 15:15:00
110537,PO,0,SUBMIT,5027,2026-09-29 09:00:00
110537,PO,2,APPROVE,5022,2026-09-29 11:38:00
110538,PO,0,SUBMIT,5012,2026-08-30 09:00:00
110538,PO,2,APPROVE,5015,2026-08-30 13:13:00
110539,PO,0,SUBMIT,5001,2026-07-16 08:25:00
110539,PO,1,FORWARD,5999,2026-07-16 08:55:00
110539,PO,2,APPROVE,5013,2026-07-16 10:25:00
110540,PO,0,SUBMIT,5004,2026-07-22 09:00:00
110540,PO,2,APPROVE,5024,2026-07-22 15:44:00
110541,PO,0,SUBMIT,5010,2026-08-24 09:00:00
110541,PO,2,APPROVE,5040,2026-08-24 11:03:00
110542,PO,0,SUBMIT,5012,2026-08-16 09:00:00
110542,PO,2,APPROVE,5022,2026-08-16 12:52:00
110543,PO,0,SUBMIT,5004,2026-08-26 09:00:00
110543,PO,2,APPROVE,5034,2026-08-26 14:19:00
110544,PO,0,SUBMIT,5030,2026-07-09 09:00:00
110544,PO,2,APPROVE,5006,2026-07-09 14:28:00
110545,PO,0,SUBMIT,5026,2026-08-03 09:00:00
110545,PO,2,APPROVE,5034,2026-08-03 15:00:00
110546,PO,0,SUBMIT,5011,2026-09-17 07:36:00
110546,PO,1,FORWARD,5999,2026-09-17 08:06:00
110546,PO,2,APPROVE,5040,2026-09-17 09:36:00
110547,PO,0,SUBMIT,5030,2026-08-11 07:16:00
110547,PO,2,APPROVE,5036,2026-08-11 09:16:00
110548,PO,0,SUBMIT,5026,2026-07-29 09:00:00
110548,PO,2,APPROVE,5006,2026-07-29 15:15:00
110549,PO,0,SUBMIT,5017,2026-09-10 09:00:00
110549,PO,2,APPROVE,5021,2026-09-10 12:13:00
110550,PO,0,SUBMIT,5035,2026-07-21 09:00:00
110550,PO,2,APPROVE,5039,2026-07-21 15:55:00
110551,PO,0,SUBMIT,5032,2026-08-17 09:00:00
110551,PO,2,APPROVE,5039,2026-08-17 11:06:00
110552,PO,0,SUBMIT,5026,2026-09-20 07:06:00
110552,PO,2,APPROVE,5023,2026-09-20 09:06:00
110553,PO,0,SUBMIT,5031,2026-09-28 06:12:00
110553,PO,1,FORWARD,5999,2026-09-28 06:42:00
110553,PO,2,APPROVE,5024,2026-09-28 08:12:00
110554,PO,0,SUBMIT,5030,2026-09-20 07:33:00
110554,PO,2,APPROVE,5022,2026-09-20 09:33:00
110555,PO,0,SUBMIT,5007,2026-08-02 08:09:00
110555,PO,2,APPROVE,5022,2026-08-02 10:09:00
110556,PO,0,SUBMIT,5033,2026-09-22 09:00:00
110556,PO,2,APPROVE,5023,2026-09-22 11:18:00
110557,PO,0,SUBMIT,5003,2026-07-27 09:00:00
110557,PO,2,APPROVE,5006,2026-07-27 12:52:00
110558,PO,0,SUBMIT,5033,2026-09-01 09:00:00
110558,PO,2,APPROVE,5024,2026-09-01 12:18:00
110559,PO,0,SUBMIT,5026,2026-07-09 09:00:00
110559,PO,2,APPROVE,5021,2026-07-09 16:02:00
110560,PO,0,SUBMIT,5004,2026-08-06 09:00:00
110560,PO,1,FORWARD,5999,2026-08-06 09:30:00
110560,PO,2,APPROVE,5036,2026-08-06 14:38:00
110561,PO,0,SUBMIT,5027,2026-09-17 09:00:00
110561,PO,2,APPROVE,5040,2026-09-17 16:59:00
110562,PO,0,SUBMIT,5032,2026-09-16 09:00:00
110562,PO,2,APPROVE,5040,2026-09-16 12:55:00
110563,PO,0,SUBMIT,5005,2026-08-12 09:00:00
110563,PO,2,APPROVE,5022,2026-08-12 14:18:00
110564,PO,0,SUBMIT,5017,2026-08-19 09:00:00
110564,PO,2,APPROVE,5008,2026-08-19 16:54:00
110565,PO,0,SUBMIT,5004,2026-09-06 07:00:00
110565,PO,2,APPROVE,5040,2026-09-06 09:00:00
110566,PO,0,SUBMIT,5005,2026-09-21 09:00:00
110566,PO,2,APPROVE,5040,2026-09-21 16:37:00
110567,PO,0,SUBMIT,5027,2026-07-20 08:43:00
110567,PO,1,FORWARD,5999,2026-07-20 09:13:00
110567,PO,2,APPROVE,5024,2026-07-20 10:43:00
110568,PO,0,SUBMIT,5005,2026-07-29 09:00:00
110568,PO,2,APPROVE,5006,2026-07-29 14:22:00
110569,PO,0,SUBMIT,5007,2026-08-25 09:00:00
110569,PO,2,APPROVE,5021,2026-08-25 16:49:00
110570,PO,0,SUBMIT,5002,2026-07-22 09:00:00
110570,PO,2,APPROVE,5034,2026-07-22 15:27:00
110571,PO,0,SUBMIT,5038,2026-07-06 09:00:00
110571,PO,2,APPROVE,5019,2026-07-06 16:51:00
110572,PO,0,SUBMIT,5003,2026-07-21 09:00:00
110572,PO,2,APPROVE,5022,2026-07-21 13:34:00
110573,PO,0,SUBMIT,5002,2026-07-08 08:39:00
110573,PO,2,APPROVE,5036,2026-07-08 10:39:00
110574,PO,0,SUBMIT,5025,2026-09-30 06:11:00
110574,PO,1,FORWARD,5999,2026-09-30 06:41:00
110574,PO,2,APPROVE,5036,2026-09-30 08:11:00
110575,PO,0,SUBMIT,5030,2026-08-24 09:00:00
110575,PO,2,APPROVE,5013,2026-08-24 13:17:00
110576,PO,0,SUBMIT,5033,2026-07-12 09:00:00
110576,PO,2,APPROVE,5039,2026-07-12 16:37:00
110577,PO,0,SUBMIT,5033,2026-07-16 09:00:00
110577,PO,2,APPROVE,5036,2026-07-16 11:38:00
110578,PO,0,SUBMIT,5014,2026-08-06 09:00:00
110578,PO,2,APPROVE,5013,2026-08-06 15:53:00
110579,PO,0,SUBMIT,5009,2026-09-20 09:00:00
110579,PO,2,APPROVE,5024,2026-09-20 11:49:00
110580,PO,0,SUBMIT,5011,2026-09-15 09:00:00
110580,PO,2,APPROVE,5006,2026-09-15 13:23:00
110581,PO,0,SUBMIT,5011,2026-09-16 09:00:00
110581,PO,1,FORWARD,5999,2026-09-16 09:30:00
110581,PO,2,APPROVE,5040,2026-09-16 13:57:00
110582,PO,0,SUBMIT,5033,2026-08-19 09:00:00
110582,PO,2,APPROVE,5020,2026-08-19 12:43:00
110583,PO,0,SUBMIT,5014,2026-08-20 09:00:00
110583,PO,2,APPROVE,5006,2026-08-20 14:34:00
110584,PO,0,SUBMIT,5004,2026-07-05 09:00:00
110584,PO,2,APPROVE,5039,2026-07-05 11:18:00
110585,PO,0,SUBMIT,5037,2026-07-22 09:00:00
110585,PO,2,APPROVE,5021,2026-07-22 16:40:00
110586,PO,0,SUBMIT,5038,2026-07-30 09:00:00
110586,PO,2,APPROVE,5023,2026-07-30 11:37:00
110587,PO,0,SUBMIT,5037,2026-09-08 06:16:00
110587,PO,2,APPROVE,5022,2026-09-08 08:16:00
110588,PO,0,SUBMIT,5030,2026-08-03 09:00:00
110588,PO,1,FORWARD,5999,2026-08-03 09:30:00
110588,PO,2,APPROVE,5039,2026-08-03 14:16:00
110589,PO,0,SUBMIT,5016,2026-07-23 09:00:00
110589,PO,2,APPROVE,5006,2026-07-23 14:08:00
110590,PO,0,SUBMIT,5011,2026-07-08 09:00:00
110590,PO,2,APPROVE,5039,2026-07-08 14:28:00
110591,PO,0,SUBMIT,5003,2026-09-07 07:30:00
110591,PO,2,APPROVE,5006,2026-09-07 09:30:00
110592,PO,0,SUBMIT,5018,2026-08-11 09:00:00
110592,PO,2,APPROVE,5015,2026-08-11 11:33:00
110593,PO,0,SUBMIT,5003,2026-09-30 09:00:00
110593,PO,2,APPROVE,5023,2026-09-30 11:43:00
110594,PO,0,SUBMIT,5028,2026-09-28 06:16:00
110594,PO,2,APPROVE,5015,2026-09-28 08:16:00
110595,PO,0,SUBMIT,5017,2026-09-07 09:00:00
110595,PO,1,FORWARD,5999,2026-09-07 09:30:00
110595,PO,2,APPROVE,5040,2026-09-07 12:04:00
110596,PO,0,SUBMIT,5033,2026-07-22 09:00:00
110596,PO,2,APPROVE,5022,2026-07-22 16:01:00
110597,PO,0,SUBMIT,5016,2026-07-27 09:00:00
110597,PO,2,APPROVE,5036,2026-07-27 16:39:00
110598,PO,0,SUBMIT,5002,2026-09-14 09:00:00
110598,PO,2,APPROVE,5019,2026-09-14 13:46:00
110599,PO,0,SUBMIT,5018,2026-07-14 07:16:00
110599,PO,2,APPROVE,5019,2026-07-14 09:16:00
110600,PO,0,SUBMIT,5033,2026-09-08 09:00:00
110600,PO,2,APPROVE,5006,2026-09-08 15:26:00
110601,PO,0,SUBMIT,5032,2026-07-22 07:35:00
110601,PO,2,APPROVE,5019,2026-07-22 09:35:00
110602,PO,0,SUBMIT,5001,2026-09-17 09:00:00
110602,PO,1,FORWARD,5999,2026-09-17 09:30:00
110602,PO,2,APPROVE,5039,2026-09-17 13:45:00
110603,PO,0,SUBMIT,5038,2026-07-27 09:00:00
110603,PO,2,APPROVE,5024,2026-07-27 15:32:00
110604,PO,0,SUBMIT,5002,2026-09-09 09:00:00
110604,PO,2,APPROVE,5021,2026-09-09 14:38:00
110605,PO,0,SUBMIT,5012,2026-09-20 09:00:00
110605,PO,2,APPROVE,5019,2026-09-20 16:32:00
110606,PO,0,SUBMIT,5031,2026-09-23 09:00:00
110606,PO,2,APPROVE,5019,2026-09-23 15:02:00
110607,PO,0,SUBMIT,5005,2026-08-05 08:58:00
110607,PO,2,APPROVE,5013,2026-08-05 10:58:00
110608,PO,0,SUBMIT,5025,2026-07-14 09:00:00
110608,PO,2,APPROVE,5024,2026-07-14 12:22:00
110609,PO,0,SUBMIT,5031,2026-09-01 09:00:00
110609,PO,1,FORWARD,5999,2026-09-01 09:30:00
110609,PO,2,APPROVE,5008,2026-09-01 11:25:00
110610,PO,0,SUBMIT,5014,2026-09-15 07:04:00
110610,PO,2,APPROVE,5020,2026-09-15 09:04:00
110611,PO,0,SUBMIT,5035,2026-09-03 08:26:00
110611,PO,2,APPROVE,5015,2026-09-03 10:26:00
110612,PO,0,SUBMIT,5010,2026-08-03 09:00:00
110612,PO,2,APPROVE,5040,2026-08-03 16:25:00
110613,PO,0,SUBMIT,5025,2026-08-02 09:00:00
110613,PO,2,APPROVE,5008,2026-08-02 16:47:00
110614,PO,0,SUBMIT,5029,2026-09-03 09:00:00
110614,PO,2,APPROVE,5015,2026-09-03 14:12:00
110615,PO,0,SUBMIT,5011,2026-09-10 09:00:00
110615,PO,2,APPROVE,5008,2026-09-10 11:14:00
110616,PO,0,SUBMIT,5033,2026-07-23 09:00:00
110616,PO,1,FORWARD,5999,2026-07-23 09:30:00
110616,PO,2,APPROVE,5039,2026-07-23 15:24:00
110617,PO,0,SUBMIT,5035,2026-07-05 07:23:00
110617,PO,2,APPROVE,5020,2026-07-05 09:23:00
110618,PO,0,SUBMIT,5003,2026-07-12 09:00:00
110618,PO,2,APPROVE,5023,2026-07-12 13:13:00
110619,PO,0,SUBMIT,5014,2026-08-31 09:00:00
110619,PO,2,APPROVE,5006,2026-08-31 16:02:00
110620,PO,0,SUBMIT,5010,2026-07-20 09:00:00
110620,PO,2,APPROVE,5008,2026-07-20 16:29:00
110621,PO,0,SUBMIT,5011,2026-08-31 09:00:00
110621,PO,2,APPROVE,5013,2026-08-31 13:11:00
110622,PO,0,SUBMIT,5007,2026-07-06 09:00:00
110622,PO,2,APPROVE,5034,2026-07-06 11:36:00
110623,PO,0,SUBMIT,5004,2026-08-12 09:00:00
110623,PO,1,FORWARD,5999,2026-08-12 09:30:00
110623,PO,2,APPROVE,5013,2026-08-12 13:11:00
110624,PO,0,SUBMIT,5011,2026-09-24 09:00:00
110624,PO,2,APPROVE,5040,2026-09-24 11:12:00
110625,PO,0,SUBMIT,5029,2026-07-02 07:16:00
110625,PO,2,APPROVE,5040,2026-07-02 09:16:00
110626,PO,0,SUBMIT,5027,2026-07-27 09:00:00
110626,PO,2,APPROVE,5021,2026-07-27 15:13:00
110627,PO,0,SUBMIT,5009,2026-07-20 06:14:00
110627,PO,2,APPROVE,5039,2026-07-20 08:14:00
110628,PO,0,SUBMIT,5012,2026-07-14 06:05:00
110628,PO,2,APPROVE,5020,2026-07-14 08:05:00
110629,PO,0,SUBMIT,5003,2026-08-23 06:46:00
110629,PO,2,APPROVE,5013,2026-08-23 08:46:00
110630,PO,0,SUBMIT,5035,2026-09-30 06:22:00
110630,PO,1,FORWARD,5999,2026-09-30 06:52:00
110630,PO,2,APPROVE,5036,2026-09-30 08:22:00
110631,PO,0,SUBMIT,5003,2026-08-10 09:00:00
110631,PO,2,APPROVE,5036,2026-08-10 12:50:00
110632,PO,0,SUBMIT,5033,2026-08-31 09:00:00
110632,PO,2,APPROVE,5015,2026-08-31 14:05:00
110633,PO,0,SUBMIT,5016,2026-07-14 07:07:00
110633,PO,2,APPROVE,5020,2026-07-14 09:07:00
110634,PO,0,SUBMIT,5037,2026-09-21 09:00:00
110634,PO,2,APPROVE,5015,2026-09-21 13:04:00
110635,PO,0,SUBMIT,5025,2026-07-29 09:00:00
110635,PO,2,APPROVE,5006,2026-07-29 15:19:00
110636,PO,0,SUBMIT,5032,2026-07-02 06:11:00
110636,PO,2,APPROVE,5036,2026-07-02 08:11:00
110637,PO,0,SUBMIT,5007,2026-07-06 06:22:00
110637,PO,1,FORWARD,5999,2026-07-06 06:52:00
110637,PO,2,APPROVE,5034,2026-07-06 08:22:00
110638,PO,0,SUBMIT,5010,2026-08-06 07:27:00
110638,PO,2,APPROVE,5015,2026-08-06 09:27:00
110639,PO,0,SUBMIT,5004,2026-07-09 09:00:00
110639,PO,2,APPROVE,5039,2026-07-09 11:56:00
110640,PO,0,SUBMIT,5011,2026-08-05 09:00:00
110640,PO,2,APPROVE,5013,2026-08-05 11:27:00
110641,PO,0,SUBMIT,5030,2026-07-16 09:00:00
110641,PO,2,APPROVE,5020,2026-07-16 14:46:00
110642,PO,0,SUBMIT,5011,2026-07-29 09:00:00
110642,PO,2,APPROVE,5013,2026-07-29 11:54:00
110643,PO,0,SUBMIT,5018,2026-08-11 09:00:00
110643,PO,2,APPROVE,5024,2026-08-11 15:01:00
110644,PO,0,SUBMIT,5003,2026-09-03 09:00:00
110644,PO,1,FORWARD,5999,2026-09-03 09:30:00
110644,PO,2,APPROVE,5024,2026-09-03 11:41:00
110645,PO,0,SUBMIT,5002,2026-07-21 09:00:00
110645,PO,2,APPROVE,5015,2026-07-21 15:02:00
110646,PO,0,SUBMIT,5007,2026-08-04 09:00:00
110646,PO,2,APPROVE,5008,2026-08-04 11:09:00
110647,PO,0,SUBMIT,5003,2026-07-19 09:00:00
110647,PO,2,APPROVE,5015,2026-07-19 15:56:00
110648,PO,0,SUBMIT,5032,2026-09-28 09:00:00
110648,PO,2,APPROVE,5022,2026-09-28 12:32:00
110649,PO,0,SUBMIT,5025,2026-09-23 09:00:00
110649,PO,2,APPROVE,5008,2026-09-23 13:05:00
110650,PO,0,SUBMIT,5010,2026-08-16 08:03:00
110650,PO,2,APPROVE,5034,2026-08-16 10:03:00
110651,PO,0,SUBMIT,5031,2026-08-02 08:34:00
110651,PO,1,FORWARD,5999,2026-08-02 09:04:00
110651,PO,2,APPROVE,5021,2026-08-02 10:34:00
110652,PO,0,SUBMIT,5031,2026-08-27 09:00:00
110652,PO,2,APPROVE,5022,2026-08-27 16:25:00
110653,PO,0,SUBMIT,5002,2026-08-30 09:00:00
110653,PO,2,APPROVE,5019,2026-08-30 12:25:00
110654,PO,0,SUBMIT,5037,2026-07-05 09:00:00
110654,PO,2,APPROVE,5019,2026-07-05 16:24:00
110655,PO,0,SUBMIT,5004,2026-08-13 09:00:00
110655,PO,2,APPROVE,5020,2026-08-13 12:47:00
110656,PO,0,SUBMIT,5037,2026-09-28 09:00:00
110656,PO,2,APPROVE,5021,2026-09-28 15:41:00
110657,PO,0,SUBMIT,5004,2026-09-23 09:00:00
110657,PO,2,APPROVE,5039,2026-09-23 13:13:00
110658,PO,0,SUBMIT,5025,2026-09-03 09:00:00
110658,PO,1,FORWARD,5999,2026-09-03 09:30:00
110658,PO,2,APPROVE,5040,2026-09-03 15:23:00
110659,PO,0,SUBMIT,5018,2026-09-22 07:57:00
110659,PO,2,APPROVE,5015,2026-09-22 09:57:00
110660,PO,0,SUBMIT,5030,2026-07-06 09:00:00
110660,PO,2,APPROVE,5013,2026-07-06 14:22:00
110661,PO,0,SUBMIT,5011,2026-09-27 09:00:00
110661,PO,2,APPROVE,5023,2026-09-27 15:44:00
110662,PO,0,SUBMIT,5030,2026-07-28 09:00:00
110662,PO,2,APPROVE,5013,2026-07-28 12:42:00
110663,PO,0,SUBMIT,5027,2026-07-01 08:54:00
110663,PO,2,APPROVE,5021,2026-07-01 10:54:00
110664,PO,0,SUBMIT,5035,2026-09-20 07:16:00
110664,PO,2,APPROVE,5020,2026-09-20 09:16:00
110665,PO,0,SUBMIT,5027,2026-08-16 09:00:00
110665,PO,1,FORWARD,5999,2026-08-16 09:30:00
110665,PO,2,APPROVE,5023,2026-08-16 11:14:00
110666,PO,0,SUBMIT,5033,2026-08-11 07:22:00
110666,PO,2,APPROVE,5036,2026-08-11 09:22:00
110667,PO,0,SUBMIT,5007,2026-07-02 09:00:00
110667,PO,2,APPROVE,5006,2026-07-02 11:07:00
110668,PO,0,SUBMIT,5009,2026-08-23 09:00:00
110668,PO,2,APPROVE,5019,2026-08-23 11:41:00
110669,PO,0,SUBMIT,5032,2026-08-31 06:29:00
110669,PO,2,APPROVE,5024,2026-08-31 08:29:00
110670,PO,0,SUBMIT,5018,2026-07-26 09:00:00
110670,PO,2,APPROVE,5022,2026-07-26 14:53:00
110671,PO,0,SUBMIT,5011,2026-09-17 08:34:00
110671,PO,2,APPROVE,5015,2026-09-17 10:34:00
110672,PO,0,SUBMIT,5005,2026-09-10 08:03:00
110672,PO,1,FORWARD,5999,2026-09-10 08:33:00
110672,PO,2,APPROVE,5020,2026-09-10 10:03:00
110673,PO,0,SUBMIT,5001,2026-08-02 09:00:00
110673,PO,2,APPROVE,5034,2026-08-02 16:20:00
110674,PO,0,SUBMIT,5004,2026-08-26 09:00:00
110674,PO,2,APPROVE,5021,2026-08-26 11:19:00
110675,PO,0,SUBMIT,5030,2026-07-23 07:23:00
110675,PO,2,APPROVE,5013,2026-07-23 09:23:00
110676,PO,0,SUBMIT,5027,2026-07-16 09:00:00
110676,PO,2,APPROVE,5040,2026-07-16 15:35:00
110677,PO,0,SUBMIT,5009,2026-08-27 08:53:00
110677,PO,2,APPROVE,5019,2026-08-27 10:53:00
110678,PO,0,SUBMIT,5027,2026-07-15 07:39:00
110678,PO,2,APPROVE,5022,2026-07-15 09:39:00
110679,PO,0,SUBMIT,5018,2026-08-24 09:00:00
110679,PO,1,FORWARD,5999,2026-08-24 09:30:00
110679,PO,2,APPROVE,5008,2026-08-24 14:57:00
110680,PO,0,SUBMIT,5002,2026-09-07 07:06:00
110680,PO,2,APPROVE,5034,2026-09-07 09:06:00
110681,PO,0,SUBMIT,5011,2026-08-30 09:00:00
110681,PO,2,APPROVE,5021,2026-08-30 12:56:00
110682,PO,0,SUBMIT,5007,2026-09-21 06:07:00
110682,PO,2,APPROVE,5015,2026-09-21 08:07:00
110683,PO,0,SUBMIT,5018,2026-07-15 09:00:00
110683,PO,2,APPROVE,5013,2026-07-15 15:36:00
110684,PO,0,SUBMIT,5002,2026-09-17 09:00:00
110684,PO,2,APPROVE,5034,2026-09-17 16:41:00
110685,PO,0,SUBMIT,5005,2026-08-04 09:00:00
110685,PO,2,APPROVE,5023,2026-08-04 16:51:00
110686,PO,0,SUBMIT,5010,2026-07-30 08:07:00
110686,PO,1,FORWARD,5999,2026-07-30 08:37:00
110686,PO,2,APPROVE,5021,2026-07-30 10:07:00
110687,PO,0,SUBMIT,5016,2026-08-31 09:00:00
110687,PO,2,APPROVE,5024,2026-08-31 15:34:00
110688,PO,0,SUBMIT,5037,2026-09-07 09:00:00
110688,PO,2,APPROVE,5020,2026-09-07 13:52:00
110689,PO,0,SUBMIT,5009,2026-08-23 07:24:00
110689,PO,2,APPROVE,5023,2026-08-23 09:24:00
110690,PO,0,SUBMIT,5016,2026-07-26 09:00:00
110690,PO,2,APPROVE,5039,2026-07-26 14:17:00
110691,PO,0,SUBMIT,5005,2026-08-26 08:08:00
110691,PO,2,APPROVE,5039,2026-08-26 10:08:00
110692,PO,0,SUBMIT,5031,2026-07-20 09:00:00
110692,PO,2,APPROVE,5023,2026-07-20 11:13:00
110693,PO,0,SUBMIT,5025,2026-07-30 06:19:00
110693,PO,1,FORWARD,5999,2026-07-30 06:49:00
110693,PO,2,APPROVE,5015,2026-07-30 08:19:00
110694,PO,0,SUBMIT,5001,2026-07-01 08:50:00
110694,PO,2,APPROVE,5021,2026-07-01 10:50:00
110695,PO,0,SUBMIT,5032,2026-08-18 09:00:00
110695,PO,2,APPROVE,5019,2026-08-18 13:36:00
110696,PO,0,SUBMIT,5025,2026-09-10 06:21:00
110696,PO,2,APPROVE,5040,2026-09-10 08:21:00
110697,PO,0,SUBMIT,5030,2026-08-09 07:35:00
110697,PO,2,APPROVE,5023,2026-08-09 09:35:00
110698,PO,0,SUBMIT,5037,2026-09-17 09:00:00
110698,PO,2,APPROVE,5008,2026-09-17 13:45:00
110699,PO,0,SUBMIT,5017,2026-07-16 06:49:00
110699,PO,2,APPROVE,5036,2026-07-16 08:49:00
110700,PO,0,SUBMIT,5009,2026-08-05 09:00:00
110700,PO,1,FORWARD,5999,2026-08-05 09:30:00
110700,PO,2,APPROVE,5034,2026-08-05 13:27:00
110701,PO,0,SUBMIT,5009,2026-09-23 06:55:00
110701,PO,2,APPROVE,5006,2026-09-23 08:55:00
110702,PO,0,SUBMIT,5026,2026-09-07 08:04:00
110702,PO,2,APPROVE,5015,2026-09-07 10:04:00
110703,PO,0,SUBMIT,5029,2026-08-25 07:11:00
110703,PO,2,APPROVE,5040,2026-08-25 09:11:00
110704,PO,0,SUBMIT,5003,2026-07-23 08:04:00
110704,PO,2,APPROVE,5021,2026-07-23 10:04:00
110705,PO,0,SUBMIT,5033,2026-09-07 09:00:00
110705,PO,2,APPROVE,5021,2026-09-07 14:45:00
110706,PO,0,SUBMIT,5032,2026-07-27 09:00:00
110706,PO,2,APPROVE,5006,2026-07-27 12:46:00
110707,PO,0,SUBMIT,5009,2026-09-15 09:00:00
110707,PO,1,FORWARD,5999,2026-09-15 09:30:00
110707,PO,2,APPROVE,5036,2026-09-15 12:41:00
110708,PO,0,SUBMIT,5030,2026-08-31 09:00:00
110708,PO,2,APPROVE,5040,2026-08-31 15:37:00
110709,PO,0,SUBMIT,5010,2026-07-06 09:00:00
110709,PO,2,APPROVE,5039,2026-07-06 13:55:00
110710,PO,0,SUBMIT,5001,2026-09-15 08:51:00
110710,PO,2,APPROVE,5022,2026-09-15 10:51:00
110711,PO,0,SUBMIT,5033,2026-09-10 06:13:00
110711,PO,2,APPROVE,5006,2026-09-10 08:13:00
110712,PO,0,SUBMIT,5014,2026-08-18 09:00:00
110712,PO,2,APPROVE,5040,2026-08-18 11:00:00
110713,PO,0,SUBMIT,5002,2026-08-19 09:00:00
110713,PO,2,APPROVE,5024,2026-08-19 14:01:00
110714,PO,0,SUBMIT,5032,2026-07-12 08:43:00
110714,PO,1,FORWARD,5999,2026-07-12 09:13:00
110714,PO,2,APPROVE,5034,2026-07-12 10:43:00
110715,PO,0,SUBMIT,5037,2026-08-30 07:26:00
110715,PO,2,APPROVE,5020,2026-08-30 09:26:00
110716,PO,0,SUBMIT,5014,2026-08-30 09:00:00
110716,PO,2,APPROVE,5034,2026-08-30 15:00:00
110717,PO,0,SUBMIT,5018,2026-07-15 08:34:00
110717,PO,2,APPROVE,5024,2026-07-15 10:34:00
110718,PO,0,SUBMIT,5010,2026-07-30 07:02:00
110718,PO,2,APPROVE,5006,2026-07-30 09:02:00
110719,PO,0,SUBMIT,5016,2026-07-20 09:00:00
110719,PO,2,APPROVE,5022,2026-07-20 16:54:00
110720,PO,0,SUBMIT,5001,2026-08-02 07:38:00
110720,PO,2,APPROVE,5006,2026-08-02 09:38:00
110721,PO,0,SUBMIT,5002,2026-09-22 09:00:00
110721,PO,1,FORWARD,5999,2026-09-22 09:30:00
110721,PO,2,APPROVE,5013,2026-09-22 11:09:00
110722,PO,0,SUBMIT,5009,2026-07-20 06:27:00
110722,PO,2,APPROVE,5036,2026-07-20 08:27:00
110723,PO,0,SUBMIT,5038,2026-09-22 09:00:00
110723,PO,2,APPROVE,5022,2026-09-22 11:52:00
110724,PO,0,SUBMIT,5037,2026-09-10 09:00:00
110724,PO,2,APPROVE,5021,2026-09-10 11:36:00
110725,PO,0,SUBMIT,5001,2026-07-22 06:53:00
110725,PO,2,APPROVE,5024,2026-07-22 08:53:00
110726,PO,0,SUBMIT,5031,2026-07-26 09:00:00
110726,PO,2,APPROVE,5040,2026-07-26 14:37:00
110727,PO,0,SUBMIT,5030,2026-07-16 06:55:00
110727,PO,2,APPROVE,5036,2026-07-16 08:55:00
110728,PO,0,SUBMIT,5002,2026-07-16 09:00:00
110728,PO,1,FORWARD,5999,2026-07-16 09:30:00
110728,PO,2,APPROVE,5021,2026-07-16 13:05:00
110729,PO,0,SUBMIT,5038,2026-08-10 06:53:00
110729,PO,2,APPROVE,5023,2026-08-10 08:53:00
110730,PO,0,SUBMIT,5010,2026-09-06 09:00:00
110730,PO,2,APPROVE,5015,2026-09-06 16:33:00
110731,PO,0,SUBMIT,5017,2026-09-15 09:00:00
110731,PO,2,APPROVE,5039,2026-09-15 11:41:00
110732,PO,0,SUBMIT,5010,2026-08-06 09:00:00
110732,PO,2,APPROVE,5040,2026-08-06 15:51:00
110733,PO,0,SUBMIT,5031,2026-09-15 09:00:00
110733,PO,2,APPROVE,5034,2026-09-15 13:08:00
110734,PO,0,SUBMIT,5025,2026-08-30 09:00:00
110734,PO,2,APPROVE,5020,2026-08-30 16:49:00
110735,PO,0,SUBMIT,5004,2026-08-09 07:19:00
110735,PO,1,FORWARD,5999,2026-08-09 07:49:00
110735,PO,2,APPROVE,5008,2026-08-09 09:19:00
110736,PO,0,SUBMIT,5029,2026-09-03 09:00:00
110736,PO,2,APPROVE,5013,2026-09-03 14:45:00
110737,PO,0,SUBMIT,5031,2026-07-12 08:23:00
110737,PO,2,APPROVE,5008,2026-07-12 10:23:00
110738,PO,0,SUBMIT,5010,2026-07-13 06:13:00
110738,PO,2,APPROVE,5024,2026-07-13 08:13:00
110739,PO,0,SUBMIT,5003,2026-07-26 08:52:00
110739,PO,2,APPROVE,5008,2026-07-26 10:52:00
110740,PO,0,SUBMIT,5025,2026-07-14 09:00:00
110740,PO,2,APPROVE,5040,2026-07-14 11:17:00
110741,PO,0,SUBMIT,5032,2026-07-27 09:00:00
110741,PO,2,APPROVE,5039,2026-07-27 14:29:00
110742,PO,0,SUBMIT,5005,2026-09-21 08:12:00
110742,PO,1,FORWARD,5999,2026-09-21 08:42:00
110742,PO,2,APPROVE,5024,2026-09-21 10:12:00
110743,PO,0,SUBMIT,5003,2026-07-13 09:00:00
110743,PO,2,APPROVE,5015,2026-07-13 15:59:00
110744,PO,0,SUBMIT,5014,2026-09-02 09:00:00
110744,PO,2,APPROVE,5020,2026-09-02 16:41:00
110745,PO,0,SUBMIT,5004,2026-09-13 09:00:00
110745,PO,2,APPROVE,5034,2026-09-13 11:43:00
110746,PO,0,SUBMIT,5004,2026-07-05 06:21:00
110746,PO,2,APPROVE,5023,2026-07-05 08:21:00
110747,PO,0,SUBMIT,5009,2026-08-19 09:00:00
110747,PO,2,APPROVE,5021,2026-08-19 14:52:00
110748,PO,0,SUBMIT,5012,2026-08-18 09:00:00
110748,PO,2,APPROVE,5040,2026-08-18 16:44:00
110749,PO,0,SUBMIT,5031,2026-07-05 09:00:00
110749,PO,1,FORWARD,5999,2026-07-05 09:30:00
110749,PO,2,APPROVE,5008,2026-07-05 12:17:00
110750,PO,0,SUBMIT,5009,2026-08-09 09:00:00
110750,PO,2,APPROVE,5024,2026-08-09 14:32:00
110751,PO,0,SUBMIT,5002,2026-09-01 09:00:00
110751,PO,2,APPROVE,5040,2026-09-01 16:39:00
110752,PO,0,SUBMIT,5026,2026-09-28 09:00:00
110752,PO,2,APPROVE,5019,2026-09-28 11:13:00
110753,PO,0,SUBMIT,5027,2026-08-11 09:00:00
110753,PO,2,APPROVE,5015,2026-08-11 16:51:00
110754,PO,0,SUBMIT,5011,2026-07-02 09:00:00
110754,PO,2,APPROVE,5036,2026-07-02 14:55:00
110755,PO,0,SUBMIT,5038,2026-09-07 08:39:00
110755,PO,2,APPROVE,5019,2026-09-07 10:39:00
110756,PO,0,SUBMIT,5037,2026-09-29 09:00:00
110756,PO,1,FORWARD,5999,2026-09-29 09:30:00
110756,PO,2,APPROVE,5022,2026-09-29 11:37:00
110757,PO,0,SUBMIT,5018,2026-09-20 09:00:00
110757,PO,2,APPROVE,5024,2026-09-20 15:01:00
110758,PO,0,SUBMIT,5037,2026-09-17 06:43:00
110758,PO,2,APPROVE,5036,2026-09-17 08:43:00
110759,PO,0,SUBMIT,5003,2026-07-06 09:00:00
110759,PO,2,APPROVE,5015,2026-07-06 14:08:00
110760,PO,0,SUBMIT,5026,2026-08-12 07:27:00
110760,PO,2,APPROVE,5019,2026-08-12 09:27:00
110761,PO,0,SUBMIT,5005,2026-09-14 09:00:00
110761,PO,2,APPROVE,5020,2026-09-14 11:59:00
110762,PO,0,SUBMIT,5012,2026-09-10 09:00:00
110762,PO,2,APPROVE,5022,2026-09-10 15:47:00
110763,PO,0,SUBMIT,5012,2026-07-09 08:52:00
110763,PO,1,FORWARD,5999,2026-07-09 09:22:00
110763,PO,2,APPROVE,5040,2026-07-09 10:52:00
110764,PO,0,SUBMIT,5025,2026-07-21 09:00:00
110764,PO,2,APPROVE,5023,2026-07-21 11:09:00
110765,PO,0,SUBMIT,5017,2026-08-04 09:00:00
110765,PO,2,APPROVE,5021,2026-08-04 11:08:00
110766,PO,0,SUBMIT,5025,2026-09-24 09:00:00
110766,PO,2,APPROVE,5036,2026-09-24 16:32:00
110767,PO,0,SUBMIT,5012,2026-07-27 09:00:00
110767,PO,2,APPROVE,5036,2026-07-27 14:47:00
110768,PO,0,SUBMIT,5002,2026-09-15 09:00:00
110768,PO,2,APPROVE,5006,2026-09-15 11:36:00
110769,PO,0,SUBMIT,5014,2026-08-25 09:00:00
110769,PO,2,APPROVE,5036,2026-08-25 13:54:00
110770,PO,0,SUBMIT,5026,2026-07-16 09:00:00
110770,PO,1,FORWARD,5999,2026-07-16 09:30:00
110770,PO,2,APPROVE,5015,2026-07-16 15:25:00
110771,PO,0,SUBMIT,5018,2026-08-03 06:17:00
110771,PO,2,APPROVE,5008,2026-08-03 08:17:00
110772,PO,0,SUBMIT,5018,2026-07-16 09:00:00
110772,PO,2,APPROVE,5015,2026-07-16 14:41:00
110773,PO,0,SUBMIT,5011,2026-09-03 09:00:00
110773,PO,2,APPROVE,5036,2026-09-03 12:21:00
110774,PO,0,SUBMIT,5027,2026-07-26 09:00:00
110774,PO,2,APPROVE,5019,2026-07-26 16:39:00
110775,PO,0,SUBMIT,5010,2026-09-03 07:30:00
110775,PO,2,APPROVE,5021,2026-09-03 09:30:00
110776,PO,0,SUBMIT,5010,2026-08-17 09:00:00
110776,PO,2,APPROVE,5036,2026-08-17 12:07:00
110777,PO,0,SUBMIT,5012,2026-09-22 09:00:00
110777,PO,1,FORWARD,5999,2026-09-22 09:30:00
110777,PO,2,APPROVE,5013,2026-09-22 12:10:00
110778,PO,0,SUBMIT,5009,2026-07-06 09:00:00
110778,PO,2,APPROVE,5013,2026-07-06 11:19:00
110779,PO,0,SUBMIT,5035,2026-08-17 09:00:00
110779,PO,2,APPROVE,5013,2026-08-17 12:46:00
110780,PO,0,SUBMIT,5017,2026-07-02 09:00:00
110780,PO,2,APPROVE,5019,2026-07-02 13:12:00
110781,PO,0,SUBMIT,5029,2026-08-27 09:00:00
110781,PO,2,APPROVE,5021,2026-08-27 14:03:00
110782,PO,0,SUBMIT,5030,2026-09-02 09:00:00
110782,PO,2,APPROVE,5036,2026-09-02 12:50:00
110783,PO,0,SUBMIT,5025,2026-07-16 07:03:00
110783,PO,2,APPROVE,5024,2026-07-16 09:03:00
110784,PO,0,SUBMIT,5025,2026-07-22 06:36:00
110784,PO,1,FORWARD,5999,2026-07-22 07:06:00
110784,PO,2,APPROVE,5036,2026-07-22 08:36:00
110785,PO,0,SUBMIT,5002,2026-09-03 08:05:00
110785,PO,2,APPROVE,5013,2026-09-03 10:05:00
110786,PO,0,SUBMIT,5038,2026-09-21 09:00:00
110786,PO,2,APPROVE,5036,2026-09-21 12:11:00
110787,PO,0,SUBMIT,5014,2026-07-09 07:08:00
110787,PO,2,APPROVE,5021,2026-07-09 09:08:00
110788,PO,0,SUBMIT,5037,2026-08-09 06:55:00
110788,PO,2,APPROVE,5013,2026-08-09 08:55:00
110789,PO,0,SUBMIT,5032,2026-08-05 09:00:00
110789,PO,2,APPROVE,5019,2026-08-05 16:40:00
110790,PO,0,SUBMIT,5007,2026-09-06 08:15:00
110790,PO,2,APPROVE,5006,2026-09-06 10:15:00
110791,PO,0,SUBMIT,5027,2026-08-03 09:00:00
110791,PO,1,FORWARD,5999,2026-08-03 09:30:00
110791,PO,2,APPROVE,5023,2026-08-03 15:06:00
110792,PO,0,SUBMIT,5002,2026-08-30 09:00:00
110792,PO,2,APPROVE,5040,2026-08-30 16:41:00
110793,PO,0,SUBMIT,5016,2026-09-23 08:54:00
110793,PO,2,APPROVE,5006,2026-09-23 10:54:00
110794,PO,0,SUBMIT,5007,2026-08-04 09:00:00
110794,PO,2,APPROVE,5022,2026-08-04 11:25:00
110795,PO,0,SUBMIT,5010,2026-08-17 07:36:00
110795,PO,2,APPROVE,5006,2026-08-17 09:36:00
110796,PO,0,SUBMIT,5010,2026-08-23 09:00:00
110796,PO,2,APPROVE,5036,2026-08-23 16:18:00
110797,PO,0,SUBMIT,5026,2026-08-02 09:00:00
110797,PO,2,APPROVE,5006,2026-08-02 12:16:00
110798,PO,0,SUBMIT,5038,2026-09-21 09:00:00
110798,PO,1,FORWARD,5999,2026-09-21 09:30:00
110798,PO,2,APPROVE,5020,2026-09-21 12:16:00
110799,PO,0,SUBMIT,5004,2026-08-20 09:00:00
110799,PO,2,APPROVE,5039,2026-08-20 16:42:00
110800,PO,0,SUBMIT,5016,2026-08-18 07:20:00
110800,PO,2,APPROVE,5034,2026-08-18 09:20:00
110801,PO,0,SUBMIT,5014,2026-07-26 09:00:00
110801,PO,2,APPROVE,5039,2026-07-26 12:55:00
110802,PO,0,SUBMIT,5018,2026-08-30 09:00:00
110802,PO,2,APPROVE,5019,2026-08-30 13:02:00
110803,PO,0,SUBMIT,5032,2026-08-25 09:00:00
110803,PO,2,APPROVE,5024,2026-08-25 14:12:00
110804,PO,0,SUBMIT,5014,2026-08-19 09:00:00
110804,PO,2,APPROVE,5013,2026-08-19 13:45:00
110805,PO,0,SUBMIT,5025,2026-09-27 07:32:00
110805,PO,1,FORWARD,5999,2026-09-27 08:02:00
110805,PO,2,APPROVE,5040,2026-09-27 09:32:00
110806,PO,0,SUBMIT,5010,2026-09-16 09:00:00
110806,PO,2,APPROVE,5039,2026-09-16 13:03:00
110807,PO,0,SUBMIT,5011,2026-08-06 09:00:00
110807,PO,2,APPROVE,5036,2026-08-06 11:03:00
110808,PO,0,SUBMIT,5031,2026-07-15 09:00:00
110808,PO,2,APPROVE,5008,2026-07-15 14:19:00
110809,PO,0,SUBMIT,5011,2026-09-14 09:00:00
110809,PO,2,APPROVE,5039,2026-09-14 15:42:00
110810,PO,0,SUBMIT,5005,2026-08-09 09:00:00
110810,PO,2,APPROVE,5036,2026-08-09 12:50:00
110811,PO,0,SUBMIT,5010,2026-08-10 07:34:00
110811,PO,2,APPROVE,5036,2026-08-10 09:34:00
110812,PO,0,SUBMIT,5027,2026-07-08 09:00:00
110812,PO,1,FORWARD,5999,2026-07-08 09:30:00
110812,PO,2,APPROVE,5021,2026-07-08 12:12:00
110813,PO,0,SUBMIT,5010,2026-07-20 09:00:00
110813,PO,2,APPROVE,5006,2026-07-20 13:00:00
110814,PO,0,SUBMIT,5016,2026-08-18 09:00:00
110814,PO,2,APPROVE,5008,2026-08-18 14:09:00
110815,PO,0,SUBMIT,5011,2026-08-02 09:00:00
110815,PO,2,APPROVE,5015,2026-08-02 11:42:00
110816,PO,0,SUBMIT,5005,2026-07-20 09:00:00
110816,PO,2,APPROVE,5021,2026-07-20 11:58:00
110817,PO,0,SUBMIT,5004,2026-08-13 09:00:00
110817,PO,2,APPROVE,5008,2026-08-13 11:42:00
110818,PO,0,SUBMIT,5030,2026-08-23 09:00:00
110818,PO,2,APPROVE,5039,2026-08-23 12:31:00
110819,PO,0,SUBMIT,5010,2026-07-28 09:00:00
110819,PO,1,FORWARD,5999,2026-07-28 09:30:00
110819,PO,2,APPROVE,5034,2026-07-28 13:18:00
110820,PO,0,SUBMIT,5012,2026-09-08 09:00:00
110820,PO,2,APPROVE,5019,2026-09-08 11:17:00
110821,PO,0,SUBMIT,5011,2026-09-02 09:00:00
110821,PO,2,APPROVE,5036,2026-09-02 14:41:00
110822,PO,0,SUBMIT,5031,2026-08-27 08:01:00
110822,PO,2,APPROVE,5013,2026-08-27 10:01:00
110823,PO,0,SUBMIT,5007,2026-07-02 06:54:00
110823,PO,2,APPROVE,5013,2026-07-02 08:54:00
110824,PO,0,SUBMIT,5018,2026-08-16 09:00:00
110824,PO,2,APPROVE,5020,2026-08-16 13:20:00
110825,PO,0,SUBMIT,5014,2026-08-09 09:00:00
110825,PO,2,APPROVE,5036,2026-08-09 12:30:00
110826,PO,0,SUBMIT,5037,2026-07-30 06:35:00
110826,PO,1,FORWARD,5999,2026-07-30 07:05:00
110826,PO,2,APPROVE,5015,2026-07-30 08:35:00
110827,PO,0,SUBMIT,5012,2026-09-20 09:00:00
110827,PO,2,APPROVE,5024,2026-09-20 16:32:00
110828,PO,0,SUBMIT,5018,2026-09-21 09:00:00
110828,PO,2,APPROVE,5008,2026-09-21 12:42:00
110829,PO,0,SUBMIT,5010,2026-09-27 08:16:00
110829,PO,2,APPROVE,5024,2026-09-27 10:16:00
110830,PO,0,SUBMIT,5037,2026-07-26 09:00:00
110830,PO,2,APPROVE,5034,2026-07-26 12:13:00
110831,PO,0,SUBMIT,5031,2026-08-09 09:00:00
110831,PO,2,APPROVE,5024,2026-08-09 13:34:00
110832,PO,0,SUBMIT,5010,2026-09-28 07:51:00
110832,PO,2,APPROVE,5036,2026-09-28 09:51:00
110833,PO,0,SUBMIT,5033,2026-09-07 07:06:00
110833,PO,1,FORWARD,5999,2026-09-07 07:36:00
110833,PO,2,APPROVE,5020,2026-09-07 09:06:00
110834,PO,0,SUBMIT,5003,2026-07-27 09:00:00
110834,PO,2,APPROVE,5040,2026-07-27 12:31:00
110835,PO,0,SUBMIT,5001,2026-07-09 09:00:00
110835,PO,2,APPROVE,5019,2026-07-09 12:50:00
110836,PO,0,SUBMIT,5029,2026-08-26 09:00:00
110836,PO,2,APPROVE,5019,2026-08-26 12:00:00
110837,PO,0,SUBMIT,5016,2026-09-14 09:00:00
110837,PO,2,APPROVE,5040,2026-09-14 13:35:00
110838,PO,0,SUBMIT,5016,2026-09-30 08:26:00
110838,PO,2,APPROVE,5024,2026-09-30 10:26:00
110839,PO,0,SUBMIT,5025,2026-07-08 09:00:00
110839,PO,2,APPROVE,5036,2026-07-08 14:59:00
110840,PO,0,SUBMIT,5004,2026-07-12 09:00:00
110840,PO,1,FORWARD,5999,2026-07-12 09:30:00
110840,PO,2,APPROVE,5019,2026-07-12 13:08:00
110841,PO,0,SUBMIT,5005,2026-09-27 09:00:00
110841,PO,2,APPROVE,5019,2026-09-27 16:06:00
110842,PO,0,SUBMIT,5017,2026-09-13 07:44:00
110842,PO,2,APPROVE,5034,2026-09-13 09:44:00
110843,PO,0,SUBMIT,5003,2026-08-17 09:00:00
110843,PO,2,APPROVE,5019,2026-08-17 11:18:00
110844,PO,0,SUBMIT,5004,2026-07-19 09:00:00
110844,PO,2,APPROVE,5020,2026-07-19 12:14:00
110845,PO,0,SUBMIT,5025,2026-07-13 09:00:00
110845,PO,2,APPROVE,5023,2026-07-13 14:51:00
110846,PO,0,SUBMIT,5026,2026-07-01 06:50:00
110846,PO,2,APPROVE,5021,2026-07-01 08:50:00
110847,PO,0,SUBMIT,5007,2026-07-02 08:45:00
110847,PO,1,FORWARD,5999,2026-07-02 09:15:00
110847,PO,2,APPROVE,5022,2026-07-02 10:45:00
110848,PO,0,SUBMIT,5028,2026-08-02 08:39:00
110848,PO,2,APPROVE,5019,2026-08-02 10:39:00
110849,PO,0,SUBMIT,5037,2026-09-17 08:44:00
110849,PO,2,APPROVE,5022,2026-09-17 10:44:00
110850,PO,0,SUBMIT,5029,2026-07-28 09:00:00
110850,PO,2,APPROVE,5019,2026-07-28 13:55:00
110851,PO,0,SUBMIT,5028,2026-08-27 09:00:00
110851,PO,2,APPROVE,5006,2026-08-27 11:48:00
110852,PO,0,SUBMIT,5033,2026-07-30 09:00:00
110852,PO,2,APPROVE,5022,2026-07-30 15:28:00
110853,PO,0,SUBMIT,5030,2026-08-06 07:51:00
110853,PO,2,APPROVE,5020,2026-08-06 09:51:00
110854,PO,0,SUBMIT,5037,2026-08-09 09:00:00
110854,PO,1,FORWARD,5999,2026-08-09 09:30:00
110854,PO,2,APPROVE,5006,2026-08-09 12:14:00
110855,PO,0,SUBMIT,5028,2026-09-22 09:00:00
110855,PO,2,APPROVE,5020,2026-09-22 11:21:00
110856,PO,0,SUBMIT,5029,2026-09-27 07:29:00
110856,PO,2,APPROVE,5021,2026-09-27 09:29:00
110857,PO,0,SUBMIT,5027,2026-09-02 06:42:00
110857,PO,2,APPROVE,5022,2026-09-02 08:42:00
110858,PO,0,SUBMIT,5017,2026-08-20 08:03:00
110858,PO,2,APPROVE,5040,2026-08-20 10:03:00
110859,PO,0,SUBMIT,5016,2026-08-03 06:08:00
110859,PO,2,APPROVE,5040,2026-08-03 08:08:00
110860,PO,0,SUBMIT,5001,2026-08-12 09:00:00
110860,PO,2,APPROVE,5021,2026-08-12 13:08:00
110861,PO,0,SUBMIT,5025,2026-09-24 06:42:00
110861,PO,1,FORWARD,5999,2026-09-24 07:12:00
110861,PO,2,APPROVE,5034,2026-09-24 08:42:00
110862,PO,0,SUBMIT,5004,2026-07-16 07:19:00
110862,PO,2,APPROVE,5034,2026-07-16 09:19:00
110863,PO,0,SUBMIT,5038,2026-09-14 09:00:00
110863,PO,2,APPROVE,5021,2026-09-14 13:39:00
110864,PO,0,SUBMIT,5016,2026-07-21 08:54:00
110864,PO,2,APPROVE,5024,2026-07-21 10:54:00
110865,PO,0,SUBMIT,5014,2026-07-06 09:00:00
110865,PO,2,APPROVE,5015,2026-07-06 11:49:00
110866,PO,0,SUBMIT,5011,2026-09-16 06:12:00
110866,PO,2,APPROVE,5006,2026-09-16 08:12:00
110867,PO,0,SUBMIT,5012,2026-08-17 08:37:00
110867,PO,2,APPROVE,5006,2026-08-17 10:37:00
110868,PO,0,SUBMIT,5035,2026-08-13 09:00:00
110868,PO,1,FORWARD,5999,2026-08-13 09:30:00
110868,PO,2,APPROVE,5006,2026-08-13 14:40:00
110869,PO,0,SUBMIT,5017,2026-07-14 09:00:00
110869,PO,2,APPROVE,5022,2026-07-14 12:28:00
110870,PO,0,SUBMIT,5030,2026-09-13 09:00:00
110870,PO,2,APPROVE,5008,2026-09-13 13:51:00
110871,PO,0,SUBMIT,5028,2026-07-30 07:49:00
110871,PO,2,APPROVE,5023,2026-07-30 09:49:00
110872,PO,0,SUBMIT,5002,2026-08-24 07:55:00
110872,PO,2,APPROVE,5023,2026-08-24 09:55:00
110873,PO,0,SUBMIT,5031,2026-09-16 09:00:00
110873,PO,2,APPROVE,5019,2026-09-16 12:18:00
110874,PO,0,SUBMIT,5016,2026-09-14 09:00:00
110874,PO,2,APPROVE,5036,2026-09-14 13:20:00
110875,PO,0,SUBMIT,5003,2026-09-14 09:00:00
110875,PO,1,FORWARD,5999,2026-09-14 09:30:00
110875,PO,2,APPROVE,5006,2026-09-14 16:58:00
110876,PO,0,SUBMIT,5018,2026-09-15 06:37:00
110876,PO,2,APPROVE,5036,2026-09-15 08:37:00
110877,PO,0,SUBMIT,5005,2026-08-19 09:00:00
110877,PO,2,APPROVE,5021,2026-08-19 12:10:00
110878,PO,0,SUBMIT,5017,2026-09-29 09:00:00
110878,PO,2,APPROVE,5008,2026-09-29 15:22:00
110879,PO,0,SUBMIT,5003,2026-09-08 09:00:00
110879,PO,2,APPROVE,5021,2026-09-08 16:49:00
110880,PO,0,SUBMIT,5025,2026-09-08 07:25:00
110880,PO,2,APPROVE,5022,2026-09-08 09:25:00
110881,PO,0,SUBMIT,5009,2026-09-09 09:00:00
110881,PO,2,APPROVE,5021,2026-09-09 11:21:00
110882,PO,0,SUBMIT,5033,2026-08-04 09:00:00
110882,PO,1,FORWARD,5999,2026-08-04 09:30:00
110882,PO,2,APPROVE,5020,2026-08-04 11:23:00
110883,PO,0,SUBMIT,5012,2026-09-24 07:45:00
110883,PO,2,APPROVE,5021,2026-09-24 09:45:00
110884,PO,0,SUBMIT,5001,2026-09-03 09:00:00
110884,PO,2,APPROVE,5013,2026-09-03 13:12:00
110885,PO,0,SUBMIT,5001,2026-09-13 09:00:00
110885,PO,2,APPROVE,5013,2026-09-13 11:25:00
110886,PO,0,SUBMIT,5029,2026-07-29 09:00:00
110886,PO,2,APPROVE,5022,2026-07-29 15:53:00
110887,PO,0,SUBMIT,5028,2026-07-30 06:57:00
110887,PO,2,APPROVE,5020,2026-07-30 08:57:00
110888,PO,0,SUBMIT,5030,2026-09-06 09:00:00
110888,PO,2,APPROVE,5022,2026-09-06 15:10:00
110889,PO,0,SUBMIT,5011,2026-08-24 09:00:00
110889,PO,1,FORWARD,5999,2026-08-24 09:30:00
110889,PO,2,APPROVE,5020,2026-08-24 16:02:00
110890,PO,0,SUBMIT,5009,2026-09-16 09:00:00
110890,PO,2,APPROVE,5024,2026-09-16 16:12:00
110891,PO,0,SUBMIT,5009,2026-07-30 07:21:00
110891,PO,2,APPROVE,5036,2026-07-30 09:21:00
110892,PO,0,SUBMIT,5005,2026-07-19 09:00:00
110892,PO,2,APPROVE,5013,2026-07-19 14:12:00
110893,PO,0,SUBMIT,5011,2026-07-27 09:00:00
110893,PO,2,APPROVE,5040,2026-07-27 15:21:00
110894,PO,0,SUBMIT,5001,2026-08-27 09:00:00
110894,PO,2,APPROVE,5022,2026-08-27 16:57:00
110895,PO,0,SUBMIT,5018,2026-08-04 06:32:00
110895,PO,2,APPROVE,5040,2026-08-04 08:32:00
110896,PO,0,SUBMIT,5033,2026-09-15 09:00:00
110896,PO,1,FORWARD,5999,2026-09-15 09:30:00
110896,PO,2,APPROVE,5019,2026-09-15 12:44:00
110897,PO,0,SUBMIT,5028,2026-07-26 09:00:00
110897,PO,2,APPROVE,5036,2026-07-26 12:20:00
110898,PO,0,SUBMIT,5025,2026-09-30 06:17:00
110898,PO,2,APPROVE,5036,2026-09-30 08:17:00
110899,PO,0,SUBMIT,5002,2026-07-20 08:33:00
110899,PO,2,APPROVE,5015,2026-07-20 10:33:00
110900,PO,0,SUBMIT,5018,2026-08-20 08:10:00
110900,PO,2,APPROVE,5013,2026-08-20 10:10:00
110901,PO,0,SUBMIT,5031,2026-07-02 09:00:00
110901,PO,2,APPROVE,5036,2026-07-02 14:18:00
110902,PO,0,SUBMIT,5033,2026-07-08 09:00:00
110902,PO,2,APPROVE,5036,2026-07-08 16:37:00
110903,PO,0,SUBMIT,5018,2026-07-16 09:00:00
110903,PO,1,FORWARD,5999,2026-07-16 09:30:00
110903,PO,2,APPROVE,5008,2026-07-16 13:42:00
110904,PO,0,SUBMIT,5004,2026-09-23 07:42:00
110904,PO,2,APPROVE,5023,2026-09-23 09:42:00
110905,PO,0,SUBMIT,5030,2026-08-05 09:00:00
110905,PO,2,APPROVE,5021,2026-08-05 14:28:00
110906,PO,0,SUBMIT,5018,2026-07-20 07:06:00
110906,PO,2,APPROVE,5036,2026-07-20 09:06:00
110907,PO,0,SUBMIT,5001,2026-08-23 06:03:00
110907,PO,2,APPROVE,5024,2026-08-23 08:03:00
110908,PO,0,SUBMIT,5017,2026-07-14 09:00:00
110908,PO,2,APPROVE,5020,2026-07-14 14:20:00
110909,PO,0,SUBMIT,5009,2026-08-30 09:00:00
110909,PO,2,APPROVE,5040,2026-08-30 15:37:00
110910,PO,0,SUBMIT,5031,2026-07-07 09:00:00
110910,PO,1,FORWARD,5999,2026-07-07 09:30:00
110910,PO,2,APPROVE,5020,2026-07-07 16:59:00
110911,PO,0,SUBMIT,5033,2026-09-15 09:00:00
110911,PO,2,APPROVE,5040,2026-09-15 11:10:00
110912,PO,0,SUBMIT,5012,2026-08-20 09:00:00
110912,PO,2,APPROVE,5023,2026-08-20 15:35:00
110913,PO,0,SUBMIT,5025,2026-09-30 08:31:00
110913,PO,2,APPROVE,5040,2026-09-30 10:31:00
110914,PO,0,SUBMIT,5033,2026-08-19 07:31:00
110914,PO,2,APPROVE,5019,2026-08-19 09:31:00
110915,PO,0,SUBMIT,5014,2026-09-20 09:00:00
110915,PO,2,APPROVE,5023,2026-09-20 16:14:00
110916,PO,0,SUBMIT,5009,2026-07-05 09:00:00
110916,PO,2,APPROVE,5036,2026-07-05 13:40:00
110917,PO,0,SUBMIT,5010,2026-08-04 09:00:00
110917,PO,1,FORWARD,5999,2026-08-04 09:30:00
110917,PO,2,APPROVE,5006,2026-08-04 11:06:00
110918,PO,0,SUBMIT,5007,2026-07-16 09:00:00
110918,PO,2,APPROVE,5021,2026-07-16 13:09:00
110919,PO,0,SUBMIT,5012,2026-09-08 07:35:00
110919,PO,2,APPROVE,5020,2026-09-08 09:35:00
110920,PO,0,SUBMIT,5007,2026-08-03 06:58:00
110920,PO,2,APPROVE,5020,2026-08-03 08:58:00
110921,PO,0,SUBMIT,5030,2026-09-06 09:00:00
110921,PO,2,APPROVE,5021,2026-09-06 13:42:00
110922,PO,0,SUBMIT,5028,2026-07-09 08:53:00
110922,PO,2,APPROVE,5006,2026-07-09 10:53:00
110923,PO,0,SUBMIT,5009,2026-07-27 09:00:00
110923,PO,2,APPROVE,5024,2026-07-27 11:28:00
110924,PO,0,SUBMIT,5016,2026-07-16 09:00:00
110924,PO,1,FORWARD,5999,2026-07-16 09:30:00
110924,PO,2,APPROVE,5021,2026-07-16 12:15:00
110925,PO,0,SUBMIT,5014,2026-09-27 09:00:00
110925,PO,2,APPROVE,5021,2026-09-27 11:53:00
110926,PO,0,SUBMIT,5007,2026-08-20 08:17:00
110926,PO,2,APPROVE,5024,2026-08-20 10:17:00
110927,PO,0,SUBMIT,5011,2026-07-05 09:00:00
110927,PO,2,APPROVE,5022,2026-07-05 14:59:00
110928,PO,0,SUBMIT,5005,2026-09-14 07:46:00
110928,PO,2,APPROVE,5040,2026-09-14 09:46:00
110929,PO,0,SUBMIT,5027,2026-09-10 09:00:00
110929,PO,2,APPROVE,5015,2026-09-10 14:29:00
110930,PO,0,SUBMIT,5025,2026-08-03 09:00:00
110930,PO,2,APPROVE,5036,2026-08-03 12:10:00
110931,PO,0,SUBMIT,5026,2026-07-12 08:27:00
110931,PO,1,FORWARD,5999,2026-07-12 08:57:00
110931,PO,2,APPROVE,5021,2026-07-12 10:27:00
110932,PO,0,SUBMIT,5028,2026-07-06 06:16:00
110932,PO,2,APPROVE,5022,2026-07-06 08:16:00
110933,PO,0,SUBMIT,5037,2026-08-10 09:00:00
110933,PO,2,APPROVE,5040,2026-08-10 16:22:00
110934,PO,0,SUBMIT,5031,2026-09-06 09:00:00
110934,PO,2,APPROVE,5034,2026-09-06 15:35:00
110935,PO,0,SUBMIT,5037,2026-07-13 09:00:00
110935,PO,2,APPROVE,5039,2026-07-13 11:41:00
110936,PO,0,SUBMIT,5014,2026-09-21 08:42:00
110936,PO,2,APPROVE,5006,2026-09-21 10:42:00
110937,PO,0,SUBMIT,5012,2026-08-27 08:45:00
110937,PO,2,APPROVE,5023,2026-08-27 10:45:00
110938,PO,0,SUBMIT,5016,2026-09-24 06:50:00
110938,PO,1,FORWARD,5999,2026-09-24 07:20:00
110938,PO,2,APPROVE,5023,2026-09-24 08:50:00
110939,PO,0,SUBMIT,5004,2026-07-07 06:24:00
110939,PO,2,APPROVE,5034,2026-07-07 08:24:00
110940,PO,0,SUBMIT,5007,2026-07-19 06:35:00
110940,PO,2,APPROVE,5036,2026-07-19 08:35:00
110941,PO,0,SUBMIT,5010,2026-07-30 09:00:00
110941,PO,2,APPROVE,5024,2026-07-30 14:46:00
110942,PO,0,SUBMIT,5004,2026-09-22 09:00:00
110942,PO,2,APPROVE,5015,2026-09-22 14:25:00
110943,PO,0,SUBMIT,5007,2026-08-05 09:00:00
110943,PO,2,APPROVE,5039,2026-08-05 16:19:00
110944,PO,0,SUBMIT,5014,2026-07-23 09:00:00
110944,PO,2,APPROVE,5022,2026-07-23 15:25:00
110945,PO,0,SUBMIT,5033,2026-09-20 06:11:00
110945,PO,1,FORWARD,5999,2026-09-20 06:41:00
110945,PO,2,APPROVE,5020,2026-09-20 08:11:00
110946,PO,0,SUBMIT,5029,2026-07-20 09:00:00
110946,PO,2,APPROVE,5015,2026-07-20 13:02:00
110947,PO,0,SUBMIT,5029,2026-07-15 07:25:00
110947,PO,2,APPROVE,5015,2026-07-15 09:25:00
110948,PO,0,SUBMIT,5009,2026-07-01 09:00:00
110948,PO,2,APPROVE,5024,2026-07-01 11:02:00
110949,PO,0,SUBMIT,5003,2026-07-28 09:00:00
110949,PO,2,APPROVE,5036,2026-07-28 12:37:00
110950,PO,0,SUBMIT,5007,2026-07-22 08:41:00
110950,PO,2,APPROVE,5039,2026-07-22 10:41:00
110951,PO,0,SUBMIT,5033,2026-09-14 09:00:00
110951,PO,2,APPROVE,5019,2026-09-14 12:20:00
110952,PO,0,SUBMIT,5025,2026-08-19 09:00:00
110952,PO,1,FORWARD,5999,2026-08-19 09:30:00
110952,PO,2,APPROVE,5036,2026-08-19 15:13:00
110953,PO,0,SUBMIT,5001,2026-07-09 08:27:00
110953,PO,2,APPROVE,5006,2026-07-09 10:27:00
110954,PO,0,SUBMIT,5018,2026-08-17 09:00:00
110954,PO,2,APPROVE,5023,2026-08-17 13:43:00
110955,PO,0,SUBMIT,5002,2026-09-30 08:48:00
110955,PO,2,APPROVE,5021,2026-09-30 10:48:00
110956,PO,0,SUBMIT,5035,2026-07-21 09:00:00
110956,PO,2,APPROVE,5006,2026-07-21 14:24:00
110957,PO,0,SUBMIT,5027,2026-07-06 09:00:00
110957,PO,2,APPROVE,5023,2026-07-06 12:39:00
110958,PO,0,SUBMIT,5035,2026-07-13 09:00:00
110958,PO,2,APPROVE,5034,2026-07-13 11:18:00
110959,PO,0,SUBMIT,5004,2026-07-30 07:07:00
110959,PO,1,FORWARD,5999,2026-07-30 07:37:00
110959,PO,2,APPROVE,5021,2026-07-30 09:07:00
110960,PO,0,SUBMIT,5005,2026-08-10 09:00:00
110960,PO,2,APPROVE,5039,2026-08-10 15:33:00
110961,PO,0,SUBMIT,5027,2026-09-30 06:59:00
110961,PO,2,APPROVE,5023,2026-09-30 08:59:00
110962,PO,0,SUBMIT,5002,2026-09-16 09:00:00
110962,PO,2,APPROVE,5020,2026-09-16 14:25:00
110963,PO,0,SUBMIT,5009,2026-09-22 09:00:00
110963,PO,2,APPROVE,5013,2026-09-22 15:16:00
110964,PO,0,SUBMIT,5025,2026-08-10 09:00:00
110964,PO,2,APPROVE,5013,2026-08-10 15:02:00
110965,PO,0,SUBMIT,5004,2026-07-30 06:05:00
110965,PO,2,APPROVE,5034,2026-07-30 08:05:00
110966,PO,0,SUBMIT,5002,2026-09-01 08:20:00
110966,PO,1,FORWARD,5999,2026-09-01 08:50:00
110966,PO,2,APPROVE,5024,2026-09-01 10:20:00
110967,PO,0,SUBMIT,5030,2026-09-13 08:09:00
110967,PO,2,APPROVE,5020,2026-09-13 10:09:00
110968,PO,0,SUBMIT,5003,2026-09-07 09:00:00
110968,PO,2,APPROVE,5013,2026-09-07 16:38:00
110969,PO,0,SUBMIT,5009,2026-07-08 06:30:00
110969,PO,2,APPROVE,5034,2026-07-08 08:30:00
110970,PO,0,SUBMIT,5001,2026-09-21 09:00:00
110970,PO,2,APPROVE,5008,2026-09-21 16:49:00
110971,PO,0,SUBMIT,5005,2026-09-14 09:00:00
110971,PO,2,APPROVE,5019,2026-09-14 14:08:00
110972,PO,0,SUBMIT,5033,2026-07-20 09:00:00
110972,PO,2,APPROVE,5013,2026-07-20 11:19:00
110973,PO,0,SUBMIT,5001,2026-07-23 08:36:00
110973,PO,1,FORWARD,5999,2026-07-23 09:06:00
110973,PO,2,APPROVE,5019,2026-07-23 10:36:00
110974,PO,0,SUBMIT,5035,2026-09-01 09:00:00
110974,PO,2,APPROVE,5019,2026-09-01 16:44:00
110975,PO,0,SUBMIT,5017,2026-08-04 09:00:00
110975,PO,2,APPROVE,5034,2026-08-04 12:03:00
110976,PO,0,SUBMIT,5029,2026-08-31 07:36:00
110976,PO,2,APPROVE,5019,2026-08-31 09:36:00
110977,PO,0,SUBMIT,5032,2026-08-11 09:00:00
110977,PO,2,APPROVE,5008,2026-08-11 14:26:00
110978,PO,0,SUBMIT,5011,2026-09-08 09:00:00
110978,PO,2,APPROVE,5034,2026-09-08 14:26:00
110979,PO,0,SUBMIT,5032,2026-08-06 09:00:00
110979,PO,2,APPROVE,5024,2026-08-06 14:50:00
110980,PO,0,SUBMIT,5035,2026-08-25 09:00:00
110980,PO,1,FORWARD,5999,2026-08-25 09:30:00
110980,PO,2,APPROVE,5015,2026-08-25 16:08:00
110981,PO,0,SUBMIT,5032,2026-07-19 08:05:00
110981,PO,2,APPROVE,5006,2026-07-19 10:05:00
110982,PO,0,SUBMIT,5033,2026-09-14 09:00:00
110982,PO,2,APPROVE,5015,2026-09-14 12:56:00
110983,PO,0,SUBMIT,5028,2026-07-27 09:00:00
110983,PO,2,APPROVE,5024,2026-07-27 13:33:00
110984,PO,0,SUBMIT,5004,2026-09-02 09:00:00
110984,PO,2,APPROVE,5034,2026-09-02 14:34:00
110985,PO,0,SUBMIT,5002,2026-07-20 09:00:00
110985,PO,2,APPROVE,5039,2026-07-20 14:07:00
110986,PO,0,SUBMIT,5025,2026-09-30 09:00:00
110986,PO,2,APPROVE,5013,2026-09-30 13:22:00
110987,PO,0,SUBMIT,5029,2026-08-23 09:00:00
110987,PO,1,FORWARD,5999,2026-08-23 09:30:00
110987,PO,2,APPROVE,5013,2026-08-23 15:56:00
110988,PO,0,SUBMIT,5004,2026-07-27 06:23:00
110988,PO,2,APPROVE,5006,2026-07-27 08:23:00
110989,PO,0,SUBMIT,5028,2026-07-02 06:50:00
110989,PO,2,APPROVE,5013,2026-07-02 08:50:00
110990,PO,0,SUBMIT,5032,2026-07-15 09:00:00
110990,PO,2,APPROVE,5019,2026-07-15 15:54:00
110991,PO,0,SUBMIT,5026,2026-07-15 07:24:00
110991,PO,2,APPROVE,5036,2026-07-15 09:24:00
110992,PO,0,SUBMIT,5011,2026-09-02 09:00:00
110992,PO,2,APPROVE,5019,2026-09-02 14:50:00
110993,PO,0,SUBMIT,5028,2026-09-07 09:00:00
110993,PO,2,APPROVE,5036,2026-09-07 16:08:00
110994,PO,0,SUBMIT,5032,2026-08-27 08:20:00
110994,PO,1,FORWARD,5999,2026-08-27 08:50:00
110994,PO,2,APPROVE,5015,2026-08-27 10:20:00
110995,PO,0,SUBMIT,5002,2026-08-31 08:01:00
110995,PO,2,APPROVE,5034,2026-08-31 10:01:00
110996,PO,0,SUBMIT,5026,2026-07-13 09:00:00
110996,PO,2,APPROVE,5021,2026-07-13 13:26:00
110997,PO,0,SUBMIT,5025,2026-09-02 09:00:00
110997,PO,2,APPROVE,5020,2026-09-02 13:52:00
110998,PO,0,SUBMIT,5014,2026-09-23 08:01:00
110998,PO,2,APPROVE,5024,2026-09-23 10:01:00
110999,PO,0,SUBMIT,5026,2026-09-16 06:28:00
110999,PO,2,APPROVE,5008,2026-09-16 08:28:00
111000,PO,0,SUBMIT,5018,2026-09-06 09:00:00
111000,PO,2,APPROVE,5019,2026-09-06 16:16:00
111001,PO,0,SUBMIT,5038,2026-07-07 07:09:00
111001,PO,1,FORWARD,5999,2026-07-07 07:39:00
111001,PO,2,APPROVE,5020,2026-07-07 09:09:00
111002,PO,0,SUBMIT,5038,2026-08-17 09:00:00
111002,PO,2,APPROVE,5006,2026-08-17 11:32:00
111003,PO,0,SUBMIT,5012,2026-09-14 09:00:00
111003,PO,2,APPROVE,5013,2026-09-14 11:23:00
111004,PO,0,SUBMIT,5014,2026-09-27 07:37:00
111004,PO,2,APPROVE,5013,2026-09-27 09:37:00
111005,PO,0,SUBMIT,5033,2026-09-09 09:00:00
111005,PO,2,APPROVE,5034,2026-09-09 11:41:00
111006,PO,0,SUBMIT,5033,2026-09-06 09:00:00
111006,PO,2,APPROVE,5013,2026-09-06 12:15:00
111007,PO,0,SUBMIT,5014,2026-07-26 09:00:00
111007,PO,2,APPROVE,5013,2026-07-26 14:08:00
111008,PO,0,SUBMIT,5009,2026-08-18 07:38:00
111008,PO,1,FORWARD,5999,2026-08-18 08:08:00
111008,PO,2,APPROVE,5022,2026-08-18 09:38:00
111009,PO,0,SUBMIT,5004,2026-08-23 08:40:00
111009,PO,2,APPROVE,5023,2026-08-23 10:40:00
111010,PO,0,SUBMIT,5027,2026-08-11 09:00:00
111010,PO,2,APPROVE,5022,2026-08-11 13:16:00
111011,PO,0,SUBMIT,5004,2026-09-03 07:07:00
111011,PO,2,APPROVE,5040,2026-09-03 09:07:00
111012,PO,0,SUBMIT,5028,2026-08-06 09:00:00
111012,PO,2,APPROVE,5020,2026-08-06 15:43:00
111013,PO,0,SUBMIT,5007,2026-07-13 06:10:00
111013,PO,2,APPROVE,5024,2026-07-13 08:10:00
111014,PO,0,SUBMIT,5026,2026-08-05 09:00:00
111014,PO,2,APPROVE,5021,2026-08-05 13:08:00
111015,PO,0,SUBMIT,5001,2026-07-22 09:00:00
111015,PO,1,FORWARD,5999,2026-07-22 09:30:00
111015,PO,2,APPROVE,5024,2026-07-22 15:38:00
111016,PO,0,SUBMIT,5005,2026-08-24 09:00:00
111016,PO,2,APPROVE,5040,2026-08-24 11:37:00
111017,PO,0,SUBMIT,5025,2026-08-11 09:00:00
111017,PO,2,APPROVE,5039,2026-08-11 14:40:00
111018,PO,0,SUBMIT,5033,2026-08-17 09:00:00
111018,PO,2,APPROVE,5013,2026-08-17 11:28:00
111019,PO,0,SUBMIT,5011,2026-07-21 09:00:00
111019,PO,2,APPROVE,5019,2026-07-21 13:59:00
111020,PO,0,SUBMIT,5025,2026-08-23 09:00:00
111020,PO,2,APPROVE,5015,2026-08-23 11:39:00
111021,PO,0,SUBMIT,5037,2026-08-11 06:02:00
111021,PO,2,APPROVE,5040,2026-08-11 08:02:00
111022,PO,0,SUBMIT,5027,2026-07-16 09:00:00
111022,PO,1,FORWARD,5999,2026-07-16 09:30:00
111022,PO,2,APPROVE,5039,2026-07-16 14:06:00
111023,PO,0,SUBMIT,5011,2026-07-22 09:00:00
111023,PO,2,APPROVE,5019,2026-07-22 12:54:00
111024,PO,0,SUBMIT,5017,2026-08-04 09:00:00
111024,PO,2,APPROVE,5013,2026-08-04 14:31:00
111025,PO,0,SUBMIT,5007,2026-08-25 09:00:00
111025,PO,2,APPROVE,5022,2026-08-25 15:38:00
111026,PO,0,SUBMIT,5037,2026-08-18 09:00:00
111026,PO,2,APPROVE,5023,2026-08-18 13:54:00
111027,PO,0,SUBMIT,5027,2026-09-29 09:00:00
111027,PO,2,APPROVE,5036,2026-09-29 16:25:00
111028,PO,0,SUBMIT,5003,2026-09-02 09:00:00
111028,PO,2,APPROVE,5039,2026-09-02 11:34:00
111029,PO,0,SUBMIT,5002,2026-07-22 09:00:00
111029,PO,1,FORWARD,5999,2026-07-22 09:30:00
111029,PO,2,APPROVE,5034,2026-07-22 13:10:00
111030,PO,0,SUBMIT,5025,2026-09-06 08:56:00
111030,PO,2,APPROVE,5013,2026-09-06 10:56:00
111031,PO,0,SUBMIT,5003,2026-07-21 07:08:00
111031,PO,2,APPROVE,5040,2026-07-21 09:08:00
111032,PO,0,SUBMIT,5009,2026-09-29 09:00:00
111032,PO,2,APPROVE,5021,2026-09-29 11:50:00
111033,PO,0,SUBMIT,5007,2026-08-12 09:00:00
111033,PO,2,APPROVE,5039,2026-08-12 11:44:00
111034,PO,0,SUBMIT,5025,2026-09-28 09:00:00
111034,PO,2,APPROVE,5020,2026-09-28 13:05:00
111035,PO,0,SUBMIT,5002,2026-08-24 08:35:00
111035,PO,2,APPROVE,5036,2026-08-24 10:35:00
111036,PO,0,SUBMIT,5005,2026-07-13 08:54:00
111036,PO,1,FORWARD,5999,2026-07-13 09:24:00
111036,PO,2,APPROVE,5023,2026-07-13 10:54:00
111037,PO,0,SUBMIT,5028,2026-07-06 09:00:00
111037,PO,2,APPROVE,5034,2026-07-06 15:05:00
111038,PO,0,SUBMIT,5009,2026-07-05 09:00:00
111038,PO,2,APPROVE,5015,2026-07-05 11:00:00
111039,PO,0,SUBMIT,5033,2026-08-13 07:53:00
111039,PO,2,APPROVE,5021,2026-08-13 09:53:00
111040,PO,0,SUBMIT,5035,2026-07-30 06:14:00
111040,PO,2,APPROVE,5024,2026-07-30 08:14:00
111041,PO,0,SUBMIT,5016,2026-07-09 09:00:00
111041,PO,2,APPROVE,5021,2026-07-09 15:50:00
111042,PO,0,SUBMIT,5028,2026-08-18 09:00:00
111042,PO,2,APPROVE,5019,2026-08-18 13:14:00
111043,PO,0,SUBMIT,5005,2026-08-18 06:21:00
111043,PO,1,FORWARD,5999,2026-08-18 06:51:00
111043,PO,2,APPROVE,5015,2026-08-18 08:21:00
111044,PO,0,SUBMIT,5012,2026-08-10 09:00:00
111044,PO,2,APPROVE,5013,2026-08-10 14:18:00
111045,PO,0,SUBMIT,5007,2026-07-16 06:23:00
111045,PO,2,APPROVE,5015,2026-07-16 08:23:00
111046,PO,0,SUBMIT,5004,2026-09-21 09:00:00
111046,PO,2,APPROVE,5034,2026-09-21 15:15:00
111047,PO,0,SUBMIT,5029,2026-09-16 09:00:00
111047,PO,2,APPROVE,5040,2026-09-16 15:58:00
111048,PO,0,SUBMIT,5004,2026-07-12 07:27:00
111048,PO,2,APPROVE,5039,2026-07-12 09:27:00
111049,PO,0,SUBMIT,5025,2026-08-13 08:36:00
111049,PO,2,APPROVE,5034,2026-08-13 10:36:00
111050,PO,0,SUBMIT,5001,2026-07-15 09:00:00
111050,PO,1,FORWARD,5999,2026-07-15 09:30:00
111050,PO,2,APPROVE,5006,2026-07-15 14:03:00
111051,PO,0,SUBMIT,5038,2026-08-23 09:00:00
111051,PO,2,APPROVE,5022,2026-08-23 13:54:00
111052,PO,0,SUBMIT,5012,2026-09-07 07:25:00
111052,PO,2,APPROVE,5024,2026-09-07 09:25:00
111053,PO,0,SUBMIT,5001,2026-07-29 09:00:00
111053,PO,2,APPROVE,5034,2026-07-29 15:29:00
111054,PO,0,SUBMIT,5012,2026-09-24 09:00:00
111054,PO,2,APPROVE,5024,2026-09-24 15:54:00
111055,PO,0,SUBMIT,5010,2026-07-28 09:00:00
111055,PO,2,APPROVE,5013,2026-07-28 11:02:00
111056,PO,0,SUBMIT,5003,2026-08-18 09:00:00
111056,PO,2,APPROVE,5039,2026-08-18 16:07:00
111057,PO,0,SUBMIT,5038,2026-08-25 09:00:00
111057,PO,1,FORWARD,5999,2026-08-25 09:30:00
111057,PO,2,APPROVE,5023,2026-08-25 11:51:00
111058,PO,0,SUBMIT,5038,2026-08-24 09:00:00
111058,PO,2,APPROVE,5019,2026-08-24 13:38:00
111059,PO,0,SUBMIT,5004,2026-09-24 08:59:00
111059,PO,2,APPROVE,5023,2026-09-24 10:59:00
111060,PO,0,SUBMIT,5012,2026-08-13 09:00:00
111060,PO,2,APPROVE,5023,2026-08-13 13:10:00
111061,PO,0,SUBMIT,5027,2026-08-31 09:00:00
111061,PO,2,APPROVE,5023,2026-08-31 11:52:00
111062,PO,0,SUBMIT,5010,2026-09-09 09:00:00
111062,PO,2,APPROVE,5040,2026-09-09 13:08:00
111063,PO,0,SUBMIT,5032,2026-07-22 09:00:00
111063,PO,2,APPROVE,5024,2026-07-22 12:35:00
111064,PO,0,SUBMIT,5025,2026-08-20 08:09:00
111064,PO,1,FORWARD,5999,2026-08-20 08:39:00
111064,PO,2,APPROVE,5034,2026-08-20 10:09:00
111065,PO,0,SUBMIT,5007,2026-08-05 07:36:00
111065,PO,2,APPROVE,5013,2026-08-05 09:36:00
111066,PO,0,SUBMIT,5038,2026-07-22 09:00:00
111066,PO,2,APPROVE,5019,2026-07-22 14:58:00
111067,PO,0,SUBMIT,5001,2026-09-15 09:00:00
111067,PO,2,APPROVE,5039,2026-09-15 13:36:00
111068,PO,0,SUBMIT,5004,2026-07-09 09:00:00
111068,PO,2,APPROVE,5022,2026-07-09 15:15:00
111069,PO,0,SUBMIT,5011,2026-09-15 09:00:00
111069,PO,2,APPROVE,5015,2026-09-15 13:53:00
111070,PO,0,SUBMIT,5002,2026-09-13 08:41:00
111070,PO,2,APPROVE,5020,2026-09-13 10:41:00
111071,PO,0,SUBMIT,5002,2026-09-08 08:51:00
111071,PO,1,FORWARD,5999,2026-09-08 09:21:00
111071,PO,2,APPROVE,5036,2026-09-08 10:51:00
111072,PO,0,SUBMIT,5003,2026-09-15 07:09:00
111072,PO,2,APPROVE,5022,2026-09-15 09:09:00
111073,PO,0,SUBMIT,5032,2026-08-27 09:00:00
111073,PO,2,APPROVE,5013,2026-08-27 11:49:00
111074,PO,0,SUBMIT,5025,2026-07-05 09:00:00
111074,PO,2,APPROVE,5023,2026-07-05 11:41:00
111075,PO,0,SUBMIT,5010,2026-09-24 09:00:00
111075,PO,2,APPROVE,5008,2026-09-24 13:14:00
111076,PO,0,SUBMIT,5002,2026-07-15 07:26:00
111076,PO,2,APPROVE,5019,2026-07-15 09:26:00
111077,PO,0,SUBMIT,5001,2026-07-21 08:20:00
111077,PO,2,APPROVE,5040,2026-07-21 10:20:00
111078,PO,0,SUBMIT,5010,2026-09-01 09:00:00
111078,PO,1,FORWARD,5999,2026-09-01 09:30:00
111078,PO,2,APPROVE,5008,2026-09-01 15:04:00
111079,PO,0,SUBMIT,5005,2026-07-02 08:45:00
111079,PO,2,APPROVE,5024,2026-07-02 10:45:00
111080,PO,0,SUBMIT,5038,2026-08-23 09:00:00
111080,PO,2,APPROVE,5021,2026-08-23 14:43:00
111081,PO,0,SUBMIT,5029,2026-07-22 06:08:00
111081,PO,2,APPROVE,5024,2026-07-22 08:08:00
111082,PO,0,SUBMIT,5002,2026-09-21 09:00:00
111082,PO,2,APPROVE,5023,2026-09-21 13:21:00
111083,PO,0,SUBMIT,5009,2026-08-03 09:00:00
111083,PO,2,APPROVE,5013,2026-08-03 11:24:00
111084,PO,0,SUBMIT,5003,2026-08-13 09:00:00
111084,PO,2,APPROVE,5013,2026-08-13 12:07:00
111085,PO,0,SUBMIT,5012,2026-09-16 07:06:00
111085,PO,1,FORWARD,5999,2026-09-16 07:36:00
111085,PO,2,APPROVE,5019,2026-09-16 09:06:00
111086,PO,0,SUBMIT,5005,2026-08-10 09:00:00
111086,PO,2,APPROVE,5006,2026-08-10 11:51:00
111087,PO,0,SUBMIT,5032,2026-07-26 06:35:00
111087,PO,2,APPROVE,5020,2026-07-26 08:35:00
111088,PO,0,SUBMIT,5016,2026-09-27 09:00:00
111088,PO,2,APPROVE,5034,2026-09-27 15:14:00
111089,PO,0,SUBMIT,5004,2026-08-20 09:00:00
111089,PO,2,APPROVE,5019,2026-08-20 13:34:00
111090,PO,0,SUBMIT,5033,2026-08-05 09:00:00
111090,PO,2,APPROVE,5013,2026-08-05 13:26:00
111091,PO,0,SUBMIT,5011,2026-07-14 07:38:00
111091,PO,2,APPROVE,5024,2026-07-14 09:38:00
111092,PO,0,SUBMIT,5038,2026-08-12 08:10:00
111092,PO,1,FORWARD,5999,2026-08-12 08:40:00
111092,PO,2,APPROVE,5013,2026-08-12 10:10:00
111093,PO,0,SUBMIT,5038,2026-08-23 09:00:00
111093,PO,2,APPROVE,5021,2026-08-23 11:16:00
111094,PO,0,SUBMIT,5033,2026-07-16 09:00:00
111094,PO,2,APPROVE,5022,2026-07-16 14:47:00
111095,PO,0,SUBMIT,5029,2026-09-07 09:00:00
111095,PO,2,APPROVE,5013,2026-09-07 15:01:00
111096,PO,0,SUBMIT,5010,2026-08-31 09:00:00
111096,PO,2,APPROVE,5024,2026-08-31 12:24:00
111097,PO,0,SUBMIT,5026,2026-09-20 09:00:00
111097,PO,2,APPROVE,5021,2026-09-20 15:04:00
111098,PO,0,SUBMIT,5037,2026-09-24 09:00:00
111098,PO,2,APPROVE,5013,2026-09-24 13:21:00
111099,PO,0,SUBMIT,5010,2026-08-11 07:26:00
111099,PO,1,FORWARD,5999,2026-08-11 07:56:00
111099,PO,2,APPROVE,5024,2026-08-11 09:26:00
111100,PO,0,SUBMIT,5017,2026-07-22 06:22:00
111100,PO,2,APPROVE,5008,2026-07-22 08:22:00
111101,PO,0,SUBMIT,5017,2026-07-26 09:00:00
111101,PO,2,APPROVE,5021,2026-07-26 16:58:00
111102,PO,0,SUBMIT,5017,2026-07-26 08:47:00
111102,PO,2,APPROVE,5006,2026-07-26 10:47:00
111103,PO,0,SUBMIT,5025,2026-09-16 09:00:00
111103,PO,2,APPROVE,5040,2026-09-16 11:21:00
111104,PO,0,SUBMIT,5025,2026-09-20 09:00:00
111104,PO,2,APPROVE,5024,2026-09-20 13:32:00
111105,PO,0,SUBMIT,5025,2026-09-20 09:00:00
111105,PO,2,APPROVE,5040,2026-09-20 11:50:00
111106,PO,0,SUBMIT,5017,2026-08-03 07:38:00
111106,PO,1,FORWARD,5999,2026-08-03 08:08:00
111106,PO,2,APPROVE,5008,2026-08-03 09:38:00
111107,PO,0,SUBMIT,5018,2026-08-17 09:00:00
111107,PO,2,APPROVE,5021,2026-08-17 11:30:00
111108,PO,0,SUBMIT,5035,2026-07-30 07:13:00
111108,PO,2,APPROVE,5015,2026-07-30 09:13:00
111109,PO,0,SUBMIT,5035,2026-09-13 09:00:00
111109,PO,2,APPROVE,5019,2026-09-13 13:36:00
111110,PO,0,SUBMIT,5032,2026-09-08 09:00:00
111110,PO,2,APPROVE,5015,2026-09-08 11:05:00
111111,PO,0,SUBMIT,5029,2026-08-17 09:00:00
111111,PO,2,APPROVE,5020,2026-08-17 15:24:00
111112,PO,0,SUBMIT,5010,2026-08-04 09:00:00
111112,PO,2,APPROVE,5034,2026-08-04 16:50:00
111113,PO,0,SUBMIT,5007,2026-07-14 09:00:00
111113,PO,1,FORWARD,5999,2026-07-14 09:30:00
111113,PO,2,APPROVE,5019,2026-07-14 12:09:00
111114,PO,0,SUBMIT,5015,2026-07-21 09:00:00
111114,PO,2,APPROVE,5015,2026-07-21 16:26:00
111115,PO,0,SUBMIT,5023,2026-09-10 09:00:00
111115,PO,2,APPROVE,5023,2026-09-10 15:21:00
111116,PO,0,SUBMIT,5038,2026-08-30 09:00:00
111116,PO,2,APPROVE,5039,2026-08-30 23:07:00
111117,PO,0,SUBMIT,5038,2026-08-05 09:00:00
111117,PO,2,APPROVE,5023,2026-08-05 23:55:00
111118,PO,0,SUBMIT,5004,2026-07-20 09:00:00
111118,PO,2,APPROVE,5034,2026-07-24 13:05:00
111119,PO,0,SUBMIT,5004,2026-07-08 09:00:00
111119,PO,2,APPROVE,5006,2026-07-08 14:22:00
111120,PO,0,SUBMIT,5004,2026-07-05 07:48:00
111120,PO,1,FORWARD,5999,2026-07-05 08:18:00
111120,PO,2,APPROVE,5024,2026-07-05 09:48:00
111121,PO,0,SUBMIT,5007,2026-09-06 09:00:00
111121,PO,2,APPROVE,5036,2026-09-06 11:22:00
111122,PO,0,SUBMIT,5007,2026-09-28 07:21:00
111122,PO,2,APPROVE,5006,2026-09-28 09:21:00
111123,PO,0,SUBMIT,5012,2026-08-27 09:00:00
111123,PO,2,APPROVE,5006,2026-08-27 14:52:00
